-12,-16,-13,-14,10,535,639,463,207,409,287,62,-28,-27,117,289,130,44,-41,-50,-64,-67,-64,-67,-64,-63,-61,-60,-63,-61,-59,-60,-64,-59,-58,-55,-57,-58,-55,-56,-57,-54,-51,-52,-53,-51,-53,-51,-46,-49
-13,-14,-17,-14,14,554,653,470,211,420,302,63,-28,-26,117,271,113,34,-45,-57,-70,-69,-65,-68,-72,-65,-61,-69,-63,-64,-65,-60,-65,-60,-57,-52,-61,-62,-60,-57,-57,-55,-51,-50,-52,-50,-51,-51,-50,-50
-15,-13,-11,-13,18,602,693,481,220,422,326,81,-26,-28,110,190,70,-9,-58,-56,-67,-58,-61,-66,-69,-60,-62,-64,-60,-60,-59,-61,-60,-61,-57,-55,-57,-57,-55,-55,-53,-53,-53,-50,-53,-50,-48,-50,-47,-49
-14,-16,-10,-12,22,658,730,484,217,395,357,92,-21,-41,101,98,38,-23,-59,-35,-58,-62,-59,-67,-69,-62,-61,-64,-65,-65,-59,-62,-61,-59,-57,-56,-57,-58,-57,-53,-56,-54,-52,-51,-49,-54,-50,-48,-45,-48
-12,-12,-11,-12,23,691,750,497,225,390,368,95,-19,-38,106,101,39,-8,-54,-35,-56,-64,-59,-69,-69,-64,-61,-64,-64,-64,-62,-62,-64,-61,-57,-58,-60,-59,-57,-57,-54,-52,-55,-51,-54,-55,-52,-53,-48,-49
-17,-15,-12,-13,19,675,741,495,222,390,356,88,-21,-41,102,106,38,-16,-55,-33,-57,-65,-60,-70,-70,-67,-64,-65,-69,-67,-65,-66,-65,-61,-59,-58,-62,-62,-57,-55,-56,-56,-54,-54,-53,-52,-54,-53,-50,-52
-13,-13,-13,-14,23,680,747,497,222,387,351,90,-18,-37,105,113,40,-6,-47,-30,-50,-62,-57,-69,-70,-64,-61,-63,-66,-66,-60,-59,-61,-59,-56,-57,-59,-59,-55,-54,-54,-56,-53,-51,-50,-53,-51,-51,-47,-48
-17,-19,-15,-15,24,697,758,498,224,371,356,90,-21,-40,113,114,40,4,-47,-31,-50,-67,-61,-70,-72,-69,-64,-67,-68,-67,-63,-65,-65,-63,-61,-61,-64,-61,-59,-57,-59,-60,-54,-53,-54,-57,-55,-53,-52,-53
-12,-16,-12,-13,26,710,769,497,224,347,355,89,-20,-34,135,133,38,21,-45,-39,-47,-59,-63,-70,-75,-70,-63,-64,-67,-65,-65,-65,-65,-59,-57,-58,-61,-61,-59,-55,-58,-58,-56,-52,-56,-55,-55,-53,-48,-53
-15,-17,-12,-15,27,745,792,504,224,333,378,91,-25,-15,179,148,39,23,-48,-52,-53,-65,-66,-67,-75,-69,-66,-64,-68,-66,-66,-65,-67,-63,-62,-60,-62,-62,-58,-57,-61,-57,-56,-57,-54,-57,-50,-53,-54,-50
-17,-18,-18,-15,27,757,808,511,223,304,372,90,-29,-4,207,155,32,5,-51,-51,-54,-66,-58,-58,-74,-70,-67,-64,-74,-73,-66,-66,-67,-66,-64,-64,-64,-60,-62,-63,-60,-59,-57,-58,-56,-57,-58,-57,-54,-52
-12,-13,-12,-11,26,784,827,509,228,278,384,92,-35,10,213,121,18,-21,-55,-48,-60,-65,-55,-52,-66,-67,-66,-67,-71,-64,-65,-67,-64,-65,-62,-61,-64,-63,-59,-59,-60,-57,-55,-54,-56,-55,-55,-53,-53,-54
-16,-15,-12,-14,27,795,835,508,227,275,390,96,-39,8,208,108,14,-31,-53,-47,-59,-68,-50,-47,-68,-67,-66,-68,-71,-68,-64,-65,-65,-64,-62,-63,-64,-64,-60,-59,-57,-59,-59,-54,-55,-55,-56,-55,-53,-53
-13,-15,-13,-15,29,808,846,509,227,264,400,97,-39,3,175,73,4,-46,-55,-48,-60,-70,-49,-51,-64,-66,-69,-69,-73,-68,-67,-67,-70,-64,-61,-62,-67,-64,-64,-62,-61,-57,-54,-57,-57,-56,-54,-55,-55,-54
-12,-13,-13,-15,28,830,855,509,230,259,417,103,-43,-4,138,34,-4,-49,-42,-38,-58,-66,-53,-55,-65,-66,-64,-66,-66,-66,-63,-62,-63,-62,-60,-57,-62,-58,-58,-59,-57,-56,-54,-51,-50,-53,-53,-52,-51,-54
-13,-13,-13,-14,29,853,874,507,232,233,429,104,-45,-8,58,-19,-6,-33,-11,-28,-60,-65,-63,-69,-67,-65,-62,-67,-69,-64,-61,-60,-63,-58,-57,-57,-59,-59,-56,-57,-55,-56,-53,-51,-56,-53,-52,-50,-49,-48
-16,-16,-16,-17,26,850,868,501,222,214,421,96,-47,-17,52,-17,-13,-36,-12,-33,-60,-69,-66,-71,-74,-67,-66,-65,-67,-65,-65,-64,-63,-61,-60,-57,-60,-60,-56,-55,-58,-55,-55,-53,-56,-56,-56,-52,-51,-50
-18,-16,-16,-15,25,765,814,509,228,322,372,89,-27,-24,190,166,41,17,-46,-43,-52,-68,-68,-72,-75,-70,-69,-69,-71,-72,-69,-67,-69,-66,-62,-60,-68,-64,-62,-60,-62,-61,-60,-57,-58,-59,-57,-55,-53,-54
-15,-11,-11,-11,18,618,706,485,224,405,305,68,-26,-23,146,251,84,-13,-54,-45,-68,-62,-59,-70,-70,-62,-63,-63,-63,-63,-60,-63,-64,-58,-55,-54,-57,-59,-57,-55,-55,-55,-52,-53,-52,-53,-50,-49,-48,-50
-19,-12,-14,-17,15,561,661,472,218,415,296,63,-26,-24,129,292,118,29,-47,-53,-72,-69,-69,-71,-75,-65,-63,-67,-66,-64,-64,-64,-64,-63,-59,-57,-58,-60,-56,-57,-57,-58,-55,-54,-55,-53,-51,-51,-51,-51
-12,-13,-13,-13,19,583,678,482,213,405,301,68,-26,-19,143,268,95,-2,-54,-45,-66,-65,-61,-63,-68,-62,-58,-65,-63,-64,-61,-62,-62,-58,-57,-56,-57,-58,-59,-54,-55,-56,-52,-49,-52,-51,-51,-48,-47,-49
-15,-14,-13,-19,17,615,704,485,221,407,324,74,-27,-25,126,204,68,-24,-58,-45,-71,-63,-62,-70,-75,-61,-62,-68,-69,-68,-62,-62,-67,-62,-58,-56,-59,-60,-59,-57,-58,-54,-51,-54,-51,-51,-52,-51,-51,-48
-15,-18,-14,-16,24,684,749,499,225,390,362,90,-23,-39,111,111,44,-7,-51,-34,-53,-62,-59,-71,-75,-69,-65,-69,-68,-65,-62,-65,-64,-62,-63,-59,-60,-62,-58,-61,-55,-57,-56,-54,-54,-52,-52,-51,-52,-50
-12,-13,-15,-12,26,725,784,508,227,374,394,99,-23,-31,161,138,44,19,-45,-44,-54,-64,-64,-73,-74,-69,-67,-67,-71,-68,-65,-68,-68,-63,-59,-59,-60,-62,-61,-59,-61,-58,-57,-55,-56,-55,-54,-52,-54,-53
-12,-14,-12,-14,25,721,777,499,218,373,382,96,-28,-33,155,139,45,15,-42,-43,-52,-62,-64,-74,-74,-71,-66,-66,-70,-69,-66,-67,-64,-61,-62,-58,-62,-60,-61,-58,-56,-57,-56,-56,-58,-54,-55,-52,-54,-52
-14,-14,-14,-13,25,708,771,506,223,376,377,93,-23,-36,141,139,48,13,-44,-32,-48,-64,-60,-72,-74,-67,-64,-66,-69,-66,-64,-66,-65,-64,-61,-58,-63,-62,-59,-57,-58,-57,-55,-55,-54,-54,-52,-51,-52,-51
-12,-14,-12,-13,28,719,784,501,219,362,375,95,-23,-36,162,153,50,16,-41,-33,-45,-63,-62,-69,-73,-70,-66,-68,-65,-68,-66,-63,-68,-65,-62,-58,-64,-61,-56,-56,-56,-57,-55,-52,-57,-57,-54,-53,-52,-51
-12,-13,-16,-11,28,739,803,499,217,319,374,88,-29,-19,198,168,44,9,-46,-42,-47,-62,-65,-63,-74,-71,-69,-66,-71,-67,-64,-65,-66,-63,-59,-59,-62,-59,-59,-58,-59,-56,-54,-56,-56,-53,-54,-52,-53,-49
-13,-13,-14,-14,29,773,820,509,220,303,386,96,-35,8,234,160,34,-11,-51,-46,-58,-66,-50,-51,-69,-69,-67,-64,-69,-71,-67,-66,-67,-64,-63,-60,-63,-65,-61,-61,-59,-58,-58,-54,-57,-57,-55,-54,-55,-52
-13,-14,-14,-14,28,784,833,505,224,285,393,96,-37,14,230,140,25,-30,-51,-44,-61,-65,-45,-48,-68,-67,-67,-68,-72,-68,-65,-68,-66,-62,-63,-63,-65,-63,-62,-60,-60,-58,-55,-56,-55,-59,-56,-53,-53,-54
-13,-11,-12,-13,26,795,839,512,220,272,393,96,-35,16,226,128,17,-37,-47,-38,-59,-64,-46,-52,-68,-70,-67,-68,-74,-68,-63,-66,-65,-64,-60,-62,-61,-65,-59,-61,-55,-58,-53,-55,-54,-56,-54,-53,-54,-51
-14,-14,-16,-17,27,815,847,506,217,254,399,95,-42,6,179,79,0,-53,-41,-34,-57,-68,-53,-56,-68,-65,-65,-68,-70,-66,-64,-63,-66,-58,-59,-60,-61,-61,-61,-55,-54,-56,-55,-54,-55,-57,-55,-55,-53,-50
-18,-16,-15,-15,28,820,852,510,218,252,401,95,-43,6,167,75,-2,-55,-35,-33,-62,-67,-53,-57,-72,-69,-67,-72,-69,-70,-64,-67,-65,-66,-62,-63,-63,-65,-60,-57,-60,-57,-55,-56,-57,-60,-54,-53,-54,-55
-14,-12,-13,-13,28,837,864,513,223,241,405,100,-44,-6,128,37,-6,-48,-21,-21,-53,-64,-56,-59,-66,-65,-62,-65,-69,-65,-61,-61,-64,-60,-61,-56,-61,-61,-55,-57,-55,-57,-55,-53,-56,-54,-52,-51,-50,-50
-14,-14,-15,-13,29,850,874,510,226,238,420,101,-44,-17,85,7,-7,-44,-9,-23,-55,-64,-62,-64,-68,-65,-64,-66,-66,-62,-63,-62,-62,-62,-58,-56,-59,-59,-61,-55,-57,-56,-53,-53,-53,-55,-50,-50,-51,-49
-14,-13,-12,-13,34,866,882,508,224,213,423,105,-48,-9,60,-10,-6,-21,1,-29,-58,-68,-62,-69,-71,-62,-60,-64,-67,-63,-59,-61,-63,-59,-56,-56,-58,-60,-56,-54,-54,-56,-52,-49,-52,-55,-49,-48,-51,-50
-11,-14,-13,-14,33,871,887,507,224,217,426,103,-47,-8,60,-6,-6,-23,4,-30,-61,-65,-63,-67,-70,-62,-61,-62,-68,-60,-61,-59,-62,-57,-57,-57,-60,-60,-56,-54,-56,-56,-55,-53,-56,-53,-52,-49,-51,-50
-17,-12,-12,-18,26,751,814,515,225,336,359,83,-24,-30,183,189,48,18,-43,-33,-43,-64,-68,-71,-79,-74,-70,-69,-72,-71,-67,-67,-67,-68,-62,-60,-63,-65,-64,-62,-60,-59,-56,-58,-57,-58,-57,-55,-55,-52
-16,-17,-17,-16,15,574,678,478,209,401,291,51,-34,-11,164,309,109,-2,-54,-43,-70,-71,-63,-70,-71,-62,-64,-68,-69,-66,-67,-67,-65,-60,-58,-57,-61,-63,-61,-56,-57,-60,-55,-55,-53,-53,-50,-54,-50,-51
-14,-12,-15,-13,10,536,654,474,209,408,292,55,-32,-12,155,333,139,32,-45,-37,-63,-69,-61,-67,-66,-61,-61,-63,-61,-61,-60,-62,-65,-61,-57,-54,-59,-59,-54,-57,-55,-54,-53,-52,-53,-55,-51,-49,-49,-48
-12,-12,-17,-14,14,565,676,480,211,407,305,61,-32,-4,166,303,106,-6,-54,-44,-70,-66,-61,-68,-70,-63,-58,-62,-64,-66,-65,-62,-60,-63,-59,-57,-61,-59,-57,-55,-57,-54,-53,-53,-52,-53,-49,-52,-51,-51
-14,-14,-14,-15,15,601,703,491,212,406,317,66,-29,-12,153,237,75,-30,-57,-39,-69,-62,-62,-71,-74,-66,-66,-67,-68,-66,-64,-63,-66,-64,-63,-55,-61,-61,-58,-55,-58,-58,-53,-54,-55,-57,-54,-52,-51,-51
-12,-13,-13,-17,22,668,745,497,214,386,352,82,-24,-39,125,133,43,-9,-50,-24,-51,-63,-61,-73,-70,-65,-60,-62,-68,-64,-61,-64,-64,-62,-56,-58,-58,-61,-58,-57,-55,-53,-54,-50,-54,-56,-52,-51,-49,-49
-13,-17,-18,-18,20,726,781,508,221,362,381,95,-28,-30,174,156,50,18,-46,-41,-51,-65,-66,-75,-76,-73,-69,-65,-75,-72,-69,-68,-69,-69,-62,-61,-65,-63,-62,-61,-59,-60,-58,-58,-58,-57,-57,-53,-53,-55
-11,-13,-12,-12,27,727,787,507,222,373,391,98,-23,-30,176,157,52,20,-43,-40,-49,-61,-61,-72,-76,-68,-66,-63,-72,-69,-67,-68,-64,-65,-60,-57,-63,-61,-59,-60,-59,-57,-57,-56,-56,-55,-57,-52,-54,-53
-13,-12,-12,-14,25,723,788,510,223,373,380,94,-25,-35,164,154,47,16,-44,-38,-46,-63,-63,-70,-75,-68,-67,-64,-73,-70,-65,-66,-65,-64,-60,-58,-61,-62,-58,-57,-57,-61,-56,-56,-54,-57,-53,-54,-50,-52
-15,-14,-11,-13,25,735,793,506,221,354,383,94,-30,-29,181,161,46,16,-46,-44,-53,-63,-65,-71,-78,-69,-64,-66,-69,-70,-63,-66,-65,-64,-61,-59,-62,-60,-58,-57,-60,-60,-55,-55,-58,-55,-54,-51,-54,-54
-15,-13,-12,-13,27,753,813,511,223,332,388,95,-28,-13,220,176,49,9,-47,-41,-55,-61,-58,-62,-75,-69,-67,-65,-72,-70,-64,-69,-67,-64,-63,-62,-61,-63,-62,-59,-59,-61,-60,-55,-55,-58,-55,-53,-51,-52
-14,-17,-11,-13,25,764,821,509,221,315,395,99,-31,0,233,169,40,-6,-49,-46,-61,-66,-55,-54,-73,-67,-65,-65,-74,-72,-64,-65,-67,-65,-60,-63,-64,-62,-60,-57,-58,-57,-54,-59,-59,-58,-56,-55,-55,-53
-14,-13,-13,-10,30,791,838,511,222,299,406,100,-34,15,228,135,25,-33,-53,-47,-62,-62,-43,-53,-68,-67,-67,-67,-74,-68,-66,-65,-67,-66,-62,-62,-63,-63,-60,-59,-60,-59,-56,-56,-56,-58,-56,-53,-54,-54
-10,-13,-11,-12,29,804,850,511,220,291,418,104,-35,17,215,117,18,-42,-47,-41,-59,-65,-46,-49,-67,-68,-69,-68,-73,-69,-66,-67,-68,-64,-61,-60,-63,-62,-61,-59,-58,-60,-59,-55,-58,-58,-57,-53,-53,-54
-15,-16,-17,-17,26,814,849,505,211,264,417,97,-43,9,166,74,-3,-52,-40,-31,-60,-69,-54,-59,-72,-70,-67,-68,-74,-69,-64,-69,-68,-62,-62,-60,-64,-66,-60,-59,-58,-59,-58,-57,-55,-58,-59,-52,-54,-53
-15,-12,-12,-13,31,829,861,512,219,263,419,103,-40,6,146,56,1,-55,-25,-23,-55,-64,-55,-58,-68,-67,-64,-68,-71,-68,-64,-61,-64,-59,-58,-59,-60,-61,-57,-55,-55,-59,-55,-55,-57,-57,-54,-50,-52,-52
-16,-15,-12,-14,32,838,867,511,217,248,411,99,-42,-1,132,43,-6,-47,-13,-24,-53,-69,-58,-61,-64,-66,-64,-67,-68,-65,-64,-62,-65,-60,-57,-58,-62,-57,-56,-58,-58,-56,-53,-53,-51,-54,-52,-50,-50,-49
-14,-16,-13,-13,30,846,873,508,219,255,436,110,-44,-4,116,25,-8,-47,-15,-21,-54,-66,-58,-64,-70,-64,-64,-68,-67,-69,-62,-63,-64,-62,-59,-58,-61,-61,-59,-56,-57,-58,-55,-55,-53,-55,-50,-53,-50,-52
-17,-17,-17,-16,28,853,875,510,211,232,427,104,-45,-9,77,0,-13,-40,-9,-27,-56,-67,-62,-67,-69,-67,-67,-69,-71,-67,-65,-63,-66,-63,-60,-60,-63,-64,-58,-58,-58,-57,-54,-54,-56,-56,-55,-54,-53,-55
-14,-17,-16,-16,31,865,885,508,217,223,432,105,-47,-3,61,-5,-19,-29,-4,-34,-62,-66,-64,-72,-73,-64,-64,-67,-69,-65,-68,-63,-68,-61,-60,-58,-62,-59,-59,-55,-58,-56,-58,-52,-53,-57,-54,-52,-53,-50
-13,-13,-15,-15,30,828,858,509,220,263,408,102,-36,15,211,117,10,-48,-34,-32,-61,-64,-48,-53,-66,-66,-65,-67,-70,-69,-63,-66,-66,-62,-63,-61,-63,-62,-63,-58,-58,-54,-54,-51,-59,-57,-56,-53,-54,-53
-14,-15,-15,-17,18,639,723,488,211,389,313,59,-31,-16,159,231,73,-37,-57,-34,-66,-61,-62,-75,-72,-63,-64,-66,-67,-67,-67,-63,-65,-63,-60,-59,-62,-60,-59,-59,-60,-58,-55,-55,-56,-56,-56,-54,-52,-53
-14,-14,-13,-13,14,513,637,462,205,415,289,46,-33,-22,143,340,159,47,-40,-41,-60,-69,-64,-66,-70,-68,-61,-63,-64,-63,-63,-60,-65,-61,-59,-57,-58,-60,-55,-56,-58,-56,-56,-52,-52,-55,-52,-50,-49,-49
-12,-17,-14,-11,12,516,636,465,205,409,291,48,-34,-14,154,343,154,35,-44,-36,-60,-70,-63,-61,-69,-65,-61,-65,-63,-64,-61,-59,-63,-62,-57,-56,-58,-58,-57,-56,-55,-55,-53,-50,-52,-49,-49,-50,-50,-50
-14,-18,-13,-16,12,547,666,475,203,410,307,53,-35,-5,174,329,122,3,-47,-44,-72,-68,-60,-70,-71,-66,-63,-68,-64,-68,-64,-67,-64,-64,-62,-56,-64,-58,-58,-56,-59,-58,-53,-57,-56,-54,-56,-54,-53,-48
-17,-14,-13,-14,18,589,698,483,207,421,330,65,-32,-4,160,253,84,-22,-55,-45,-68,-59,-61,-71,-73,-65,-64,-67,-69,-66,-63,-65,-64,-62,-59,-59,-64,-62,-59,-59,-58,-57,-57,-54,-53,-57,-56,-55,-52,-53
-14,-17,-12,-12,24,654,746,496,212,404,358,85,-25,-26,145,153,58,-15,-44,-15,-47,-60,-55,-71,-70,-66,-61,-66,-69,-63,-62,-63,-64,-61,-59,-58,-62,-57,-56,-56,-56,-58,-52,-53,-54,-54,-54,-51,-49,-47
-15,-16,-16,-14,21,668,751,493,202,372,357,74,-33,-40,149,148,51,-3,-43,-29,-45,-64,-60,-71,-73,-66,-66,-62,-69,-66,-66,-65,-65,-63,-63,-60,-62,-62,-60,-57,-58,-57,-55,-52,-54,-55,-55,-52,-51,-53
-13,-14,-12,-12,23,646,745,494,206,392,351,73,-33,-14,163,177,64,-18,-42,-11,-45,-59,-52,-67,-74,-64,-64,-65,-68,-65,-64,-61,-63,-62,-57,-57,-59,-58,-59,-56,-59,-56,-55,-52,-49,-52,-52,-49,-54,-50
-14,-13,-11,-15,25,642,747,493,198,386,335,62,-32,-16,165,187,67,-16,-39,-10,-39,-60,-49,-68,-71,-68,-62,-66,-69,-67,-64,-64,-64,-60,-58,-58,-61,-59,-56,-56,-57,-54,-52,-52,-55,-54,-53,-50,-49,-52
-14,-13,-15,-13,23,672,763,495,199,363,337,71,-32,-40,166,183,60,2,-37,-21,-34,-58,-55,-66,-71,-66,-63,-65,-69,-66,-62,-62,-63,-61,-60,-58,-61,-61,-58,-56,-56,-55,-53,-53,-53,-54,-52,-51,-50,-48
-14,-11,-12,-13,23,707,783,502,201,340,352,80,-29,-32,209,206,62,3,-38,-31,-42,-61,-56,-62,-74,-67,-65,-62,-71,-68,-66,-65,-62,-65,-63,-58,-63,-62,-60,-60,-58,-59,-53,-54,-55,-55,-53,-51,-53,-51
-12,-13,-12,-15,25,725,801,503,200,311,347,79,-28,-13,246,215,56,-12,-43,-33,-51,-59,-49,-56,-71,-66,-66,-63,-70,-69,-64,-66,-64,-64,-60,-61,-64,-64,-61,-57,-59,-60,-57,-54,-54,-56,-56,-51,-50,-55
-13,-15,-13,-11,29,745,814,503,198,302,361,86,-32,11,261,210,47,-24,-44,-37,-57,-58,-42,-52,-67,-67,-63,-64,-71,-65,-63,-69,-68,-67,-59,-62,-64,-62,-59,-58,-58,-58,-54,-54,-55,-58,-54,-51,-47,-50
-17,-15,-15,-16,27,754,823,496,192,289,371,83,-41,20,262,194,33,-41,-45,-47,-67,-64,-42,-55,-72,-71,-69,-69,-74,-74,-68,-68,-70,-66,-62,-67,-67,-68,-61,-65,-60,-60,-58,-56,-58,-56,-57,-57,-57,-57
-15,-16,-15,-17,26,771,833,503,197,287,383,88,-43,32,253,178,25,-48,-43,-47,-65,-65,-44,-57,-72,-71,-68,-68,-75,-71,-69,-68,-69,-67,-67,-61,-66,-68,-60,-63,-62,-59,-59,-58,-58,-62,-57,-55,-55,-57
-18,-17,-17,-17,29,792,850,509,201,264,383,93,-45,34,225,137,7,-55,-27,-31,-59,-64,-48,-63,-72,-68,-69,-73,-73,-70,-68,-66,-69,-67,-61,-61,-65,-64,-61,-62,-62,-62,-57,-56,-59,-56,-57,-54,-54,-53
-15,-17,-19,-18,29,814,857,501,198,243,387,90,-44,18,166,81,-9,-55,-18,-22,-54,-68,-59,-69,-71,-65,-69,-70,-72,-69,-66,-64,-68,-67,-62,-61,-64,-64,-59,-60,-58,-59,-58,-57,-59,-58,-56,-55,-54,-56
-14,-11,-11,-13,33,836,874,506,206,243,419,102,-45,4,110,42,-12,-48,-1,-17,-54,-64,-57,-69,-70,-65,-64,-65,-71,-65,-62,-61,-64,-60,-58,-58,-61,-58,-57,-54,-58,-56,-56,-50,-54,-54,-50,-51,-49,-50
-14,-18,-17,-15,28,852,883,505,204,216,412,99,-44,-4,70,14,-16,-33,2,-31,-65,-66,-60,-71,-72,-70,-65,-66,-68,-65,-66,-66,-66,-64,-57,-61,-62,-64,-59,-56,-58,-57,-58,-53,-56,-56,-52,-53,-51,-54
-13,-17,-12,-14,31,869,894,509,210,201,418,102,-46,2,73,20,-14,-16,0,-37,-67,-67,-55,-70,-71,-63,-61,-64,-69,-66,-63,-61,-62,-59,-57,-56,-60,-63,-59,-57,-55,-56,-55,-54,-53,-54,-54,-50,-52,-50
-14,-14,-12,-14,28,789,843,509,211,298,383,90,-36,-4,263,207,42,-18,-47,-40,-59,-66,-51,-58,-74,-71,-67,-65,-76,-70,-69,-66,-69,-66,-64,-64,-67,-67,-64,-61,-60,-59,-59,-57,-59,-60,-58,-53,-56,-57
-14,-12,-14,-11,20,619,717,489,216,407,312,61,-32,-6,172,276,93,-27,-52,-36,-65,-59,-59,-70,-72,-62,-64,-67,-65,-64,-61,-61,-64,-63,-57,-57,-61,-61,-61,-58,-57,-57,-54,-54,-52,-56,-54,-52,-51,-48
-12,-14,-11,-13,16,556,675,481,205,409,295,49,-34,-10,169,341,135,22,-49,-33,-67,-73,-63,-66,-74,-64,-63,-65,-65,-66,-63,-63,-67,-63,-59,-57,-59,-61,-58,-59,-55,-60,-58,-53,-53,-59,-50,-53,-50,-50
-17,-18,-16,-20,14,570,687,479,209,399,298,53,-34,-6,174,313,108,-12,-55,-41,-70,-70,-63,-69,-73,-65,-64,-67,-66,-64,-64,-67,-67,-63,-63,-56,-63,-62,-59,-58,-60,-57,-55,-55,-56,-56,-54,-55,-54,-53
-15,-12,-13,-14,17,595,705,485,208,408,320,64,-32,-11,163,258,87,-26,-56,-43,-66,-64,-61,-70,-73,-64,-63,-65,-64,-64,-65,-61,-61,-63,-59,-56,-60,-59,-55,-54,-56,-56,-54,-50,-52,-56,-50,-51,-49,-50
-14,-12,-16,-14,25,657,745,494,216,411,354,83,-30,-21,146,166,59,-26,-50,-23,-55,-61,-56,-70,-72,-65,-66,-63,-68,-62,-61,-65,-62,-62,-59,-58,-59,-60,-56,-56,-56,-56,-53,-53,-53,-52,-53,-51,-52,-47
-12,-13,-16,-14,23,712,785,505,215,384,384,94,-26,-33,172,162,54,13,-45,-33,-50,-64,-61,-69,-75,-68,-66,-65,-71,-69,-68,-65,-63,-63,-60,-57,-61,-62,-59,-59,-58,-58,-57,-53,-55,-55,-56,-51,-53,-54
-14,-11,-14,-13,22,718,784,500,211,374,384,89,-30,-42,167,164,54,9,-45,-38,-52,-65,-65,-74,-75,-67,-69,-66,-72,-70,-67,-65,-67,-63,-61,-60,-64,-61,-59,-57,-59,-58,-56,-54,-54,-57,-55,-55,-49,-52
-12,-14,-15,-11,21,707,778,501,212,382,369,84,-26,-35,155,161,55,6,-40,-24,-43,-62,-62,-73,-75,-68,-64,-66,-68,-70,-64,-66,-65,-61,-60,-61,-58,-60,-58,-56,-57,-58,-56,-56,-56,-56,-55,-51,-52,-51
-16,-12,-13,-14,23,714,786,507,213,372,368,88,-27,-41,158,172,54,12,-38,-29,-42,-65,-65,-75,-78,-69,-67,-70,-74,-71,-66,-68,-68,-64,-62,-59,-64,-63,-60,-58,-58,-59,-55,-56,-56,-56,-56,-53,-52,-52
-14,-14,-15,-12,27,744,807,506,217,349,389,92,-27,-25,207,185,54,15,-47,-39,-47,-63,-60,-70,-73,-70,-66,-66,-70,-71,-66,-67,-68,-64,-61,-61,-63,-64,-61,-59,-61,-60,-57,-56,-57,-56,-55,-55,-53,-55
-17,-16,-15,-14,27,770,829,510,211,317,394,91,-36,-3,249,186,40,-12,-49,-41,-60,-66,-53,-58,-75,-71,-69,-68,-75,-74,-69,-69,-72,-68,-65,-63,-69,-68,-63,-60,-62,-63,-56,-57,-60,-61,-60,-56,-56,-54
-13,-18,-14,-16,27,791,839,505,211,291,398,93,-43,10,241,157,22,-37,-51,-44,-67,-66,-47,-56,-72,-72,-69,-68,-76,-70,-67,-71,-70,-67,-65,-63,-68,-66,-63,-62,-58,-61,-59,-57,-59,-60,-56,-57,-54,-54
-17,-13,-14,-17,28,809,850,505,209,267,395,92,-43,12,218,129,10,-47,-45,-40,-64,-69,-46,-59,-69,-70,-67,-71,-77,-70,-67,-67,-70,-63,-62,-65,-66,-65,-61,-62,-61,-60,-58,-58,-57,-58,-55,-53,-54,-55
-15,-14,-11,-13,29,832,869,514,213,254,402,96,-45,14,190,91,2,-53,-23,-26,-57,-66,-53,-61,-68,-66,-63,-68,-70,-68,-65,-68,-66,-62,-62,-61,-58,-63,-60,-59,-59,-59,-55,-53,-56,-56,-57,-54,-51,-52
-15,-15,-11,-16,27,833,873,511,213,242,393,94,-45,7,171,82,-5,-52,-19,-20,-54,-67,-56,-63,-71,-69,-67,-68,-70,-70,-67,-65,-68,-65,-62,-62,-64,-66,-59,-62,-58,-60,-57,-53,-55,-56,-54,-54,-56,-50
-13,-15,-17,-16,29,838,874,511,213,227,391,90,-44,5,148,63,-9,-50,-5,-13,-52,-68,-58,-65,-70,-66,-66,-69,-73,-66,-67,-64,-68,-65,-58,-59,-66,-65,-60,-57,-60,-56,-54,-54,-53,-55,-55,-50,-51,-54
-13,-12,-11,-14,30,848,879,506,208,227,401,94,-46,-8,108,35,-7,-47,1,-15,-54,-69,-62,-67,-69,-64,-64,-70,-68,-66,-60,-62,-64,-62,-58,-58,-60,-59,-57,-57,-56,-56,-55,-55,-54,-54,-53,-51,-49,-49
-17,-16,-12,-14,31,866,889,506,213,204,396,93,-46,-16,73,13,-14,-32,11,-18,-54,-66,-62,-68,-70,-64,-64,-69,-68,-66,-62,-62,-64,-60,-59,-58,-59,-59,-55,-54,-55,-56,-53,-54,-58,-56,-54,-49,-50,-52
-14,-13,-17,-16,30,860,892,509,211,206,390,91,-46,-13,91,33,-15,-40,9,-15,-57,-68,-65,-71,-71,-66,-66,-69,-73,-64,-64,-63,-69,-60,-59,-57,-62,-58,-56,-58,-58,-55,-54,-54,-54,-57,-54,-51,-53,-48
-11,-14,-16,-11,26,764,823,508,217,324,355,78,-29,-33,205,211,56,15,-42,-23,-37,-62,-64,-68,-76,-70,-66,-66,-73,-68,-68,-66,-67,-67,-64,-60,-64,-63,-62,-58,-61,-61,-58,-56,-57,-59,-57,-56,-52,-55
-11,-15,-13,-14,17,591,701,487,211,401,291,51,-31,-2,181,323,117,-14,-50,-33,-64,-65,-63,-69,-75,-63,-63,-65,-68,-64,-66,-61,-62,-61,-56,-56,-57,-58,-57,-58,-59,-55,-53,-51,-55,-55,-55,-51,-48,-51
-15,-13,-13,-11,12,543,664,475,204,399,282,41,-33,-10,170,349,144,20,-49,-32,-64,-70,-62,-64,-68,-64,-61,-64,-64,-65,-62,-60,-66,-60,-56,-56,-60,-59,-58,-57,-56,-57,-51,-53,-52,-53,-54,-49,-49,-49
-13,-13,-14,-14,13,560,677,484,209,400,289,47,-33,-4,182,335,124,-1,-51,-34,-67,-71,-63,-63,-73,-63,-62,-65,-64,-64,-62,-63,-63,-63,-57,-57,-57,-58,-59,-57,-56,-56,-56,-55,-53,-53,-53,-50,-50,-51
-13,-12,-15,-12,16,586,700,482,205,402,303,51,-34,3,181,297,100,-23,-55,-34,-68,-61,-60,-69,-72,-65,-63,-64,-64,-65,-65,-63,-63,-61,-60,-55,-59,-61,-56,-56,-56,-56,-55,-53,-53,-52,-55,-49,-51,-50
-15,-15,-13,-13,20,655,741,490,206,393,338,71,-29,-24,140,164,60,-22,-50,-17,-51,-61,-56,-70,-69,-69,-63,-64,-68,-64,-62,-64,-64,-60,-58,-56,-61,-56,-55,-57,-57,-57,-52,-53,-53,-52,-50,-52,-51,-50
-11,-14,-14,-13,25,701,778,499,207,365,353,79,-27,-35,162,170,58,8,-34,-22,-36,-59,-62,-70,-71,-68,-66,-68,-69,-68,-65,-63,-66,-64,-58,-57,-61,-61,-59,-60,-58,-59,-57,-53,-54,-54,-55,-52,-51,-51
-13,-14,-11,-14,26,698,780,500,208,369,345,78,-27,-34,160,180,58,9,-33,-12,-33,-59,-60,-70,-75,-66,-64,-67,-66,-67,-66,-64,-67,-63,-58,-57,-61,-62,-58,-57,-57,-57,-55,-54,-54,-56,-53,-52,-52,-54
-13,-14,-13,-14,23,683,768,494,207,366,333,71,-28,-35,142,171,58,-2,-38,-11,-38,-60,-60,-69,-72,-67,-64,-67,-69,-69,-63,-61,-63,-60,-58,-58,-59,-58,-57,-57,-59,-56,-55,-55,-54,-55,-52,-52,-51,-49
-12,-14,-12,-14,25,690,774,501,203,356,332,63,-28,-35,156,181,60,-2,-34,-13,-32,-59,-59,-69,-71,-67,-65,-63,-67,-68,-63,-64,-63,-62,-60,-58,-59,-61,-59,-56,-58,-54,-53,-50,-56,-54,-53,-53,-53,-50
-14,-14,-14,-16,23,704,786,503,199,330,328,65,-31,-41,195,205,56,4,-34,-21,-33,-59,-59,-64,-76,-69,-67,-65,-70,-70,-66,-65,-68,-63,-64,-60,-64,-64,-61,-61,-58,-59,-58,-53,-54,-57,-56,-52,-53,-53
-15,-15,-16,-11,25,727,810,504,200,295,317,65,-33,-18,235,212,43,-15,-31,-24,-42,-60,-57,-62,-74,-70,-67,-65,-73,-70,-66,-68,-69,-65,-62,-63,-67,-67,-62,-57,-62,-61,-59,-55,-58,-58,-57,-55,-55,-53
-14,-17,-13,-15,26,750,824,507,200,274,319,66,-38,9,270,209,32,-33,-35,-24,-54,-63,-45,-53,-73,-68,-68,-69,-74,-70,-69,-66,-71,-67,-61,-61,-65,-67,-62,-62,-61,-61,-56,-57,-61,-59,-58,-55,-56,-58
-16,-16,-15,-17,28,774,835,504,198,255,328,67,-41,26,267,186,19,-48,-33,-30,-58,-66,-45,-54,-68,-70,-66,-67,-72,-71,-69,-68,-69,-67,-64,-66,-67,-66,-65,-61,-58,-60,-59,-57,-59,-60,-58,-57,-54,-56
-14,-17,-18,-17,27,787,847,502,195,230,328,68,-45,29,238,147,0,-56,-29,-25,-56,-65,-52,-61,-69,-69,-66,-66,-68,-70,-67,-67,-69,-67,-59,-63,-64,-64,-64,-59,-59,-59,-58,-57,-58,-56,-57,-54,-51,-54
-13,-14,-13,-14,27,818,861,512,205,229,358,83,-43,27,197,106,-6,-56,-8,-16,-52,-68,-57,-64,-70,-68,-64,-68,-71,-67,-63,-62,-67,-63,-58,-61,-61,-60,-61,-58,-60,-59,-58,-57,-55,-56,-54,-54,-51,-54
-12,-14,-14,-12,32,835,874,512,211,226,370,85,-45,10,153,75,-11,-51,2,-13,-50,-63,-58,-64,-68,-65,-63,-66,-67,-66,-62,-63,-65,-60,-58,-58,-61,-58,-59,-59,-55,-56,-55,-55,-54,-55,-54,-49,-50,-52
-14,-14,-14,-14,30,848,882,513,209,214,383,88,-45,-5,110,45,-11,-44,8,-14,-53,-67,-62,-68,-70,-66,-64,-66,-70,-63,-65,-60,-65,-60,-60,-60,-59,-63,-59,-55,-58,-57,-55,-53,-55,-55,-54,-51,-50,-50
-17,-14,-13,-14,27,850,887,503,203,178,357,76,-48,-27,52,9,-24,-31,9,-25,-59,-65,-67,-76,-70,-64,-64,-64,-67,-66,-61,-63,-64,-61,-59,-57,-60,-60,-58,-56,-55,-55,-54,-52,-52,-53,-54,-50,-52,-51
-14,-11,-12,-14,29,870,895,509,208,163,356,81,-47,-20,52,13,-21,-14,10,-32,-62,-64,-60,-69,-69,-61,-58,-62,-64,-59,-62,-61,-61,-61,-56,-56,-59,-57,-58,-53,-54,-55,-50,-52,-55,-52,-50,-51,-49,-50
-16,-19,-16,-17,25,805,857,515,211,248,328,67,-42,20,278,197,21,-45,-36,-24,-56,-67,-47,-54,-70,-71,-69,-66,-75,-71,-68,-72,-72,-68,-62,-64,-68,-61,-64,-62,-63,-61,-59,-61,-61,-59,-61,-58,-57,-57
-13,-16,-12,-11,18,609,719,494,208,374,276,41,-34,1,190,287,91,-33,-49,-22,-63,-62,-61,-66,-72,-63,-62,-63,-63,-62,-58,-62,-64,-60,-57,-57,-58,-57,-57,-55,-57,-54,-52,-53,-52,-51,-52,-48,-49,-49
-12,-14,-13,-11,15,528,657,470,201,380,267,32,-33,-5,173,356,145,15,-48,-25,-54,-68,-59,-63,-66,-60,-59,-61,-64,-63,-62,-62,-63,-61,-58,-56,-57,-60,-56,-54,-58,-54,-53,-51,-53,-54,-50,-52,-47,-49
-17,-14,-16,-13,14,543,666,478,198,382,270,37,-36,-5,177,339,126,0,-51,-32,-65,-68,-62,-68,-72,-67,-64,-68,-66,-67,-66,-62,-66,-62,-62,-56,-59,-59,-58,-57,-58,-56,-54,-53,-56,-54,-52,-53,-52,-53
-13,-10,-16,-12,18,587,698,486,210,388,293,52,-30,-1,176,279,92,-26,-53,-33,-67,-64,-62,-67,-70,-63,-61,-63,-63,-64,-62,-62,-61,-60,-58,-53,-55,-57,-56,-57,-54,-55,-50,-49,-51,-53,-53,-48,-50,-52
-14,-15,-11,-17,19,638,730,490,210,383,311,66,-30,-25,133,173,54,-25,-52,-25,-58,-63,-62,-69,-70,-63,-59,-65,-65,-62,-61,-60,-61,-60,-57,-58,-58,-58,-56,-53,-57,-55,-51,-51,-54,-53,-49,-49,-49,-48
-11,-16,-15,-15,24,711,781,502,220,351,342,81,-23,-42,133,147,46,12,-41,-28,-39,-62,-65,-74,-74,-66,-61,-64,-67,-67,-63,-67,-62,-60,-60,-59,-62,-61,-55,-57,-56,-56,-53,-55,-54,-56,-54,-54,-52,-51
-17,-14,-17,-16,24,720,790,510,217,341,349,79,-26,-38,158,165,45,17,-44,-31,-41,-64,-69,-74,-76,-73,-70,-69,-72,-69,-67,-65,-69,-65,-60,-57,-62,-60,-60,-61,-57,-60,-54,-56,-55,-58,-57,-56,-54,-55
-17,-17,-13,-16,27,721,789,504,216,348,337,80,-24,-42,138,156,44,15,-38,-25,-42,-61,-68,-74,-72,-68,-64,-65,-68,-66,-64,-62,-65,-60,-61,-55,-60,-61,-62,-56,-57,-56,-54,-53,-54,-56,-53,-50,-51,-52
-14,-18,-14,-16,24,715,782,500,211,332,333,72,-32,-43,141,157,40,11,-42,-30,-44,-61,-70,-75,-76,-70,-68,-70,-72,-74,-66,-68,-67,-66,-59,-59,-65,-63,-60,-58,-58,-58,-57,-55,-56,-55,-53,-55,-53,-54
-13,-14,-14,-12,26,745,807,512,219,319,345,83,-32,-24,190,180,46,12,-43,-33,-42,-62,-65,-67,-76,-69,-68,-68,-69,-71,-67,-68,-70,-63,-62,-57,-64,-64,-61,-59,-59,-58,-58,-56,-56,-57,-54,-53,-53,-54
-12,-17,-15,-13,27,765,822,512,219,302,361,85,-31,-4,230,182,39,-5,-49,-37,-49,-64,-55,-60,-72,-68,-66,-65,-71,-71,-67,-69,-69,-66,-61,-59,-64,-66,-63,-61,-58,-58,-56,-57,-60,-59,-56,-54,-56,-55
-13,-13,-15,-15,29,787,838,514,222,283,369,90,-37,15,244,160,28,-30,-52,-39,-57,-62,-48,-54,-67,-69,-68,-68,-76,-70,-64,-66,-65,-65,-63,-62,-62,-62,-61,-59,-60,-62,-58,-57,-57,-59,-56,-53,-55,-54
-15,-16,-14,-13,27,807,848,507,211,263,379,89,-39,18,218,119,11,-47,-46,-41,-60,-65,-48,-55,-65,-65,-65,-68,-73,-69,-65,-68,-69,-62,-60,-63,-63,-64,-59,-59,-61,-58,-57,-58,-56,-55,-57,-54,-52,-53
-13,-18,-12,-15,28,834,867,511,220,244,393,92,-46,8,169,74,-2,-52,-23,-23,-55,-66,-54,-59,-67,-65,-66,-69,-69,-68,-66,-64,-68,-63,-61,-57,-62,-60,-59,-58,-54,-56,-55,-57,-55,-54,-55,-53,-50,-51
-16,-13,-16,-15,28,844,874,513,221,241,399,94,-43,-2,135,46,-2,-51,-16,-24,-57,-68,-60,-66,-70,-68,-65,-69,-72,-66,-66,-64,-67,-64,-60,-62,-61,-63,-61,-59,-59,-60,-55,-57,-55,-57,-54,-51,-53,-51
-12,-11,-12,-13,31,854,882,507,218,234,406,97,-46,-13,107,26,-6,-44,-1,-15,-53,-64,-59,-64,-65,-65,-62,-68,-70,-66,-61,-60,-63,-60,-57,-58,-58,-62,-58,-56,-58,-56,-53,-54,-54,-54,-53,-50,-50,-50
-15,-13,-12,-11,30,865,888,513,220,223,415,99,-49,-17,77,8,-10,-35,4,-20,-55,-65,-63,-68,-72,-66,-64,-66,-65,-65,-63,-62,-67,-59,-60,-56,-60,-59,-57,-55,-56,-55,-53,-54,-54,-53,-52,-50,-52,-51
-13,-13,-13,-14,33,880,892,505,217,206,419,99,-49,-11,50,-6,-10,-21,-2,-28,-61,-65,-64,-70,-71,-62,-62,-64,-68,-63,-62,-62,-65,-60,-59,-60,-58,-58,-58,-55,-57,-56,-52,-54,-53,-54,-51,-49,-48,-52
-16,-15,-13,-14,30,884,902,510,216,187,407,95,-48,3,72,10,-11,-10,-9,-47,-68,-69,-61,-70,-74,-64,-65,-65,-68,-66,-65,-63,-66,-63,-60,-62,-63,-62,-58,-56,-56,-58,-57,-53,-56,-54,-53,-52,-53,-52
-12,-12,-15,-13,35,889,906,516,221,177,387,89,-47,-10,60,14,-14,-11,5,-34,-65,-64,-61,-69,-71,-65,-62,-65,-70,-64,-61,-60,-64,-59,-57,-58,-59,-61,-57,-55,-55,-55,-52,-53,-54,-53,-52,-50,-48,-50
-13,-13,-12,-11,25,760,819,513,223,313,329,69,-28,-35,180,198,47,14,-39,-21,-32,-61,-67,-74,-80,-69,-68,-69,-69,-70,-67,-64,-64,-66,-57,-58,-62,-63,-60,-60,-60,-58,-54,-54,-56,-55,-52,-51,-53,-52
-14,-15,-14,-17,11,570,684,481,206,381,269,42,-37,-9,181,333,120,-10,-52,-30,-64,-74,-64,-69,-74,-67,-63,-63,-66,-68,-66,-65,-68,-65,-58,-54,-59,-60,-58,-59,-60,-60,-57,-53,-56,-55,-53,-56,-53,-51
-17,-13,-15,-14,13,531,644,464,205,386,260,38,-35,-14,155,335,139,18,-49,-30,-54,-63,-60,-65,-67,-65,-62,-64,-66,-63,-61,-61,-63,-61,-58,-54,-57,-58,-56,-56,-55,-54,-52,-52,-55,-53,-52,-51,-50,-50
-17,-16,-14,-16,14,562,677,477,204,384,276,47,-36,-9,167,303,105,-13,-56,-35,-68,-70,-67,-68,-72,-65,-65,-66,-66,-64,-62,-62,-64,-63,-58,-55,-60,-60,-58,-56,-56,-57,-55,-54,-55,-57,-55,-48,-52,-49
-11,-16,-14,-14,19,602,706,486,213,403,306,61,-31,-10,166,265,88,-24,-55,-37,-67,-65,-60,-69,-72,-66,-63,-66,-64,-66,-60,-61,-63,-60,-56,-55,-61,-59,-58,-59,-56,-55,-56,-52,-51,-54,-53,-48,-51,-48
-15,-14,-15,-15,21,678,752,499,221,392,349,81,-24,-38,114,130,46,-13,-49,-25,-53,-62,-63,-73,-74,-69,-65,-67,-70,-66,-63,-64,-64,-62,-62,-59,-62,-62,-60,-58,-59,-56,-54,-56,-54,-55,-54,-51,-51,-51
-17,-14,-16,-14,22,727,790,510,220,363,374,94,-28,-33,158,151,45,19,-47,-40,-50,-64,-70,-75,-78,-72,-67,-67,-70,-69,-68,-67,-68,-66,-63,-62,-63,-65,-63,-61,-64,-59,-56,-57,-58,-57,-56,-54,-53,-53
-13,-13,-14,-14,27,744,804,509,227,362,387,96,-24,-27,174,159,47,17,-44,-44,-50,-62,-67,-72,-78,-70,-67,-66,-71,-71,-67,-65,-67,-63,-61,-59,-62,-63,-63,-61,-61,-61,-58,-55,-60,-58,-56,-54,-55,-53
-17,-18,-13,-13,25,737,795,512,224,370,383,93,-28,-33,159,152,45,14,-45,-44,-55,-64,-67,-76,-77,-70,-69,-70,-70,-72,-70,-70,-70,-67,-64,-62,-66,-66,-65,-59,-62,-63,-59,-59,-59,-58,-57,-55,-57,-54
-13,-16,-10,-13,29,745,803,511,223,357,376,93,-27,-28,177,161,47,20,-42,-40,-50,-62,-65,-76,-75,-71,-65,-66,-69,-69,-66,-65,-68,-66,-61,-60,-60,-61,-60,-58,-61,-56,-57,-55,-57,-56,-54,-53,-54,-51
-13,-13,-13,-12,27,758,814,506,220,319,376,89,-29,-13,215,175,41,2,-50,-41,-54,-63,-63,-66,-77,-68,-68,-69,-75,-69,-65,-67,-68,-64,-60,-60,-61,-63,-60,-60,-60,-57,-58,-56,-57,-57,-55,-53,-56,-55
-14,-14,-12,-16,29,787,842,516,224,295,375,89,-35,11,249,173,32,-20,-52,-36,-55,-66,-50,-54,-72,-67,-66,-63,-75,-70,-68,-67,-68,-68,-61,-58,-65,-65,-60,-59,-59,-59,-56,-57,-59,-57,-56,-53,-52,-51
-13,-17,-16,-15,24,805,850,518,220,276,377,85,-40,14,239,147,22,-44,-46,-38,-63,-70,-46,-52,-70,-69,-67,-69,-74,-71,-67,-67,-73,-65,-64,-63,-65,-67,-63,-66,-62,-63,-60,-56,-60,-59,-58,-56,-54,-55
-13,-16,-11,-14,29,817,860,520,217,254,378,87,-45,16,209,115,9,-53,-36,-26,-58,-68,-46,-57,-67,-69,-65,-70,-74,-71,-67,-68,-69,-62,-65,-64,-67,-63,-64,-60,-62,-60,-59,-55,-58,-58,-56,-54,-53,-53
-16,-14,-14,-16,31,834,868,512,218,238,382,87,-46,3,164,73,1,-54,-18,-21,-53,-65,-55,-60,-66,-65,-62,-68,-70,-65,-64,-63,-66,-62,-59,-57,-62,-62,-57,-54,-55,-57,-55,-50,-54,-58,-51,-50,-50,-48
-17,-14,-16,-14,25,852,882,521,223,235,390,90,-45,-4,139,55,-6,-49,-7,-16,-55,-69,-61,-64,-70,-72,-66,-68,-71,-70,-64,-66,-68,-64,-62,-59,-64,-65,-59,-60,-62,-61,-54,-55,-57,-57,-57,-53,-52,-51
-16,-14,-17,-12,27,861,885,517,221,221,391,88,-47,-18,108,31,-6,-44,-3,-19,-54,-70,-64,-68,-68,-67,-65,-68,-72,-68,-65,-65,-69,-64,-60,-63,-61,-61,-61,-58,-58,-60,-55,-57,-55,-55,-55,-54,-50,-51
-13,-13,-14,-14,31,877,900,508,224,216,413,96,-46,-20,69,5,-8,-28,9,-21,-55,-65,-65,-72,-69,-67,-64,-66,-70,-65,-63,-62,-64,-61,-56,-58,-62,-59,-58,-56,-57,-54,-53,-50,-52,-53,-53,-51,-50,-49
-13,-15,-12,-10,30,889,904,514,223,185,392,92,-47,-13,49,0,-5,-11,8,-33,-61,-66,-62,-72,-69,-65,-64,-64,-67,-64,-61,-60,-67,-61,-57,-56,-60,-63,-56,-56,-58,-54,-52,-52,-51,-54,-55,-50,-49,-52
-19,-18,-13,-16,28,879,897,509,216,191,388,88,-50,-27,54,6,-12,-26,5,-26,-59,-69,-68,-75,-72,-66,-66,-69,-69,-66,-61,-61,-65,-64,-58,-59,-58,-60,-57,-57,-59,-57,-54,-54,-55,-56,-52,-52,-51,-52
-15,-14,-14,-14,26,765,824,518,228,335,346,78,-29,-34,170,192,51,16,-44,-27,-40,-63,-71,-72,-79,-71,-68,-70,-71,-69,-66,-68,-67,-65,-61,-60,-64,-64,-62,-57,-60,-56,-54,-56,-57,-56,-56,-54,-54,-53
-16,-17,-15,-15,14,602,705,486,216,400,291,50,-34,-9,175,310,106,-17,-55,-35,-70,-66,-65,-69,-74,-66,-65,-67,-68,-68,-66,-67,-66,-63,-60,-60,-64,-63,-61,-58,-59,-57,-57,-57,-53,-57,-57,-51,-53,-52
-12,-15,-15,-14,15,567,682,484,205,398,284,49,-34,-5,182,332,121,-6,-50,-29,-65,-67,-61,-66,-70,-63,-65,-66,-62,-66,-62,-62,-64,-62,-58,-56,-62,-57,-55,-57,-55,-56,-53,-53,-55,-53,-53,-52,-50,-51
-12,-14,-13,-13,16,555,679,478,201,381,275,37,-39,6,202,361,127,-18,-47,-22,-65,-68,-60,-66,-70,-63,-63,-64,-63,-66,-67,-63,-62,-62,-59,-54,-58,-60,-56,-55,-57,-59,-54,-53,-53,-56,-55,-53,-51,-52
-13,-11,-14,-14,15,578,703,484,195,387,290,37,-43,15,206,321,108,-33,-46,-22,-65,-60,-59,-66,-73,-64,-64,-65,-65,-64,-63,-65,-63,-63,-60,-58,-59,-60,-59,-56,-58,-57,-52,-53,-53,-54,-54,-52,-50,-52
-14,-13,-12,-13,25,647,746,491,200,376,318,58,-35,-14,162,190,69,-16,-35,-7,-45,-63,-57,-69,-72,-65,-64,-68,-70,-63,-62,-61,-63,-62,-56,-57,-59,-59,-56,-54,-55,-58,-52,-54,-54,-52,-50,-51,-49,-50
-17,-16,-16,-15,26,689,777,500,198,349,324,61,-34,-41,171,191,57,-1,-34,-21,-32,-62,-61,-70,-77,-69,-66,-68,-70,-70,-66,-66,-67,-66,-65,-60,-62,-63,-59,-59,-62,-59,-55,-58,-55,-56,-57,-54,-50,-52
-16,-15,-12,-18,23,715,787,504,209,350,348,74,-32,-41,173,183,51,4,-37,-28,-40,-64,-64,-74,-74,-71,-67,-67,-70,-71,-68,-68,-69,-64,-64,-61,-62,-64,-62,-58,-59,-59,-56,-56,-56,-57,-57,-54,-55,-53
-13,-14,-12,-12,24,712,786,507,210,351,335,76,-26,-43,163,181,55,9,-34,-17,-33,-59,-59,-74,-75,-69,-68,-66,-68,-68,-64,-65,-65,-61,-59,-58,-63,-60,-59,-56,-57,-56,-53,-55,-55,-56,-56,-53,-51,-51
-16,-16,-12,-15,24,728,799,511,211,332,340,75,-31,-39,188,193,53,7,-42,-25,-39,-62,-64,-70,-76,-71,-68,-66,-70,-69,-67,-67,-69,-68,-60,-58,-64,-65,-61,-60,-59,-57,-54,-55,-56,-55,-57,-54,-53,-52
-12,-9,-14,-17,28,751,814,509,211,304,346,77,-32,-11,237,200,44,-8,-44,-27,-46,-62,-54,-62,-75,-71,-68,-63,-73,-69,-66,-68,-66,-63,-59,-60,-63,-62,-61,-59,-59,-58,-57,-56,-57,-56,-55,-53,-52,-53
-11,-16,-15,-16,26,777,842,511,212,284,351,78,-35,12,259,188,35,-28,-42,-31,-56,-62,-46,-53,-72,-71,-70,-65,-75,-71,-65,-69,-71,-68,-59,-64,-65,-67,-63,-62,-60,-61,-59,-58,-58,-58,-57,-56,-55,-53
-14,-17,-13,-17,31,802,856,516,217,265,362,82,-40,24,247,156,19,-47,-36,-34,-58,-69,-47,-52,-68,-68,-64,-70,-75,-72,-69,-68,-71,-67,-62,-62,-65,-64,-64,-60,-63,-62,-57,-56,-57,-58,-59,-57,-57,-54
-14,-17,-15,-15,30,823,867,513,213,243,370,85,-47,16,205,108,3,-55,-21,-24,-56,-67,-52,-57,-70,-67,-68,-67,-72,-70,-66,-68,-69,-65,-62,-62,-63,-64,-63,-61,-61,-59,-57,-57,-58,-61,-56,-54,-56,-51
-12,-14,-9,-15,32,847,881,519,219,234,379,85,-43,9,152,69,-5,-47,1,-11,-52,-63,-56,-63,-67,-67,-63,-63,-70,-67,-64,-64,-66,-63,-60,-57,-60,-61,-57,-59,-58,-55,-54,-52,-54,-56,-52,-52,-52,-49
-15,-19,-19,-17,25,849,883,514,209,218,367,83,-47,-3,125,53,-14,-48,7,-10,-52,-68,-65,-69,-74,-68,-67,-72,-71,-66,-63,-60,-66,-67,-62,-62,-63,-64,-60,-59,-59,-57,-57,-56,-55,-59,-58,-54,-53,-53
-14,-14,-15,-11,31,863,889,515,211,210,377,88,-45,-9,101,40,-9,-35,17,-10,-51,-65,-61,-70,-69,-66,-62,-65,-68,-63,-61,-62,-64,-63,-59,-57,-60,-59,-58,-56,-58,-57,-55,-50,-53,-53,-51,-50,-52,-49
-14,-14,-14,-12,31,859,890,506,205,203,385,89,-48,-18,70,17,-20,-30,11,-18,-58,-65,-64,-72,-69,-63,-62,-67,-68,-63,-63,-61,-63,-59,-58,-57,-61,-60,-55,-58,-56,-55,-54,-54,-52,-54,-49,-51,-51,-51
-13,-14,-12,-12,33,879,903,512,210,180,372,87,-48,-18,53,11,-18,-14,10,-31,-62,-66,-60,-68,-68,-61,-62,-61,-65,-60,-62,-59,-64,-61,-56,-57,-57,-58,-56,-54,-57,-53,-49,-51,-53,-54,-49,-47,-49,-50
-11,-12,-15,-12,31,855,887,519,216,219,357,83,-44,12,175,91,-2,-49,4,-10,-52,-67,-58,-63,-69,-65,-64,-67,-70,-65,-64,-63,-62,-61,-57,-58,-61,-62,-61,-56,-57,-56,-55,-54,-54,-55,-53,-53,-52,-54
-15,-14,-11,-13,25,693,773,504,214,359,296,55,-27,-26,130,188,59,-16,-43,-8,-44,-62,-66,-74,-72,-66,-63,-68,-70,-66,-65,-61,-66,-61,-59,-56,-61,-61,-60,-57,-57,-56,-54,-53,-54,-53,-52,-53,-51,-49
-15,-15,-17,-15,15,565,680,479,209,390,277,40,-38,-11,178,345,132,0,-50,-25,-66,-72,-65,-71,-73,-66,-63,-68,-66,-66,-64,-64,-67,-63,-62,-57,-63,-62,-62,-58,-57,-56,-56,-53,-56,-56,-54,-51,-51,-52
-14,-18,-15,-18,15,568,686,484,208,391,280,45,-35,-8,182,332,121,-10,-55,-29,-68,-68,-61,-68,-75,-66,-63,-64,-64,-69,-67,-62,-64,-62,-60,-56,-59,-63,-62,-57,-57,-56,-56,-54,-55,-56,-53,-51,-52,-52
-14,-17,-12,-13,19,603,713,490,209,391,293,52,-34,-5,174,269,85,-35,-51,-34,-70,-64,-64,-71,-74,-67,-64,-67,-67,-67,-62,-65,-64,-60,-58,-56,-61,-60,-61,-56,-59,-56,-56,-56,-54,-56,-54,-53,-50,-54
-12,-12,-13,-15,21,657,743,495,218,399,332,73,-27,-20,141,181,61,-26,-48,-21,-60,-63,-59,-70,-71,-64,-61,-66,-69,-65,-60,-64,-62,-61,-59,-58,-59,-57,-59,-54,-56,-53,-55,-53,-54,-51,-53,-51,-53,-52
-13,-12,-12,-14,27,722,793,503,216,364,359,83,-26,-39,155,156,49,11,-41,-28,-44,-59,-65,-73,-76,-67,-65,-67,-69,-69,-67,-65,-64,-61,-60,-61,-61,-63,-60,-58,-57,-60,-57,-53,-55,-55,-53,-53,-51,-51
-15,-16,-15,-18,26,746,809,510,218,341,365,85,-29,-30,194,178,48,11,-45,-35,-44,-63,-67,-75,-75,-70,-70,-70,-72,-71,-67,-69,-68,-65,-62,-62,-65,-66,-64,-62,-62,-60,-58,-58,-60,-58,-56,-55,-54,-57
-13,-14,-15,-12,24,733,802,506,218,356,355,82,-27,-36,164,172,53,14,-41,-26,-36,-60,-65,-73,-73,-67,-65,-66,-67,-71,-64,-65,-67,-60,-56,-58,-60,-62,-60,-59,-57,-57,-54,-52,-53,-55,-55,-54,-49,-49
-15,-13,-11,-12,25,732,797,506,215,336,345,76,-26,-34,169,176,47,13,-44,-28,-41,-62,-66,-74,-75,-68,-68,-66,-70,-66,-64,-65,-66,-64,-57,-59,-63,-61,-56,-58,-57,-56,-57,-53,-54,-53,-54,-53,-53,-50
-10,-15,-12,-11,27,767,826,509,217,314,354,83,-29,-16,224,188,45,4,-42,-33,-45,-63,-61,-63,-77,-69,-67,-63,-72,-70,-66,-65,-67,-66,-57,-58,-64,-63,-60,-59,-59,-59,-56,-58,-58,-56,-56,-52,-52,-53
-18,-17,-18,-14,26,785,844,518,216,290,356,81,-41,7,255,183,32,-26,-46,-33,-55,-68,-47,-55,-75,-72,-69,-69,-76,-72,-70,-70,-74,-68,-62,-63,-67,-68,-65,-65,-64,-61,-59,-57,-59,-57,-59,-56,-55,-54
-10,-11,-13,-13,31,825,859,517,227,275,386,90,-40,21,232,136,22,-43,-42,-35,-60,-64,-43,-52,-66,-69,-64,-64,-74,-70,-65,-68,-66,-65,-62,-61,-62,-62,-60,-60,-58,-60,-55,-56,-56,-58,-55,-56,-53,-51
-15,-13,-13,-17,28,837,872,513,222,250,397,93,-46,3,169,74,-2,-54,-31,-29,-57,-68,-53,-58,-67,-68,-65,-69,-74,-68,-63,-66,-67,-64,-58,-61,-61,-61,-58,-58,-59,-57,-54,-57,-57,-55,-54,-55,-54,-52
-17,-18,-15,-16,27,861,886,520,227,241,401,91,-48,-9,128,43,-4,-50,-19,-23,-57,-68,-60,-65,-68,-68,-66,-70,-71,-69,-67,-65,-69,-67,-60,-60,-63,-64,-59,-60,-57,-59,-56,-56,-57,-55,-54,-56,-55,-49
-13,-13,-14,-12,34,876,892,515,230,235,412,98,-47,-17,92,20,-4,-38,0,-17,-51,-67,-57,-65,-71,-66,-65,-70,-68,-65,-64,-66,-66,-62,-59,-59,-63,-61,-57,-55,-57,-58,-54,-52,-55,-55,-51,-54,-50,-50
-15,-20,-15,-15,30,873,893,508,222,214,407,95,-50,-27,65,-5,-10,-34,6,-23,-60,-71,-65,-72,-71,-69,-69,-71,-70,-67,-69,-67,-67,-63,-60,-60,-62,-59,-62,-58,-58,-60,-53,-56,-55,-57,-56,-52,-51,-53
-18,-18,-14,-19,30,889,898,514,226,217,414,95,-51,-22,62,-1,-9,-27,11,-21,-57,-71,-66,-72,-73,-67,-65,-68,-72,-67,-64,-62,-69,-64,-64,-59,-64,-63,-59,-59,-59,-60,-54,-53,-55,-57,-53,-53,-51,-54
-17,-13,-11,-13,30,897,910,511,230,210,433,102,-48,2,62,-1,-3,-6,4,-37,-65,-69,-65,-73,-73,-64,-62,-65,-70,-64,-65,-63,-66,-63,-59,-60,-63,-62,-57,-58,-58,-56,-56,-54,-56,-58,-55,-52,-48,-52
-13,-15,-13,-14,29,911,918,511,226,189,435,101,-48,35,116,21,-4,3,-18,-56,-73,-70,-60,-73,-73,-66,-66,-62,-71,-64,-67,-66,-67,-62,-59,-58,-62,-62,-59,-57,-57,-57,-55,-54,-55,-56,-55,-54,-52,-55
-19,-17,-16,-14,29,917,920,509,219,165,414,93,-52,50,161,37,-10,2,-34,-67,-77,-71,-59,-73,-77,-67,-67,-68,-70,-67,-66,-67,-68,-63,-62,-60,-66,-64,-60,-60,-60,-60,-56,-57,-57,-60,-56,-54,-53,-53
-12,-13,-13,-15,32,854,881,516,226,242,377,87,-46,8,226,129,12,-51,-36,-26,-60,-68,-51,-54,-67,-66,-67,-69,-74,-71,-66,-67,-68,-61,-58,-63,-68,-63,-61,-61,-62,-59,-57,-57,-56,-57,-55,-54,-51,-55
-16,-13,-17,-16,19,674,750,499,223,385,301,61,-29,-23,145,218,70,-37,-54,-29,-65,-66,-67,-74,-77,-67,-67,-66,-68,-68,-64,-63,-64,-64,-59,-58,-60,-58,-57,-59,-59,-57,-56,-56,-54,-54,-56,-53,-53,-54
-17,-18,-15,-17,14,589,689,480,217,405,290,54,-32,-21,154,308,117,-1,-54,-38,-69,-71,-66,-71,-74,-66,-65,-65,-68,-69,-64,-62,-66,-64,-60,-59,-63,-62,-60,-62,-58,-58,-56,-55,-56,-56,-54,-53,-53,-54
-13,-13,-12,-12,18,596,696,478,206,402,296,57,-31,-15,160,287,97,-14,-54,-39,-69,-65,-61,-69,-72,-62,-64,-64,-63,-64,-62,-61,-65,-63,-57,-55,-58,-60,-56,-59,-57,-55,-54,-52,-51,-54,-52,-49,-51,-52
-16,-13,-16,-15,18,640,730,494,221,415,328,74,-26,-18,138,224,73,-29,-59,-36,-69,-62,-62,-71,-72,-64,-61,-69,-65,-64,-59,-62,-66,-61,-57,-55,-60,-61,-58,-54,-58,-54,-54,-53,-53,-54,-52,-52,-50,-50
-12,-14,-14,-11,22,691,766,505,224,414,362,86,-26,-33,120,134,50,-21,-53,-26,-56,-62,-62,-73,-70,-70,-63,-67,-68,-66,-63,-64,-64,-61,-55,-59,-61,-58,-58,-57,-58,-58,-55,-53,-56,-53,-51,-52,-52,-52
-13,-12,-14,-15,25,752,809,509,227,381,398,99,-25,-26,175,146,47,18,-46,-42,-53,-64,-68,-75,-77,-71,-66,-68,-71,-69,-64,-66,-67,-66,-58,-58,-68,-63,-63,-60,-59,-58,-57,-57,-56,-58,-56,-52,-55,-54
-11,-12,-13,-12,27,768,817,512,226,359,405,99,-27,-22,199,163,43,11,-51,-50,-59,-66,-67,-77,-74,-69,-66,-67,-71,-69,-66,-69,-67,-66,-62,-63,-63,-64,-61,-59,-61,-60,-57,-57,-57,-58,-57,-57,-54,-56
-13,-15,-12,-15,27,770,821,513,229,368,397,99,-28,-22,191,164,49,16,-49,-46,-55,-65,-67,-72,-74,-70,-68,-68,-71,-73,-66,-68,-68,-64,-60,-58,-63,-63,-63,-60,-59,-59,-57,-57,-57,-60,-54,-53,-53,-52
-16,-16,-16,-13,26,769,823,511,225,356,396,98,-28,-18,200,168,42,14,-53,-48,-56,-66,-66,-76,-78,-75,-69,-70,-75,-71,-71,-67,-72,-68,-59,-63,-67,-65,-67,-65,-61,-61,-60,-58,-61,-60,-56,-56,-55,-55
-15,-12,-16,-14,25,793,842,517,228,327,397,98,-33,-2,232,168,39,1,-51,-47,-59,-67,-59,-64,-79,-70,-71,-70,-73,-72,-66,-67,-67,-65,-61,-61,-64,-65,-62,-60,-61,-60,-55,-58,-60,-58,-58,-56,-54,-56
-12,-16,-11,-12,29,825,859,523,230,297,403,99,-39,11,232,142,24,-31,-52,-46,-62,-66,-50,-51,-66,-70,-69,-66,-75,-70,-63,-69,-69,-64,-59,-62,-64,-66,-61,-61,-61,-59,-57,-54,-56,-58,-58,-54,-55,-52
-19,-15,-13,-15,31,852,878,522,230,259,403,95,-45,0,184,85,5,-51,-40,-33,-62,-69,-52,-56,-67,-70,-69,-69,-73,-71,-65,-68,-68,-67,-57,-63,-65,-63,-62,-60,-61,-62,-59,-58,-57,-60,-59,-53,-52,-54
-11,-14,-15,-14,32,862,884,518,227,244,412,95,-47,-18,123,36,-5,-51,-20,-28,-56,-68,-60,-62,-68,-68,-64,-66,-71,-63,-63,-64,-64,-61,-57,-61,-62,-62,-56,-56,-57,-55,-54,-52,-56,-55,-55,-54,-50,-50
-16,-17,-16,-19,27,884,896,519,230,227,413,96,-51,-29,79,10,-8,-43,-5,-22,-56,-70,-64,-65,-69,-66,-70,-71,-72,-69,-67,-65,-70,-66,-59,-60,-64,-63,-58,-59,-61,-59,-56,-56,-55,-57,-55,-54,-55,-51
-10,-13,-13,-13,34,882,896,518,227,225,417,96,-49,-25,76,6,-6,-37,3,-18,-56,-65,-64,-67,-67,-65,-66,-64,-69,-65,-62,-65,-65,-57,-59,-57,-60,-61,-56,-55,-58,-56,-55,-53,-54,-55,-52,-50,-49,-50
-18,-14,-17,-18,31,895,906,516,226,208,409,95,-51,-25,54,-4,-6,-23,8,-27,-60,-69,-68,-73,-74,-70,-65,-68,-73,-70,-66,-65,-65,-64,-59,-60,-60,-59,-60,-56,-59,-57,-56,-55,-56,-55,-54,-53,-53,-52
-17,-16,-16,-16,30,898,909,515,224,204,415,98,-50,-18,50,-7,-7,-19,6,-30,-63,-70,-69,-74,-74,-69,-67,-71,-69,-70,-66,-65,-68,-64,-57,-60,-67,-62,-58,-58,-59,-58,-55,-56,-57,-57,-55,-56,-53,-51
-13,-12,-13,-13,37,909,916,512,227,190,418,97,-50,8,72,6,-2,1,-2,-42,-66,-67,-63,-71,-72,-66,-63,-66,-70,-66,-63,-64,-66,-61,-57,-57,-60,-62,-59,-56,-56,-58,-53,-53,-55,-52,-52,-53,-49,-48
-12,-13,-15,-16,35,920,924,512,228,155,397,90,-50,34,126,31,-7,4,-20,-57,-75,-67,-60,-71,-74,-64,-61,-64,-70,-66,-63,-63,-65,-59,-56,-61,-60,-60,-57,-52,-57,-57,-54,-55,-54,-57,-53,-48,-51,-52
-14,-14,-14,-14,29,889,902,511,224,196,383,87,-48,-29,84,27,-8,-36,11,-17,-55,-67,-67,-69,-70,-65,-62,-69,-69,-63,-61,-62,-67,-63,-57,-57,-60,-62,-55,-53,-56,-56,-54,-52,-54,-56,-54,-51,-51,-51
-13,-12,-13,-15,27,762,815,520,233,363,343,82,-25,-41,126,172,57,8,-37,-16,-43,-61,-65,-75,-72,-68,-66,-68,-71,-66,-68,-66,-68,-62,-59,-59,-62,-59,-58,-60,-58,-58,-56,-53,-54,-54,-55,-53,-53,-53
-16,-19,-16,-14,17,607,710,493,219,405,296,54,-32,-9,174,315,110,-18,-53,-34,-69,-70,-67,-73,-77,-67,-66,-68,-66,-67,-67,-64,-66,-65,-60,-59,-61,-62,-62,-58,-60,-58,-57,-54,-58,-57,-57,-53,-52,-53
-16,-13,-13,-14,18,616,719,495,223,407,304,60,-30,-9,171,292,103,-22,-50,-32,-68,-66,-63,-69,-71,-66,-63,-64,-67,-65,-61,-61,-65,-61,-57,-54,-58,-61,-58,-53,-58,-56,-55,-56,-52,-54,-55,-51,-51,-49
-20,-17,-14,-16,14,638,731,496,213,399,314,62,-31,-12,161,246,77,-37,-55,-28,-66,-66,-64,-75,-75,-68,-63,-68,-71,-67,-65,-65,-67,-68,-58,-60,-63,-61,-59,-58,-58,-58,-58,-56,-53,-56,-55,-51,-53,-53
-16,-18,-19,-17,18,678,758,504,219,404,352,76,-29,-30,135,163,53,-29,-51,-23,-54,-65,-67,-76,-75,-69,-63,-69,-70,-69,-67,-67,-70,-63,-60,-60,-64,-62,-63,-61,-61,-60,-59,-55,-57,-59,-58,-54,-54,-51
-16,-17,-16,-17,24,739,809,513,218,371,378,90,-28,-35,182,175,51,8,-44,-35,-50,-66,-66,-74,-77,-72,-70,-69,-69,-72,-70,-67,-71,-69,-63,-59,-67,-65,-62,-60,-59,-61,-59,-56,-58,-62,-55,-56,-57,-54
-15,-16,-13,-11,30,776,832,514,225,346,386,94,-28,-19,231,198,54,4,-47,-35,-51,-63,-62,-66,-74,-68,-68,-66,-74,-70,-66,-66,-70,-67,-58,-59,-64,-62,-63,-60,-59,-60,-57,-57,-58,-58,-59,-54,-54,-52
-15,-18,-14,-14,27,757,825,514,214,331,352,78,-31,-27,201,195,45,6,-45,-28,-44,-64,-67,-69,-78,-74,-69,-66,-76,-74,-69,-70,-69,-67,-63,-60,-65,-69,-66,-63,-62,-60,-57,-59,-60,-59,-57,-55,-56,-54
-14,-19,-18,-16,27,770,834,520,219,306,334,72,-33,-21,218,201,40,2,-43,-25,-43,-63,-65,-69,-79,-74,-69,-68,-74,-72,-68,-67,-72,-68,-61,-62,-67,-66,-63,-63,-64,-61,-60,-57,-59,-58,-60,-55,-55,-54
-14,-15,-16,-11,26,791,843,516,219,293,350,77,-39,-2,248,197,33,-18,-46,-31,-53,-64,-55,-64,-75,-71,-69,-65,-73,-71,-68,-68,-68,-67,-59,-62,-68,-63,-61,-61,-59,-58,-57,-56,-58,-58,-54,-55,-54,-53
-13,-13,-12,-12,32,827,872,519,227,278,378,89,-37,20,260,167,25,-38,-39,-32,-58,-66,-46,-53,-69,-71,-68,-66,-71,-69,-64,-68,-71,-64,-59,-60,-65,-64,-62,-59,-59,-61,-57,-56,-61,-62,-57,-55,-54,-52
-12,-14,-12,-15,36,845,878,520,222,258,388,89,-45,11,222,122,10,-52,-36,-32,-61,-67,-47,-57,-65,-69,-64,-68,-74,-67,-65,-67,-69,-65,-59,-59,-65,-66,-62,-59,-60,-60,-58,-54,-56,-57,-55,-55,-52,-55
-13,-15,-18,-15,29,865,889,514,221,240,392,91,-47,-8,157,68,-4,-52,-20,-24,-60,-71,-59,-65,-71,-71,-65,-69,-77,-70,-68,-67,-68,-66,-59,-65,-62,-65,-60,-61,-63,-59,-57,-57,-56,-57,-55,-54,-54,-54
-13,-12,-14,-12,34,890,902,519,232,245,441,109,-47,-24,96,20,-6,-45,-10,-20,-56,-67,-63,-67,-70,-66,-66,-71,-70,-68,-64,-63,-65,-63,-57,-62,-62,-60,-56,-58,-57,-56,-58,-52,-56,-54,-52,-51,-52,-51
-14,-14,-11,-12,34,908,912,519,228,241,460,112,-47,-13,66,-5,-6,-25,1,-27,-60,-68,-65,-71,-70,-68,-67,-68,-71,-69,-63,-64,-66,-62,-58,-59,-62,-63,-56,-61,-58,-60,-53,-54,-52,-54,-56,-53,-51,-54
-12,-16,-12,-14,31,910,914,518,230,237,449,111,-44,-15,70,1,-3,-26,7,-23,-58,-69,-64,-71,-70,-68,-64,-66,-69,-64,-64,-63,-66,-63,-57,-58,-61,-62,-57,-57,-58,-56,-55,-54,-55,-55,-51,-51,-49,-50
-12,-14,-11,-13,30,922,920,512,227,205,447,102,-48,21,84,10,0,-3,-7,-51,-69,-71,-68,-74,-71,-68,-64,-66,-72,-69,-63,-69,-67,-65,-59,-63,-63,-61,-58,-58,-61,-58,-57,-55,-55,-56,-57,-52,-53,-51
-18,-14,-18,-17,30,934,933,511,226,194,451,105,-50,43,127,24,1,2,-18,-59,-78,-74,-65,-76,-76,-70,-68,-68,-76,-69,-69,-67,-71,-68,-62,-64,-66,-65,-64,-60,-63,-63,-57,-57,-58,-57,-55,-55,-56,-58
-14,-15,-15,-12,30,906,914,522,230,236,438,106,-48,-23,97,27,-3,-41,1,-20,-57,-66,-66,-66,-71,-68,-65,-69,-71,-69,-67,-66,-65,-62,-63,-59,-64,-61,-61,-56,-56,-58,-55,-56,-58,-57,-54,-54,-53,-52
-16,-17,-18,-16,27,780,834,523,234,364,361,81,-24,-39,141,167,52,9,-46,-27,-47,-67,-72,-80,-79,-75,-67,-75,-75,-71,-68,-69,-71,-69,-65,-64,-69,-67,-64,-61,-65,-62,-60,-56,-58,-62,-58,-57,-55,-55
-11,-11,-10,-13,24,678,749,504,234,432,334,77,-24,-24,144,243,87,-25,-55,-38,-69,-66,-64,-73,-73,-65,-66,-67,-68,-66,-63,-64,-63,-63,-57,-60,-60,-59,-57,-57,-59,-58,-55,-54,-55,-57,-52,-54,-52,-53
-16,-17,-14,-17,25,687,752,501,227,424,349,81,-27,-34,113,193,63,-34,-61,-39,-68,-65,-67,-74,-74,-68,-68,-70,-69,-68,-66,-68,-66,-65,-58,-57,-62,-63,-60,-58,-59,-58,-57,-56,-58,-54,-56,-53,-55,-54
-13,-15,-13,-13,25,722,780,506,233,416,365,90,-23,-39,101,131,47,-24,-53,-26,-57,-67,-65,-76,-71,-69,-63,-65,-69,-65,-63,-67,-65,-65,-57,-58,-62,-61,-57,-56,-58,-56,-54,-54,-55,-58,-53,-49,-49,-52
-18,-13,-17,-15,27,774,823,515,237,393,398,99,-25,-28,143,121,40,9,-46,-44,-59,-71,-72,-78,-76,-71,-71,-74,-74,-69,-69,-71,-72,-68,-63,-66,-68,-68,-63,-63,-60,-62,-59,-58,-58,-58,-57,-56,-55,-55
-15,-17,-14,-16,30,844,869,523,240,349,442,113,-34,1,222,137,28,3,-60,-62,-70,-69,-61,-69,-76,-71,-74,-71,-76,-73,-67,-68,-67,-68,-61,-64,-66,-66,-65,-62,-61,-59,-57,-58,-59,-58,-56,-56,-55,-53
-16,-16,-17,-17,26,867,882,525,243,336,454,112,-38,-7,200,102,14,-19,-64,-70,-71,-75,-58,-60,-72,-72,-73,-75,-77,-73,-71,-73,-71,-72,-62,-65,-68,-67,-63,-66,-63,-63,-59,-60,-57,-60,-58,-57,-57,-57
-11,-16,-13,-12,32,854,873,529,243,349,445,114,-31,-3,223,138,30,5,-57,-61,-70,-70,-59,-67,-77,-71,-72,-73,-77,-70,-69,-70,-71,-69,-60,-64,-66,-66,-63,-62,-62,-60,-60,-58,-59,-59,-59,-54,-54,-57
-17,-19,-13,-17,30,854,870,524,238,336,437,108,-38,-2,224,137,24,-5,-60,-64,-69,-73,-65,-64,-77,-73,-72,-69,-77,-75,-70,-70,-72,-67,-64,-65,-69,-68,-65,-63,-65,-64,-60,-62,-59,-60,-61,-57,-56,-58
-19,-17,-17,-15,27,870,887,521,240,305,439,106,-43,-8,202,103,7,-33,-60,-59,-73,-73,-56,-57,-71,-73,-72,-75,-77,-73,-70,-73,-72,-70,-61,-65,-66,-69,-64,-63,-63,-60,-61,-58,-65,-62,-60,-58,-58,-55
-13,-14,-13,-11,29,890,903,520,239,269,443,103,-46,-23,136,43,-3,-51,-37,-38,-61,-67,-57,-56,-64,-66,-65,-67,-71,-69,-66,-67,-67,-62,-56,-60,-63,-63,-60,-58,-59,-61,-59,-56,-56,-56,-56,-52,-51,-51
-15,-17,-17,-17,30,909,916,520,240,249,457,107,-48,-34,66,-9,-8,-41,-19,-33,-60,-71,-65,-67,-70,-68,-67,-70,-71,-68,-63,-64,-68,-67,-57,-63,-63,-65,-60,-59,-63,-60,-58,-54,-57,-57,-55,-55,-56,-57
-13,-13,-15,-13,30,929,920,522,242,230,450,105,-49,-6,53,-13,6,-9,-1,-34,-63,-68,-67,-71,-68,-68,-63,-67,-69,-67,-66,-64,-64,-61,-57,-58,-60,-61,-58,-56,-57,-55,-53,-56,-54,-54,-52,-53,-50,-50
-13,-11,-16,-17,29,947,935,517,242,206,453,105,-47,28,75,-1,12,9,-7,-50,-70,-71,-70,-76,-75,-66,-65,-66,-69,-69,-68,-68,-68,-67,-60,-62,-64,-64,-62,-62,-58,-61,-57,-56,-58,-58,-56,-53,-52,-56
-16,-14,-13,-14,27,953,939,511,241,203,458,105,-49,49,100,12,15,15,-12,-56,-73,-73,-70,-78,-77,-66,-68,-69,-70,-69,-67,-66,-69,-67,-59,-63,-66,-63,-59,-58,-57,-57,-55,-54,-55,-58,-57,-51,-53,-53
-13,-12,-11,-15,29,960,940,503,239,185,447,99,-48,70,138,16,14,16,-26,-68,-76,-74,-70,-76,-76,-69,-68,-69,-71,-70,-66,-66,-66,-64,-61,-63,-66,-64,-61,-60,-59,-60,-55,-55,-56,-58,-54,-57,-53,-55
-12,-15,-12,-18,34,983,951,510,244,182,461,102,-46,92,189,31,17,21,-42,-76,-79,-71,-64,-76,-79,-68,-68,-71,-73,-71,-67,-70,-71,-68,-61,-63,-68,-67,-64,-59,-61,-65,-57,-59,-58,-61,-57,-56,-55,-54
-16,-15,-16,-12,32,990,960,506,243,171,471,101,-47,102,245,42,3,7,-56,-82,-83,-69,-50,-75,-78,-76,-72,-78,-78,-72,-70,-74,-72,-68,-62,-65,-69,-70,-66,-66,-65,-63,-61,-61,-63,-65,-58,-57,-61,-55
-15,-16,-17,-15,30,1001,963,503,239,169,468,100,-48,102,242,45,-3,8,-55,-81,-83,-74,-52,-78,-81,-72,-72,-74,-78,-72,-69,-75,-70,-68,-58,-67,-69,-70,-66,-65,-66,-65,-60,-60,-62,-62,-60,-57,-57,-58
-13,-14,-12,-19,28,937,921,530,256,264,431,100,-45,-31,182,82,-11,-44,-60,-61,-73,-71,-63,-60,-72,-72,-71,-72,-75,-70,-69,-70,-70,-67,-62,-64,-67,-67,-63,-62,-62,-61,-60,-59,-60,-60,-59,-56,-57,-55
-10,-16,-15,-13,23,782,810,520,249,406,353,90,-18,-48,68,130,59,-28,-52,-28,-61,-64,-71,-76,-73,-66,-66,-68,-68,-66,-66,-66,-64,-62,-59,-60,-62,-62,-62,-58,-58,-56,-56,-53,-53,-53,-55,-53,-53,-53
-13,-14,-17,-15,23,764,802,518,256,434,353,98,-12,-48,74,158,68,-27,-58,-41,-68,-66,-68,-77,-73,-69,-64,-65,-71,-66,-66,-64,-63,-65,-60,-61,-61,-62,-59,-57,-59,-60,-56,-55,-55,-55,-55,-53,-53,-51
-17,-13,-16,-16,26,778,810,521,249,422,366,93,-14,-44,60,99,50,-29,-58,-40,-64,-70,-69,-74,-75,-70,-66,-67,-71,-72,-67,-70,-67,-68,-60,-64,-63,-65,-63,-58,-59,-60,-57,-55,-57,-56,-56,-54,-55,-55
-14,-15,-13,-17,25,810,836,526,260,405,381,100,-13,-27,83,78,48,-8,-52,-37,-61,-69,-70,-73,-73,-70,-66,-66,-74,-69,-66,-71,-67,-66,-62,-60,-61,-63,-60,-61,-59,-56,-58,-56,-57,-57,-57,-54,-56,-55
-13,-16,-14,-14,29,871,868,523,263,366,414,102,-25,2,160,94,29,26,-49,-61,-70,-74,-73,-81,-80,-71,-66,-68,-75,-71,-71,-70,-66,-65,-64,-62,-66,-66,-63,-59,-63,-62,-59,-58,-55,-58,-57,-55,-55,-54
-16,-16,-16,-16,28,914,903,525,264,312,436,100,-40,-25,137,52,-11,-14,-59,-69,-76,-74,-68,-70,-75,-71,-69,-76,-77,-73,-69,-69,-70,-67,-63,-67,-67,-66,-62,-63,-66,-63,-62,-56,-62,-60,-56,-54,-56,-57
-13,-18,-14,-16,28,920,900,527,265,313,439,100,-38,-28,132,44,-15,-17,-55,-70,-76,-71,-69,-67,-78,-71,-68,-74,-77,-73,-71,-70,-68,-67,-64,-65,-69,-66,-63,-61,-61,-61,-59,-58,-61,-57,-60,-59,-55,-56
-14,-14,-11,-13,32,915,899,526,265,317,439,99,-35,-20,147,61,-10,-8,-53,-69,-75,-71,-65,-69,-77,-69,-68,-73,-71,-69,-69,-67,-68,-65,-62,-65,-65,-64,-62,-61,-60,-62,-60,-58,-57,-55,-56,-55,-56,-51
-15,-14,-12,-14,35,918,902,521,260,294,433,100,-43,-36,118,35,-22,-28,-59,-68,-70,-69,-64,-63,-70,-67,-66,-69,-71,-67,-63,-66,-65,-63,-61,-60,-61,-60,-59,-58,-57,-59,-55,-54,-55,-58,-54,-55,-52,-49
-8,-11,-14,-16,29,946,918,527,268,277,451,102,-44,-52,57,-22,-28,-54,-61,-57,-67,-70,-60,-54,-67,-67,-64,-67,-71,-65,-64,-66,-63,-62,-57,-58,-62,-60,-58,-54,-58,-57,-54,-53,-54,-55,-53,-53,-52,-48
-17,-16,-17,-17,28,963,931,516,263,255,464,102,-42,-12,6,-52,-21,-45,-39,-55,-66,-71,-67,-68,-72,-67,-62,-68,-70,-67,-66,-65,-67,-61,-58,-63,-62,-63,-61,-58,-57,-58,-56,-55,-52,-54,-55,-53,-52,-54
-19,-16,-16,-16,31,985,945,512,261,234,474,103,-43,56,53,-26,7,-7,-27,-63,-73,-75,-74,-77,-77,-70,-66,-68,-73,-70,-67,-70,-68,-64,-62,-63,-64,-65,-60,-62,-60,-60,-58,-57,-57,-58,-57,-56,-54,-52
-14,-14,-13,-13,30,998,954,508,261,214,482,102,-42,96,122,1,25,27,-35,-74,-80,-76,-76,-79,-77,-68,-70,-69,-74,-71,-70,-70,-72,-66,-62,-64,-66,-68,-64,-64,-62,-59,-58,-58,-58,-59,-58,-54,-57,-56
-11,-13,-14,-14,36,1012,961,501,261,198,478,102,-43,111,172,10,30,35,-46,-81,-80,-80,-71,-81,-81,-69,-67,-70,-78,-73,-72,-69,-70,-65,-65,-63,-68,-66,-64,-61,-61,-62,-59,-59,-60,-61,-59,-58,-54,-58
-15,-13,-14,-13,31,1016,969,494,254,193,493,107,-36,114,206,15,21,30,-50,-84,-83,-78,-63,-79,-80,-72,-72,-76,-80,-72,-70,-70,-72,-67,-65,-65,-68,-68,-66,-62,-65,-62,-59,-61,-62,-63,-58,-55,-56,-54
-13,-14,-12,-14,28,1022,964,490,254,181,476,102,-42,104,212,11,14,27,-51,-84,-82,-74,-59,-77,-80,-71,-71,-76,-78,-69,-70,-71,-72,-65,-64,-66,-65,-66,-65,-63,-64,-63,-61,-57,-58,-59,-59,-56,-58,-58
-17,-16,-13,-16,26,1037,976,485,255,179,484,102,-34,86,226,13,-11,5,-58,-85,-83,-74,-41,-73,-82,-76,-69,-78,-81,-76,-71,-75,-71,-70,-67,-69,-70,-68,-67,-63,-70,-63,-63,-62,-63,-63,-60,-59,-57,-60
-15,-11,-12,-14,30,1044,979,482,248,170,485,108,-34,58,210,5,-31,-16,-59,-82,-80,-66,-34,-64,-77,-69,-67,-74,-74,-68,-68,-70,-68,-63,-62,-61,-66,-64,-63,-65,-59,-62,-58,-55,-57,-58,-59,-55,-56,-55
-11,-14,-14,-15,30,1044,984,486,248,167,486,106,-34,75,226,14,-22,-10,-60,-81,-83,-68,-33,-69,-78,-70,-67,-72,-78,-70,-69,-69,-72,-66,-60,-64,-66,-66,-63,-60,-62,-63,-58,-57,-60,-59,-58,-57,-54,-55
-15,-13,-15,-15,29,997,952,523,270,239,437,95,-47,-64,58,-8,-28,-59,-49,-58,-68,-70,-67,-64,-69,-68,-62,-66,-70,-68,-66,-65,-62,-62,-58,-56,-62,-59,-57,-56,-59,-59,-55,-56,-54,-55,-53,-51,-51,-51
-17,-13,-15,-18,26,895,880,538,274,369,363,85,-13,-6,79,95,59,-1,-51,-47,-68,-73,-72,-76,-76,-76,-70,-74,-77,-72,-72,-73,-71,-67,-67,-67,-66,-66,-66,-65,-62,-64,-62,-57,-58,-63,-58,-57,-55,-54
-13,-15,-17,-16,27,869,859,538,273,390,354,88,-6,-19,54,83,64,-17,-60,-50,-67,-69,-72,-77,-70,-69,-67,-70,-76,-73,-70,-69,-69,-68,-66,-64,-64,-67,-64,-63,-64,-63,-59,-58,-60,-57,-59,-55,-55,-55
-12,-14,-12,-11,29,888,874,532,275,376,368,92,-9,2,83,78,52,3,-52,-48,-68,-68,-68,-69,-71,-72,-68,-71,-71,-70,-69,-67,-69,-64,-64,-61,-64,-64,-60,-59,-58,-60,-57,-56,-57,-58,-55,-54,-53,-51
-12,-13,-10,-14,32,902,884,534,278,371,383,95,-14,9,112,70,47,8,-51,-55,-76,-77,-70,-73,-74,-74,-69,-70,-77,-69,-68,-71,-71,-65,-64,-62,-64,-65,-62,-60,-62,-61,-58,-56,-56,-58,-58,-56,-57,-55
-14,-18,-16,-18,27,945,914,535,276,319,410,92,-31,-9,132,58,-8,6,-54,-73,-80,-78,-78,-80,-79,-73,-70,-75,-76,-72,-71,-66,-74,-66,-61,-64,-67,-68,-66,-61,-62,-61,-60,-58,-60,-62,-55,-58,-57,-55
-11,-13,-12,-13,32,972,932,529,276,290,441,102,-34,-58,37,-27,-38,-40,-61,-67,-70,-70,-64,-62,-68,-67,-64,-67,-70,-66,-62,-63,-65,-61,-59,-56,-63,-63,-58,-55,-58,-56,-55,-54,-54,-56,-52,-54,-52,-52
-14,-19,-18,-16,28,971,931,528,276,303,450,105,-33,-54,59,-17,-35,-40,-63,-77,-77,-74,-69,-68,-72,-70,-67,-73,-77,-72,-66,-68,-69,-66,-63,-65,-66,-65,-62,-61,-61,-60,-56,-58,-58,-58,-57,-56,-55,-54
-13,-16,-13,-15,32,963,926,530,275,305,449,104,-33,-43,91,11,-26,-28,-58,-69,-74,-71,-70,-64,-70,-69,-68,-73,-75,-71,-67,-68,-67,-65,-58,-63,-63,-61,-60,-59,-62,-58,-59,-57,-56,-56,-58,-54,-54,-53
-10,-14,-11,-16,35,972,933,530,272,284,448,100,-37,-54,85,0,-31,-47,-57,-62,-71,-71,-64,-61,-70,-66,-63,-69,-73,-69,-64,-68,-63,-66,-60,-62,-62,-61,-59,-59,-61,-56,-57,-51,-56,-56,-56,-53,-52,-53
-8,-14,-15,-14,29,974,937,525,265,264,459,106,-42,-52,25,-43,-33,-57,-55,-57,-67,-69,-62,-59,-67,-65,-62,-67,-68,-64,-64,-64,-64,-61,-59,-57,-62,-59,-58,-56,-57,-54,-50,-54,-54,-57,-52,-53,-48,-49
-14,-14,-15,-14,32,983,943,518,261,243,461,103,-42,-9,9,-51,-18,-42,-35,-55,-67,-70,-67,-66,-70,-66,-64,-69,-68,-66,-63,-64,-63,-64,-60,-58,-60,-59,-58,-56,-59,-56,-56,-53,-55,-54,-53,-53,-51,-53
-11,-12,-13,-12,31,999,957,520,263,238,479,112,-45,38,40,-30,3,-12,-22,-55,-68,-71,-70,-73,-75,-68,-66,-67,-71,-71,-65,-67,-69,-61,-60,-63,-62,-65,-61,-59,-59,-57,-58,-56,-55,-58,-56,-54,-53,-53
-14,-17,-13,-15,28,1003,961,513,257,220,489,111,-45,76,95,-12,16,8,-25,-70,-80,-77,-77,-81,-81,-71,-71,-75,-74,-71,-69,-71,-71,-65,-65,-66,-70,-67,-67,-63,-65,-66,-63,-62,-59,-60,-59,-58,-59,-58
-16,-18,-19,-14,29,1006,959,507,248,210,489,107,-43,94,137,4,18,18,-41,-78,-80,-78,-78,-83,-82,-75,-71,-75,-78,-76,-73,-75,-73,-69,-68,-65,-71,-68,-65,-65,-64,-65,-61,-61,-62,-62,-62,-57,-56,-60
-11,-14,-14,-13,30,1014,967,510,257,206,495,114,-42,112,166,15,25,26,-38,-77,-81,-76,-71,-80,-79,-70,-67,-72,-78,-72,-70,-74,-71,-66,-65,-63,-69,-66,-64,-62,-63,-61,-59,-56,-62,-58,-58,-56,-55,-56
-18,-17,-17,-16,30,1019,970,509,250,204,504,108,-44,112,202,24,18,26,-50,-82,-84,-77,-65,-82,-86,-78,-73,-77,-78,-76,-76,-74,-77,-70,-68,-69,-72,-72,-67,-65,-65,-67,-63,-62,-61,-62,-60,-60,-60,-58
-11,-14,-11,-12,30,1025,975,502,256,189,502,114,-40,118,238,24,13,23,-52,-83,-83,-74,-47,-73,-82,-71,-72,-75,-81,-73,-73,-74,-75,-68,-63,-65,-67,-67,-64,-64,-64,-61,-59,-58,-63,-61,-59,-56,-56,-58
-16,-17,-16,-15,29,1027,969,496,242,176,482,102,-43,101,241,21,-4,10,-63,-86,-82,-75,-49,-74,-81,-71,-72,-79,-80,-71,-72,-74,-74,-70,-68,-68,-68,-70,-66,-66,-69,-66,-61,-61,-61,-61,-62,-59,-57,-59
-18,-18,-15,-19,30,999,959,525,262,236,462,99,-44,-34,20,-42,-22,-49,-31,-50,-67,-76,-71,-68,-73,-70,-64,-69,-72,-71,-68,-67,-68,-65,-64,-59,-66,-65,-59,-62,-59,-59,-57,-58,-61,-58,-57,-54,-53,-55
-15,-15,-17,-17,25,897,889,541,272,363,381,91,-18,-7,115,112,48,17,-44,-44,-69,-75,-75,-80,-79,-75,-73,-74,-78,-76,-75,-73,-74,-69,-67,-66,-69,-69,-67,-63,-66,-65,-59,-60,-60,-61,-58,-57,-61,-57
-14,-15,-18,-17,23,853,857,534,270,402,365,91,-8,-29,66,102,61,-20,-58,-43,-62,-71,-68,-76,-75,-70,-69,-70,-75,-70,-70,-70,-71,-65,-65,-63,-64,-65,-65,-60,-62,-62,-58,-59,-58,-59,-58,-57,-56,-54
-17,-17,-15,-13,28,878,875,537,270,377,380,96,-12,-9,99,93,51,4,-47,-44,-69,-71,-75,-78,-78,-73,-71,-74,-77,-76,-73,-72,-70,-67,-65,-65,-69,-68,-67,-62,-66,-65,-60,-59,-62,-63,-59,-58,-56,-54
-14,-15,-15,-13,30,905,889,534,275,371,406,105,-18,10,145,97,38,23,-44,-57,-75,-76,-75,-79,-80,-74,-70,-76,-76,-71,-70,-72,-74,-67,-64,-63,-67,-66,-64,-63,-61,-61,-59,-59,-61,-61,-60,-56,-56,-56
-16,-18,-15,-15,30,951,919,534,275,318,440,103,-34,-26,129,46,-17,-12,-57,-72,-78,-76,-76,-73,-78,-68,-70,-76,-76,-74,-70,-70,-70,-70,-63,-63,-68,-66,-64,-65,-64,-62,-59,-59,-62,-59,-58,-57,-55,-57
-16,-15,-20,-13,28,974,935,520,263,276,456,105,-40,-57,19,-45,-41,-59,-58,-64,-72,-75,-66,-64,-69,-68,-64,-69,-71,-66,-64,-68,-67,-65,-62,-58,-65,-62,-60,-60,-62,-56,-57,-56,-57,-58,-54,-53,-54,-51
-13,-15,-12,-13,30,987,943,521,268,265,447,101,-37,-50,0,-57,-41,-58,-53,-63,-70,-71,-64,-61,-69,-64,-64,-66,-67,-67,-60,-65,-63,-59,-58,-58,-60,-59,-57,-55,-56,-55,-52,-54,-53,-52,-53,-51,-52,-48
-14,-16,-11,-14,31,992,945,529,279,280,453,107,-35,-56,27,-37,-37,-58,-55,-63,-71,-69,-63,-59,-67,-65,-63,-69,-69,-65,-63,-64,-67,-61,-58,-59,-63,-60,-56,-57,-56,-56,-50,-56,-56,-56,-52,-54,-50,-51
-16,-17,-15,-12,32,994,948,523,275,262,456,103,-37,-49,11,-49,-35,-58,-47,-62,-69,-70,-60,-58,-66,-65,-66,-65,-71,-64,-63,-63,-65,-60,-59,-60,-61,-60,-59,-58,-59,-56,-54,-51,-53,-52,-56,-51,-51,-51
-13,-13,-14,-15,31,992,949,520,262,235,455,98,-39,-3,5,-50,-14,-33,-27,-52,-67,-75,-64,-66,-73,-67,-63,-68,-71,-64,-65,-66,-64,-61,-59,-61,-59,-59,-56,-56,-57,-58,-54,-54,-57,-55,-55,-53,-51,-51
-15,-14,-14,-12,31,1011,962,519,268,221,470,103,-42,59,53,-22,12,5,-16,-56,-72,-75,-71,-76,-81,-68,-62,-65,-71,-67,-69,-66,-65,-62,-63,-62,-63,-65,-60,-60,-60,-60,-58,-56,-58,-61,-56,-55,-56,-52
-12,-17,-12,-14,33,1030,976,509,261,202,482,107,-43,114,155,11,32,38,-31,-75,-82,-79,-75,-79,-81,-69,-68,-70,-78,-72,-71,-70,-74,-66,-63,-63,-66,-68,-63,-62,-64,-60,-64,-59,-59,-63,-58,-55,-55,-59
-15,-14,-14,-12,29,1042,981,501,259,191,483,104,-36,115,209,19,21,35,-46,-82,-83,-76,-63,-74,-80,-74,-72,-76,-78,-72,-70,-70,-75,-68,-62,-66,-70,-69,-65,-64,-64,-63,-61,-60,-61,-63,-59,-57,-55,-56
-12,-15,-14,-13,30,1043,980,481,254,179,482,104,-33,95,217,10,-2,20,-50,-82,-81,-78,-50,-73,-78,-73,-71,-77,-78,-71,-69,-70,-74,-67,-62,-64,-66,-67,-64,-63,-63,-62,-60,-59,-61,-59,-58,-56,-56,-53
-11,-13,-13,-15,27,1054,988,485,258,181,492,110,-33,88,221,14,-9,11,-48,-81,-83,-73,-42,-71,-78,-77,-73,-77,-79,-77,-73,-72,-71,-70,-63,-65,-70,-68,-64,-62,-65,-64,-58,-60,-61,-60,-59,-58,-58,-56
-14,-12,-12,-10,28,1053,990,484,249,182,492,110,-30,76,218,10,-15,5,-54,-85,-82,-69,-41,-71,-77,-69,-70,-77,-78,-76,-69,-69,-71,-67,-64,-67,-69,-67,-64,-61,-61,-62,-58,-60,-58,-59,-56,-57,-56,-56
-11,-13,-11,-13,28,1056,986,475,249,177,488,109,-31,55,202,5,-33,-16,-60,-80,-79,-66,-31,-67,-76,-71,-68,-75,-79,-66,-70,-68,-69,-67,-63,-64,-66,-65,-61,-62,-62,-61,-55,-57,-58,-59,-58,-54,-54,-56
-11,-15,-14,-13,30,1063,990,478,246,179,500,116,-30,34,185,-6,-43,-40,-61,-77,-81,-62,-32,-63,-75,-69,-67,-71,-76,-71,-68,-66,-69,-63,-62,-63,-66,-65,-64,-61,-62,-58,-56,-59,-56,-60,-55,-54,-55,-55
-15,-12,-13,-15,27,1054,987,494,252,175,484,104,-37,101,207,21,4,24,-49,-82,-83,-78,-52,-78,-81,-75,-70,-76,-77,-74,-70,-72,-71,-66,-63,-66,-68,-67,-61,-64,-63,-61,-59,-61,-61,-61,-57,-58,-54,-55
-17,-19,-17,-15,28,984,940,532,278,278,406,88,-39,-21,155,87,-28,-18,-57,-75,-78,-79,-79,-79,-79,-74,-69,-75,-78,-76,-71,-71,-71,-66,-64,-67,-69,-68,-65,-63,-64,-62,-63,-59,-59,-61,-57,-57,-57,-57
-15,-13,-10,-15,30,910,890,545,277,367,358,88,-7,-4,85,104,64,-3,-52,-46,-66,-69,-68,-71,-69,-71,-70,-74,-72,-69,-72,-70,-70,-69,-64,-67,-66,-65,-63,-61,-60,-61,-57,-57,-60,-61,-55,-58,-56,-54
-17,-12,-13,-13,30,911,893,542,277,365,367,90,-10,0,88,98,56,3,-49,-49,-69,-71,-69,-75,-69,-71,-71,-71,-74,-68,-68,-66,-70,-67,-65,-66,-66,-65,-63,-63,-64,-64,-60,-58,-58,-58,-55,-56,-58,-51
-14,-15,-13,-17,28,933,907,542,281,338,378,88,-21,10,129,98,32,16,-48,-61,-76,-79,-74,-79,-76,-77,-70,-79,-77,-73,-72,-71,-75,-69,-64,-67,-69,-68,-67,-62,-64,-63,-59,-62,-60,-60,-59,-57,-56,-58
-12,-14,-11,-11,30,958,920,531,276,297,390,89,-36,-9,141,80,-13,0,-53,-71,-75,-76,-77,-81,-78,-71,-67,-72,-73,-70,-67,-68,-70,-64,-60,-61,-63,-62,-61,-62,-63,-60,-60,-56,-59,-61,-57,-56,-56,-55
-12,-12,-13,-13,29,1002,958,528,279,253,427,94,-36,-60,16,-41,-40,-55,-50,-63,-70,-69,-60,-57,-67,-61,-63,-65,-67,-61,-62,-63,-61,-62,-59,-57,-62,-61,-56,-57,-56,-57,-53,-54,-56,-55,-54,-51,-51,-50
-12,-13,-17,-15,31,1022,962,517,277,236,440,95,-35,-16,-16,-63,-27,-47,-32,-58,-68,-69,-60,-58,-66,-65,-63,-69,-69,-68,-62,-64,-64,-63,-57,-59,-63,-59,-60,-57,-57,-57,-55,-52,-57,-58,-51,-50,-53,-49
-13,-11,-13,-12,29,1008,955,521,275,238,429,88,-37,-51,-7,-54,-41,-58,-52,-65,-71,-70,-64,-59,-68,-67,-64,-68,-68,-65,-64,-63,-64,-62,-59,-57,-61,-61,-56,-56,-57,-55,-52,-51,-53,-53,-55,-53,-51,-52
-13,-11,-13,-12,29,1023,966,522,284,230,425,88,-35,-28,-11,-58,-31,-48,-35,-60,-68,-69,-59,-58,-64,-65,-62,-64,-68,-64,-62,-61,-63,-62,-55,-57,-60,-60,-57,-55,-58,-59,-53,-56,-54,-54,-52,-51,-52,-51
-14,-13,-11,-13,32,1029,971,512,275,210,433,88,-37,43,5,-49,1,-7,-13,-57,-73,-71,-63,-68,-69,-67,-67,-71,-73,-68,-66,-64,-66,-64,-59,-57,-60,-62,-64,-58,-60,-57,-54,-56,-57,-56,-54,-50,-54,-50
-15,-17,-16,-18,29,1041,977,501,270,187,435,87,-38,91,83,-16,24,31,-12,-69,-79,-76,-75,-79,-78,-74,-75,-74,-76,-76,-70,-69,-71,-70,-62,-64,-71,-66,-62,-64,-62,-65,-60,-60,-60,-62,-58,-55,-57,-54
-15,-17,-17,-18,27,1059,985,488,269,177,445,91,-37,107,149,-1,16,42,-36,-79,-82,-82,-78,-83,-78,-76,-70,-77,-77,-76,-70,-71,-71,-72,-62,-65,-70,-68,-64,-64,-67,-61,-60,-62,-63,-63,-60,-61,-58,-57
-11,-13,-13,-12,27,1070,986,459,254,162,443,94,-30,49,157,-7,-24,12,-52,-79,-78,-76,-64,-75,-77,-68,-66,-69,-75,-67,-65,-66,-69,-64,-56,-62,-65,-65,-62,-61,-62,-58,-56,-56,-56,-58,-55,-53,-53,-53
-14,-11,-12,-12,27,1088,993,462,258,172,455,106,-21,26,154,-1,-41,-7,-54,-79,-78,-70,-47,-67,-74,-69,-63,-70,-71,-67,-66,-66,-66,-64,-57,-59,-64,-62,-59,-59,-61,-59,-56,-57,-55,-59,-57,-55,-53,-55
-12,-17,-15,-13,28,1085,993,460,252,168,458,100,-22,20,147,-10,-43,-13,-59,-78,-77,-69,-40,-65,-73,-70,-68,-71,-77,-71,-64,-68,-72,-68,-58,-64,-67,-64,-64,-62,-64,-59,-60,-58,-60,-58,-59,-58,-57,-55
-11,-14,-15,-12,26,1078,992,457,253,170,458,107,-25,15,135,-14,-47,-18,-63,-81,-79,-66,-32,-62,-68,-69,-66,-73,-74,-71,-66,-65,-67,-65,-58,-62,-68,-64,-62,-57,-60,-58,-58,-56,-58,-57,-57,-55,-54,-51
-11,-12,-10,-12,28,1073,994,474,259,180,486,111,-28,54,180,-7,-31,-7,-57,-80,-80,-68,-30,-63,-72,-69,-67,-74,-72,-70,-63,-70,-70,-65,-63,-63,-67,-64,-62,-61,-63,-60,-59,-57,-58,-58,-56,-53,-54,-53
-11,-12,-12,-11,29,1074,998,484,253,179,507,121,-29,75,208,2,-25,-7,-59,-81,-83,-67,-26,-65,-76,-72,-66,-75,-75,-70,-70,-70,-71,-64,-65,-64,-66,-68,-62,-61,-62,-61,-60,-57,-56,-60,-57,-54,-57,-57
-15,-17,-16,-19,29,1064,997,502,239,186,538,136,-41,98,280,36,-40,-31,-62,-80,-84,-64,-23,-69,-81,-78,-69,-80,-82,-76,-70,-76,-78,-71,-63,-69,-75,-75,-67,-67,-68,-64,-64,-63,-63,-65,-63,-61,-61,-60
-14,-15,-15,-15,28,1047,991,501,221,159,522,142,-48,89,303,72,-53,-57,-60,-76,-86,-70,-31,-69,-82,-76,-70,-78,-81,-76,-75,-77,-77,-70,-67,-71,-74,-72,-68,-69,-68,-68,-65,-65,-64,-65,-63,-64,-58,-59
-14,-12,-14,-15,34,984,978,529,195,204,433,121,-48,8,112,105,3,-35,14,-30,-63,-61,-50,-75,-78,-68,-67,-72,-71,-70,-68,-67,-71,-64,-63,-65,-67,-64,-60,-61,-61,-61,-59,-59,-57,-56,-58,-56,-54,-55
-19,-14,-16,-16,27,742,828,509,194,366,289,27,-52,-9,173,289,111,-28,-47,-13,-40,-61,-49,-71,-76,-72,-70,-72,-76,-75,-69,-68,-70,-68,-65,-66,-67,-67,-67,-64,-60,-62,-58,-57,-61,-61,-58,-56,-53,-57
-14,-16,-17,-16,10,495,668,479,190,332,249,26,-36,-23,228,472,241,27,-49,-20,-63,-73,-60,-60,-73,-71,-64,-64,-69,-67,-63,-67,-68,-67,-62,-60,-65,-61,-60,-62,-59,-57,-58,-56,-56,-56,-58,-55,-54,-53
-14,-13,-14,-12,11,477,668,480,184,313,242,35,-35,-10,249,495,229,10,-46,-9,-63,-70,-60,-58,-71,-69,-57,-56,-63,-63,-62,-63,-66,-64,-60,-60,-62,-63,-59,-59,-58,-56,-56,-55,-54,-56,-55,-52,-52,-51
-16,-16,-18,-15,11,500,686,477,181,318,237,26,-41,-2,254,493,196,-16,-44,-26,-69,-70,-59,-68,-76,-71,-63,-63,-64,-69,-62,-68,-68,-67,-59,-59,-64,-66,-59,-57,-58,-57,-59,-54,-56,-57,-56,-56,-53,-56
-11,-17,-14,-13,13,526,705,480,178,327,241,31,-42,8,248,461,169,-31,-47,-42,-65,-60,-57,-68,-77,-69,-63,-62,-67,-68,-65,-66,-69,-62,-61,-61,-61,-61,-60,-59,-57,-59,-56,-54,-58,-54,-53,-52,-52,-51
-15,-12,-15,-12,19,627,768,486,175,339,263,31,-47,-10,187,275,111,-17,-38,-23,-37,-48,-45,-64,-72,-62,-64,-66,-69,-62,-63,-64,-66,-61,-57,-59,-60,-60,-57,-56,-56,-57,-53,-54,-55,-53,-53,-52,-51,-50
-19,-17,-15,-17,25,692,810,498,174,351,301,47,-49,-34,246,282,112,-3,-36,-42,-48,-59,-43,-58,-76,-69,-70,-69,-74,-74,-71,-70,-71,-66,-65,-66,-66,-68,-64,-65,-63,-63,-58,-58,-58,-60,-58,-57,-56,-54
-13,-15,-10,-13,27,707,819,503,184,364,316,53,-48,-27,247,284,113,2,-32,-36,-42,-56,-46,-59,-77,-72,-66,-67,-73,-71,-64,-70,-68,-66,-62,-62,-66,-63,-61,-59,-61,-62,-58,-57,-59,-58,-55,-55,-54,-55
-12,-14,-14,-13,27,707,814,501,187,368,321,55,-47,-28,236,267,98,-2,-33,-34,-41,-58,-47,-61,-74,-70,-64,-66,-71,-69,-66,-68,-68,-65,-62,-59,-62,-64,-62,-58,-60,-59,-59,-59,-57,-58,-57,-56,-55,-54
-12,-15,-13,-12,26,737,836,501,183,356,344,65,-45,-34,284,285,94,-9,-37,-44,-58,-61,-52,-63,-77,-68,-66,-62,-74,-73,-68,-69,-70,-66,-62,-61,-66,-63,-63,-61,-59,-58,-58,-56,-60,-58,-56,-56,-57,-55
-11,-12,-13,-14,27,779,857,507,181,326,361,78,-45,-3,320,291,80,-31,-45,-47,-69,-66,-44,-62,-75,-68,-67,-63,-76,-70,-66,-70,-72,-65,-65,-64,-68,-65,-63,-63,-59,-62,-59,-60,-59,-61,-60,-57,-55,-56
-15,-15,-14,-14,27,820,883,512,186,308,391,88,-45,25,285,238,48,-50,-38,-52,-72,-66,-46,-64,-74,-70,-68,-70,-78,-72,-69,-69,-70,-68,-64,-65,-66,-64,-64,-64,-65,-60,-61,-59,-60,-60,-58,-55,-52,-53
-11,-14,-14,-12,34,865,910,521,194,299,419,105,-45,36,223,174,24,-54,-14,-35,-67,-66,-51,-72,-77,-68,-70,-68,-78,-71,-69,-68,-70,-67,-64,-64,-68,-67,-63,-60,-63,-65,-61,-59,-57,-58,-57,-56,-56,-56
-15,-15,-17,-16,31,878,910,517,191,277,421,103,-46,25,187,129,8,-55,-5,-33,-68,-65,-56,-75,-79,-72,-69,-71,-77,-70,-70,-66,-71,-67,-66,-66,-68,-66,-66,-62,-62,-61,-61,-59,-60,-62,-60,-56,-58,-55
-14,-17,-18,-18,30,895,924,517,191,260,426,108,-46,21,133,91,3,-45,9,-21,-63,-68,-57,-76,-78,-73,-72,-74,-76,-73,-67,-66,-71,-70,-62,-63,-67,-66,-64,-58,-62,-62,-58,-56,-57,-60,-54,-55,-55,-57
-16,-13,-14,-11,31,899,924,515,189,246,425,111,-46,17,115,74,-7,-43,11,-20,-61,-63,-57,-72,-75,-68,-66,-70,-72,-69,-64,-66,-66,-61,-62,-60,-65,-63,-62,-58,-57,-59,-57,-52,-56,-56,-56,-55,-52,-54
-13,-15,-14,-13,28,917,935,516,194,240,440,119,-46,15,94,58,-10,-30,8,-29,-64,-66,-54,-73,-75,-69,-69,-71,-75,-67,-66,-67,-67,-65,-59,-59,-65,-65,-63,-62,-62,-61,-56,-56,-59,-59,-58,-56,-55,-56
-13,-13,-12,-15,34,939,949,521,200,234,462,126,-47,39,135,72,-10,-18,-1,-44,-75,-64,-47,-73,-78,-69,-66,-67,-74,-70,-66,-68,-71,-67,-61,-63,-64,-63,-64,-59,-63,-60,-59,-59,-59,-59,-56,-54,-54,-54
-17,-16,-15,-16,30,953,959,515,199,218,469,123,-51,53,186,87,-18,-26,-27,-59,-79,-70,-50,-76,-80,-74,-67,-72,-79,-74,-71,-72,-73,-68,-60,-68,-70,-67,-64,-61,-62,-64,-60,-58,-62,-60,-59,-58,-58,-56
-18,-16,-17,-12,31,963,966,518,196,187,461,121,-48,73,273,129,-20,-39,-48,-63,-82,-71,-48,-76,-81,-74,-66,-70,-81,-76,-71,-71,-77,-73,-64,-66,-69,-69,-67,-65,-67,-64,-59,-59,-63,-63,-63,-59,-59,-60
-16,-14,-15,-14,29,977,970,513,196,173,459,123,-47,88,313,150,-21,-46,-48,-62,-82,-68,-43,-73,-81,-73,-63,-70,-78,-72,-71,-70,-73,-66,-63,-67,-69,-67,-64,-65,-65,-65,-63,-59,-61,-61,-60,-55,-57,-56
-17,-18,-16,-16,29,916,932,525,209,272,441,109,-45,6,231,160,20,-55,-13,-31,-69,-71,-57,-72,-76,-74,-74,-75,-80,-73,-73,-73,-74,-69,-65,-65,-70,-71,-67,-63,-67,-63,-61,-62,-60,-64,-63,-59,-57,-58
-13,-14,-12,-16,27,735,809,519,219,414,341,59,-36,-8,176,248,88,-37,-47,-20,-56,-61,-56,-75,-74,-69,-66,-70,-74,-70,-67,-69,-70,-66,-59,-61,-65,-60,-60,-61,-59,-61,-58,-56,-58,-58,-55,-56,-56,-56
-11,-12,-13,-15,20,657,751,504,212,418,314,42,-43,-5,193,332,121,-31,-51,-44,-71,-58,-58,-75,-75,-69,-66,-69,-71,-67,-66,-67,-67,-64,-57,-59,-61,-62,-60,-59,-62,-57,-56,-54,-56,-55,-55,-53,-52,-54
-11,-13,-13,-12,27,692,781,506,215,423,337,56,-43,4,183,270,93,-43,-48,-34,-62,-56,-53,-75,-77,-67,-65,-68,-73,-66,-64,-64,-66,-63,-59,-56,-66,-61,-62,-61,-59,-57,-55,-55,-55,-57,-56,-51,-52,-54
-14,-17,-17,-18,23,709,794,512,211,421,351,61,-43,-8,176,229,79,-36,-48,-28,-53,-62,-51,-77,-78,-74,-65,-74,-74,-70,-68,-70,-70,-69,-63,-64,-66,-65,-64,-60,-61,-64,-61,-58,-61,-59,-59,-54,-55,-55
-14,-17,-14,-13,28,761,833,518,212,416,391,81,-43,-25,209,208,73,-9,-45,-30,-46,-63,-58,-74,-79,-74,-69,-71,-77,-72,-68,-69,-73,-67,-64,-66,-68,-64,-64,-62,-60,-61,-61,-56,-58,-60,-58,-57,-58,-56
-16,-16,-15,-15,27,803,868,526,204,384,407,91,-43,-27,292,267,83,-9,-48,-47,-65,-69,-60,-69,-79,-77,-71,-71,-81,-80,-73,-73,-75,-74,-67,-69,-69,-69,-68,-69,-68,-65,-63,-60,-63,-65,-65,-59,-62,-58
-16,-19,-16,-15,27,805,872,514,194,370,403,85,-44,-28,301,272,81,-17,-50,-52,-74,-71,-59,-70,-80,-77,-72,-69,-79,-77,-74,-73,-76,-71,-66,-68,-70,-70,-67,-67,-67,-65,-63,-63,-64,-65,-63,-59,-61,-59
-17,-18,-17,-17,27,821,873,520,204,375,416,94,-45,-21,291,253,70,-18,-51,-52,-72,-74,-63,-72,-81,-80,-75,-71,-81,-79,-75,-78,-79,-72,-66,-68,-72,-69,-68,-65,-69,-68,-63,-63,-61,-64,-62,-61,-60,-59
-16,-14,-14,-11,32,832,880,515,202,359,412,93,-42,-14,301,254,69,-24,-47,-49,-72,-67,-57,-66,-79,-76,-73,-69,-81,-78,-70,-73,-77,-69,-67,-70,-70,-68,-66,-64,-64,-67,-65,-61,-64,-61,-61,-57,-58,-57
-14,-18,-17,-16,31,868,903,525,203,318,426,100,-43,11,285,215,45,-48,-37,-47,-74,-69,-46,-61,-76,-75,-71,-68,-79,-77,-72,-72,-76,-74,-65,-69,-73,-69,-67,-65,-67,-66,-64,-61,-63,-62,-58,-59,-61,-59
-13,-12,-12,-13,31,911,928,526,210,284,459,117,-44,10,176,115,10,-48,0,-21,-63,-67,-54,-69,-77,-71,-70,-68,-75,-75,-69,-68,-72,-69,-60,-63,-66,-66,-59,-61,-60,-60,-61,-57,-59,-61,-55,-57,-54,-54
-15,-14,-15,-14,32,924,938,522,208,271,469,125,-43,5,123,70,-1,-44,11,-19,-61,-68,-59,-77,-76,-72,-69,-71,-77,-70,-70,-69,-70,-68,-61,-62,-67,-64,-59,-58,-61,-62,-60,-59,-57,-58,-58,-53,-55,-53
-13,-13,-15,-13,35,945,947,513,204,242,469,120,-46,11,94,39,-12,-21,10,-32,-66,-71,-61,-74,-78,-70,-71,-71,-72,-69,-67,-70,-69,-66,-60,-63,-66,-67,-63,-59,-63,-59,-59,-60,-57,-58,-56,-54,-56,-54
-14,-14,-15,-11,33,965,961,520,212,233,484,128,-47,37,133,54,-9,-11,1,-45,-76,-70,-58,-77,-80,-69,-68,-73,-76,-72,-70,-68,-71,-64,-62,-64,-68,-67,-63,-61,-60,-59,-58,-58,-60,-60,-56,-57,-56,-56
-12,-14,-9,-15,32,971,965,520,208,223,490,130,-48,54,170,74,-7,-7,-14,-55,-79,-70,-55,-77,-80,-68,-71,-73,-78,-73,-69,-70,-72,-69,-63,-64,-67,-67,-61,-63,-62,-61,-60,-57,-59,-58,-58,-58,-56,-59
-14,-15,-15,-14,31,983,972,516,206,217,501,134,-47,75,226,94,-12,-18,-32,-63,-82,-71,-53,-79,-80,-78,-68,-76,-80,-77,-70,-72,-75,-71,-64,-68,-70,-70,-67,-64,-66,-67,-63,-60,-63,-63,-61,-58,-58,-58
-12,-13,-14,-15,32,985,974,509,203,206,496,133,-51,84,251,102,-14,-27,-43,-68,-83,-68,-54,-73,-82,-73,-70,-72,-81,-72,-70,-75,-74,-66,-61,-66,-71,-68,-65,-63,-64,-64,-61,-57,-63,-62,-61,-56,-58,-58
-13,-15,-13,-14,32,1003,983,508,207,200,517,137,-48,107,316,128,-19,-35,-52,-67,-83,-64,-38,-72,-81,-75,-66,-71,-79,-78,-74,-75,-77,-70,-65,-68,-74,-71,-65,-62,-66,-67,-64,-62,-62,-63,-59,-58,-58,-58
-14,-16,-14,-14,29,1014,989,510,212,187,512,134,-46,107,358,129,-30,-50,-52,-68,-84,-62,-32,-68,-83,-76,-68,-69,-78,-76,-76,-74,-75,-71,-63,-68,-74,-71,-65,-67,-69,-67,-63,-63,-63,-63,-63,-61,-58,-59
-14,-11,-14,-11,34,1019,989,501,205,171,501,129,-46,99,343,109,-39,-64,-45,-58,-82,-64,-34,-70,-79,-72,-66,-72,-81,-74,-70,-74,-77,-71,-66,-70,-74,-71,-67,-65,-66,-62,-60,-59,-66,-60,-61,-56,-56,-57
-14,-12,-14,-13,33,982,974,529,225,246,495,130,-48,-11,97,46,-5,-34,12,-21,-57,-67,-68,-79,-79,-71,-70,-73,-77,-72,-68,-69,-67,-67,-61,-64,-66,-67,-61,-64,-62,-62,-59,-60,-58,-58,-56,-56,-53,-56
-13,-14,-12,-13,32,844,877,531,235,402,406,95,-24,-30,188,205,64,-2,-48,-25,-48,-66,-69,-78,-82,-77,-71,-74,-78,-75,-72,-73,-75,-70,-63,-66,-69,-67,-65,-64,-63,-63,-63,-58,-58,-59,-58,-59,-56,-56
-16,-15,-14,-17,25,782,835,524,232,427,374,79,-34,-26,147,194,66,-33,-49,-23,-52,-66,-65,-79,-78,-73,-70,-72,-77,-72,-68,-72,-72,-68,-60,-66,-67,-67,-64,-62,-61,-62,-61,-57,-59,-58,-59,-57,-55,-56
-16,-17,-17,-18,24,787,839,527,226,411,384,84,-31,-34,151,179,61,-19,-51,-20,-53,-69,-68,-79,-80,-75,-68,-77,-78,-74,-72,-74,-74,-69,-64,-67,-67,-68,-65,-65,-64,-62,-58,-60,-61,-61,-57,-57,-55,-55
-16,-16,-16,-16,24,835,871,531,227,404,414,98,-33,-31,206,194,56,-5,-48,-36,-55,-69,-72,-78,-82,-77,-74,-72,-80,-78,-71,-74,-77,-71,-68,-65,-72,-72,-67,-65,-67,-67,-64,-60,-64,-62,-60,-60,-59,-59
-15,-16,-16,-13,31,878,896,530,228,375,453,115,-36,-17,275,214,52,-7,-52,-54,-72,-76,-64,-75,-82,-77,-74,-76,-79,-77,-74,-76,-78,-72,-70,-67,-73,-74,-68,-68,-72,-69,-66,-63,-63,-63,-63,-59,-59,-58
-14,-12,-10,-13,34,928,934,530,229,317,481,126,-41,-3,213,120,17,-51,-39,-46,-71,-72,-55,-65,-74,-69,-70,-73,-77,-72,-68,-75,-71,-67,-62,-63,-69,-68,-62,-60,-63,-62,-61,-58,-60,-60,-57,-57,-55,-56
-16,-13,-14,-15,30,936,939,535,235,320,493,130,-43,-6,205,113,15,-53,-33,-45,-72,-71,-56,-65,-74,-74,-73,-74,-81,-74,-66,-72,-75,-68,-61,-67,-66,-70,-65,-64,-65,-64,-60,-60,-63,-60,-58,-57,-56,-58
-14,-15,-11,-13,30,925,932,534,233,321,476,122,-44,-8,233,141,20,-50,-43,-47,-76,-74,-55,-65,-72,-77,-71,-73,-79,-76,-67,-75,-74,-69,-60,-66,-69,-70,-66,-64,-63,-64,-60,-59,-61,-60,-61,-59,-56,-59
-13,-13,-15,-15,32,933,937,535,232,311,477,126,-44,-6,203,112,14,-54,-35,-40,-71,-72,-54,-68,-72,-71,-70,-73,-80,-73,-69,-69,-70,-69,-61,-64,-69,-67,-63,-61,-64,-61,-63,-57,-59,-60,-60,-57,-55,-57
-12,-13,-16,-13,32,957,957,535,231,277,491,127,-47,-18,112,42,-6,-45,-8,-25,-61,-73,-65,-75,-75,-69,-70,-73,-74,-72,-67,-69,-73,-66,-60,-62,-64,-66,-63,-63,-63,-63,-60,-57,-59,-63,-58,-56,-55,-56
-17,-15,-14,-15,29,967,960,520,218,250,499,124,-50,6,78,15,-9,-23,2,-38,-65,-77,-67,-79,-81,-70,-71,-76,-76,-72,-71,-74,-74,-65,-63,-66,-71,-68,-65,-65,-65,-63,-62,-61,-65,-62,-58,-56,-57,-57
-15,-13,-14,-11,32,992,978,523,229,239,514,134,-46,59,144,46,0,0,-10,-53,-78,-71,-66,-79,-78,-72,-71,-69,-78,-72,-71,-71,-74,-66,-66,-65,-67,-64,-64,-63,-59,-63,-57,-58,-58,-59,-56,-55,-57,-56
-13,-14,-14,-12,32,1009,983,521,228,216,511,132,-49,100,240,80,-4,2,-36,-66,-82,-71,-59,-81,-82,-73,-69,-70,-81,-74,-73,-71,-72,-70,-64,-66,-71,-72,-65,-64,-66,-63,-63,-60,-65,-61,-58,-57,-57,-58
-12,-16,-11,-13,33,1023,990,513,226,201,517,133,-46,115,305,100,-11,-14,-54,-75,-82,-66,-44,-76,-82,-75,-71,-78,-81,-73,-71,-77,-79,-69,-66,-67,-72,-73,-65,-65,-66,-64,-62,-63,-63,-63,-61,-59,-59,-59
-16,-18,-13,-17,30,1029,996,508,225,185,513,131,-47,117,334,102,-24,-35,-55,-70,-85,-64,-35,-71,-81,-77,-71,-79,-82,-75,-73,-74,-77,-71,-61,-66,-70,-71,-66,-69,-66,-64,-63,-61,-61,-63,-62,-61,-61,-60
-15,-17,-16,-16,28,1031,995,502,220,179,509,121,-48,101,324,81,-40,-50,-62,-71,-84,-67,-38,-70,-80,-77,-71,-77,-80,-77,-76,-76,-79,-72,-65,-68,-74,-71,-67,-66,-70,-67,-63,-65,-64,-66,-62,-61,-61,-59
-15,-17,-19,-18,25,1051,1006,501,226,183,529,125,-45,81,288,46,-51,-67,-38,-50,-83,-65,-38,-71,-83,-73,-71,-78,-79,-77,-73,-74,-77,-71,-67,-69,-75,-77,-69,-69,-67,-65,-66,-63,-64,-66,-62,-59,-60,-57
-14,-12,-11,-13,32,1062,1002,484,224,191,536,134,-41,54,215,2,-51,-64,0,-33,-74,-62,-52,-70,-80,-71,-67,-75,-79,-73,-69,-71,-73,-68,-63,-66,-67,-68,-62,-62,-64,-63,-62,-60,-60,-60,-58,-60,-56,-58
-16,-16,-16,-18,27,1068,1004,476,218,194,536,124,-44,39,162,-29,-48,-54,23,-31,-75,-68,-65,-75,-80,-70,-72,-77,-79,-76,-70,-73,-73,-68,-69,-68,-70,-71,-63,-66,-63,-64,-63,-60,-64,-63,-60,-56,-58,-57
-19,-19,-15,-17,24,1063,1009,499,226,180,529,131,-44,92,298,61,-47,-58,-53,-64,-84,-67,-36,-71,-82,-78,-74,-79,-82,-78,-77,-77,-79,-69,-67,-70,-74,-71,-74,-68,-69,-68,-65,-67,-63,-65,-64,-60,-61,-58
-15,-16,-16,-19,30,993,966,545,252,295,480,120,-44,-20,235,130,-2,-46,-55,-58,-80,-81,-70,-70,-79,-76,-77,-78,-79,-78,-72,-75,-75,-71,-71,-69,-69,-71,-69,-66,-67,-66,-62,-65,-65,-65,-64,-60,-61,-59
-13,-14,-14,-12,29,888,890,541,254,413,414,109,-19,-25,149,164,61,-5,-48,-30,-59,-71,-71,-80,-81,-76,-73,-75,-81,-74,-73,-74,-75,-69,-65,-67,-71,-68,-65,-66,-66,-62,-61,-62,-62,-62,-60,-60,-60,-58
-13,-14,-16,-14,31,865,880,544,249,418,416,106,-20,-29,153,161,60,-6,-48,-29,-55,-70,-71,-79,-82,-75,-69,-76,-80,-74,-71,-71,-72,-69,-64,-63,-68,-67,-65,-65,-62,-63,-60,-58,-61,-60,-61,-57,-54,-57
-11,-14,-12,-11,32,894,896,542,249,400,440,117,-22,-13,211,171,52,12,-47,-40,-67,-74,-75,-81,-84,-76,-76,-73,-77,-77,-73,-77,-77,-66,-67,-68,-71,-68,-65,-65,-65,-63,-61,-62,-61,-60,-59,-60,-58,-58
-11,-13,-12,-17,30,921,917,551,253,394,480,130,-26,-6,249,175,47,7,-57,-57,-79,-78,-75,-82,-85,-79,-73,-75,-80,-79,-75,-76,-76,-72,-69,-66,-72,-73,-66,-65,-66,-66,-63,-63,-63,-64,-63,-58,-59,-58
-16,-15,-16,-15,29,960,943,537,245,343,512,137,-40,-23,184,78,2,-46,-60,-67,-79,-77,-59,-66,-77,-78,-76,-76,-77,-76,-73,-75,-74,-70,-67,-70,-72,-69,-69,-65,-67,-64,-63,-59,-62,-60,-60,-60,-59,-59
-13,-13,-11,-15,32,978,955,530,240,310,525,138,-40,-29,102,13,-16,-56,-43,-50,-68,-72,-65,-69,-75,-69,-70,-73,-73,-69,-66,-70,-72,-64,-62,-63,-65,-65,-62,-61,-61,-63,-58,-57,-59,-59,-57,-55,-54,-56
-16,-17,-14,-14,31,982,958,536,243,313,527,137,-40,-34,120,29,-14,-56,-45,-50,-72,-75,-63,-67,-76,-74,-75,-75,-79,-76,-67,-74,-71,-70,-65,-66,-70,-67,-63,-63,-66,-61,-58,-58,-59,-60,-60,-56,-58,-57
-13,-15,-17,-16,27,975,958,536,244,314,520,134,-42,-32,137,44,-11,-58,-45,-54,-77,-75,-62,-68,-73,-74,-74,-78,-81,-73,-71,-70,-75,-69,-66,-67,-69,-67,-68,-63,-63,-62,-62,-57,-61,-61,-60,-60,-58,-58
-17,-15,-16,-17,29,985,966,533,240,297,521,134,-43,-27,90,2,-19,-54,-26,-41,-67,-72,-70,-75,-78,-72,-72,-76,-75,-71,-70,-71,-75,-69,-65,-68,-68,-68,-63,-63,-64,-62,-58,-58,-62,-61,-59,-57,-57,-59
-11,-14,-14,-17,32,989,961,532,233,266,512,133,-45,-8,71,4,-13,-38,-4,-31,-63,-74,-70,-79,-80,-66,-69,-72,-74,-73,-67,-69,-70,-64,-62,-63,-65,-66,-60,-62,-63,-61,-58,-55,-57,-58,-56,-54,-54,-52
-12,-13,-13,-13,30,1008,980,530,236,244,517,139,-46,42,102,22,-9,-10,0,-51,-72,-74,-69,-79,-81,-69,-69,-69,-75,-72,-70,-70,-75,-68,-63,-68,-68,-68,-63,-65,-61,-63,-58,-59,-59,-63,-55,-56,-55,-54
-20,-17,-15,-16,30,1022,985,524,230,230,529,137,-48,76,179,47,-8,-7,-21,-66,-81,-74,-67,-81,-85,-76,-74,-75,-81,-77,-75,-76,-76,-70,-69,-70,-71,-71,-68,-68,-67,-67,-64,-59,-62,-63,-61,-59,-59,-60
-14,-12,-13,-11,32,1026,991,519,225,221,535,143,-46,106,252,84,-10,-10,-41,-74,-84,-69,-53,-78,-85,-75,-77,-72,-81,-78,-75,-75,-78,-70,-66,-68,-70,-69,-68,-64,-65,-63,-66,-61,-62,-63,-60,-57,-58,-60
-12,-15,-14,-13,32,1028,994,515,223,209,530,141,-49,112,289,90,-19,-24,-52,-78,-84,-68,-46,-79,-82,-76,-71,-77,-81,-76,-74,-74,-76,-71,-63,-67,-71,-71,-67,-65,-67,-66,-61,-62,-62,-62,-62,-59,-57,-58
-12,-15,-13,-17,31,1031,997,514,224,201,531,146,-47,116,320,113,-20,-31,-52,-72,-85,-68,-40,-75,-83,-78,-70,-80,-81,-78,-74,-77,-79,-69,-65,-68,-75,-71,-70,-66,-67,-68,-62,-62,-64,-64,-61,-60,-59,-58
-12,-16,-17,-14,30,1038,1001,513,223,196,543,146,-48,114,340,104,-33,-44,-55,-75,-86,-63,-32,-71,-84,-76,-70,-79,-81,-78,-74,-77,-78,-75,-65,-70,-76,-74,-69,-67,-69,-69,-64,-65,-64,-67,-64,-61,-62,-63
-12,-14,-13,-15,32,1037,995,502,213,192,539,146,-47,108,342,105,-38,-59,-53,-68,-85,-64,-32,-69,-82,-74,-66,-76,-79,-75,-72,-75,-77,-71,-64,-66,-70,-69,-66,-66,-68,-65,-61,-62,-64,-63,-61,-57,-60,-58
-12,-12,-13,-15,33,1047,1008,507,213,187,542,149,-49,89,309,77,-48,-70,-20,-43,-81,-66,-41,-69,-83,-72,-66,-73,-81,-78,-75,-71,-78,-70,-65,-68,-69,-70,-69,-66,-67,-63,-64,-60,-63,-64,-63,-60,-58,-57
-16,-13,-13,-12,32,1034,1005,520,211,190,518,147,-48,109,341,147,-23,-49,-51,-70,-87,-64,-28,-67,-82,-77,-64,-71,-80,-77,-77,-76,-76,-70,-64,-67,-71,-71,-69,-65,-66,-68,-64,-62,-63,-65,-63,-61,-60,-60
-18,-17,-13,-17,30,932,938,541,229,336,459,113,-42,-10,316,244,48,-33,-51,-49,-81,-81,-62,-70,-82,-78,-77,-78,-84,-82,-76,-77,-78,-76,-67,-73,-76,-74,-68,-70,-71,-71,-65,-63,-66,-64,-65,-63,-62,-62
-13,-14,-12,-13,26,803,856,535,228,424,383,77,-32,-21,172,225,79,-25,-49,-15,-41,-66,-59,-72,-80,-73,-68,-73,-79,-71,-69,-73,-71,-69,-64,-64,-68,-67,-66,-62,-64,-64,-60,-58,-58,-59,-59,-58,-56,-54
-14,-13,-12,-12,30,806,857,531,223,414,386,81,-36,-32,176,199,67,-14,-47,-20,-43,-65,-67,-75,-78,-73,-71,-72,-75,-71,-69,-71,-72,-65,-63,-63,-66,-68,-62,-64,-61,-61,-59,-58,-60,-62,-57,-56,-56,-56
-14,-14,-14,-11,29,834,879,534,224,406,406,90,-33,-27,223,227,73,-3,-43,-30,-43,-65,-66,-74,-81,-75,-70,-74,-76,-75,-75,-71,-75,-72,-65,-67,-69,-69,-68,-66,-66,-66,-61,-60,-61,-60,-61,-58,-56,-54
-12,-16,-13,-14,30,853,890,542,223,397,422,96,-36,-25,267,250,74,-6,-44,-37,-55,-69,-67,-76,-84,-78,-72,-71,-77,-78,-71,-74,-76,-73,-69,-68,-68,-69,-66,-63,-66,-64,-63,-61,-62,-63,-61,-59,-60,-56
-13,-12,-12,-15,36,916,929,540,226,349,478,126,-44,4,282,199,42,-41,-50,-57,-77,-72,-52,-64,-75,-75,-70,-74,-80,-74,-70,-73,-72,-70,-62,-66,-71,-69,-65,-65,-64,-65,-62,-61,-62,-60,-62,-61,-58,-56
-13,-12,-14,-16,30,947,952,535,222,315,500,133,-46,-6,186,110,14,-56,-23,-42,-70,-71,-61,-70,-81,-76,-69,-75,-79,-76,-70,-70,-76,-69,-61,-66,-69,-69,-65,-63,-65,-65,-59,-60,-60,-61,-60,-59,-58,-58
-14,-12,-13,-14,34,946,957,536,215,315,505,134,-44,-1,191,125,19,-55,-18,-39,-67,-71,-59,-72,-77,-76,-71,-75,-74,-72,-71,-72,-72,-68,-60,-64,-67,-68,-63,-60,-64,-64,-61,-57,-59,-61,-62,-58,-58,-55
-16,-17,-14,-19,31,950,956,541,216,303,492,129,-48,-7,190,121,13,-57,-16,-36,-69,-72,-61,-77,-78,-78,-75,-78,-79,-77,-71,-74,-77,-70,-65,-68,-69,-72,-69,-63,-66,-69,-66,-64,-64,-63,-62,-59,-59,-55
-13,-16,-13,-10,38,963,964,536,213,279,484,131,-47,-4,137,89,2,-48,13,-16,-62,-68,-63,-75,-80,-72,-70,-76,-79,-69,-70,-70,-72,-68,-61,-68,-69,-66,-65,-63,-63,-62,-59,-58,-60,-59,-59,-56,-56,-57
-13,-14,-14,-16,31,971,975,536,211,251,477,126,-50,-5,91,52,-3,-32,21,-19,-64,-71,-67,-79,-81,-69,-74,-77,-77,-73,-70,-72,-70,-73,-67,-67,-69,-71,-66,-63,-64,-64,-63,-60,-59,-64,-59,-60,-58,-55
-16,-19,-16,-15,33,982,980,535,207,229,473,125,-51,17,99,52,-12,-17,13,-35,-75,-74,-63,-81,-79,-74,-71,-76,-81,-75,-73,-70,-78,-69,-66,-67,-68,-69,-65,-65,-64,-65,-62,-62,-61,-62,-58,-57,-56,-57
-13,-13,-12,-14,33,999,988,529,208,217,490,133,-48,57,176,87,-6,-12,-14,-50,-79,-71,-56,-78,-83,-73,-71,-71,-78,-74,-71,-71,-72,-70,-63,-65,-67,-68,-63,-62,-64,-63,-61,-59,-60,-62,-61,-57,-59,-58
-17,-16,-14,-17,29,1006,993,528,208,203,489,128,-50,79,240,114,-14,-25,-28,-60,-81,-72,-55,-79,-84,-75,-71,-77,-81,-78,-74,-77,-75,-73,-64,-68,-77,-72,-66,-67,-67,-66,-65,-61,-60,-64,-63,-61,-58,-59
-14,-13,-14,-12,32,1016,998,521,206,192,491,132,-46,96,298,139,-19,-36,-42,-63,-83,-68,-46,-78,-82,-75,-66,-71,-81,-75,-75,-73,-78,-70,-63,-67,-71,-72,-65,-64,-67,-64,-60,-63,-63,-63,-61,-62,-58,-59
-15,-16,-14,-17,31,1020,997,515,196,177,488,125,-51,95,338,149,-31,-54,-49,-65,-88,-69,-41,-76,-84,-77,-67,-75,-81,-78,-76,-79,-78,-73,-66,-70,-75,-73,-69,-70,-70,-68,-62,-65,-68,-67,-63,-60,-59,-63
-11,-14,-14,-14,33,1035,1008,515,203,186,516,144,-46,103,360,146,-32,-67,-39,-56,-83,-62,-34,-68,-82,-74,-63,-70,-81,-77,-73,-76,-76,-72,-65,-67,-73,-71,-67,-67,-70,-65,-64,-65,-65,-64,-62,-58,-58,-60
-13,-11,-12,-13,32,1036,1007,514,199,174,501,143,-47,94,345,134,-35,-70,-15,-42,-80,-66,-46,-71,-83,-76,-64,-73,-82,-78,-73,-74,-77,-70,-67,-70,-73,-73,-64,-66,-67,-64,-63,-60,-63,-63,-62,-60,-59,-58
-17,-16,-16,-17,29,1003,993,526,196,204,477,131,-51,46,165,103,-9,-22,-15,-53,-81,-72,-59,-78,-83,-75,-71,-74,-81,-76,-73,-74,-75,-73,-64,-67,-72,-70,-65,-64,-66,-63,-62,-61,-63,-64,-63,-60,-60,-58
-14,-18,-14,-17,32,903,927,538,224,349,428,102,-39,-11,335,294,73,-15,-38,-27,-68,-73,-64,-72,-83,-78,-73,-72,-81,-81,-74,-75,-79,-76,-70,-68,-73,-71,-70,-64,-67,-69,-64,-62,-64,-67,-62,-61,-60,-60
-17,-14,-17,-15,28,822,881,533,217,397,382,78,-39,-31,207,241,73,-11,-42,-19,-33,-65,-65,-73,-82,-80,-73,-75,-78,-78,-76,-74,-75,-71,-68,-67,-70,-72,-66,-67,-66,-65,-65,-63,-62,-62,-60,-60,-60,-58
-14,-18,-15,-17,27,839,886,534,213,387,390,84,-42,-32,235,244,71,-7,-43,-29,-44,-64,-70,-76,-83,-80,-72,-76,-79,-77,-74,-75,-76,-71,-68,-68,-69,-73,-68,-65,-68,-65,-64,-61,-62,-63,-62,-58,-60,-59
-15,-16,-15,-17,30,866,908,541,219,373,415,95,-42,-22,303,278,70,-15,-42,-35,-62,-71,-67,-75,-85,-80,-76,-74,-81,-81,-74,-76,-79,-78,-71,-71,-74,-71,-69,-69,-69,-67,-62,-62,-67,-64,-61,-60,-61,-60
-13,-13,-15,-14,34,914,937,541,214,340,456,116,-42,2,314,245,54,-45,-34,-49,-80,-72,-51,-64,-78,-79,-77,-70,-78,-78,-74,-74,-79,-71,-66,-67,-73,-71,-64,-65,-68,-69,-63,-59,-63,-64,-60,-59,-57,-58
-13,-13,-13,-11,35,961,973,537,210,288,493,129,-46,-7,142,102,10,-45,15,-16,-61,-69,-61,-79,-80,-71,-71,-74,-76,-72,-71,-71,-75,-67,-62,-63,-67,-70,-62,-60,-62,-62,-60,-58,-59,-62,-57,-58,-56,-55
-13,-16,-13,-15,34,973,971,532,214,285,493,133,-46,-9,135,92,8,-46,12,-20,-56,-69,-64,-80,-78,-71,-70,-74,-75,-73,-68,-67,-71,-68,-62,-64,-67,-68,-60,-61,-62,-63,-60,-60,-61,-59,-59,-56,-57,-55
-10,-13,-12,-11,34,959,962,530,209,285,488,123,-46,-11,169,107,7,-55,-1,-29,-66,-72,-66,-78,-79,-73,-70,-73,-75,-72,-69,-69,-75,-71,-62,-66,-67,-67,-64,-63,-64,-63,-61,-56,-61,-61,-57,-56,-57,-58
-17,-16,-14,-14,34,965,970,534,211,277,478,126,-48,-8,156,106,5,-48,13,-21,-59,-71,-66,-77,-79,-71,-72,-74,-77,-75,-72,-70,-75,-69,-62,-68,-69,-70,-65,-63,-63,-64,-62,-58,-60,-65,-58,-58,-58,-56
-12,-14,-11,-13,37,980,976,533,210,253,476,126,-47,-9,101,65,-2,-29,29,-18,-59,-70,-67,-77,-78,-70,-67,-73,-77,-72,-66,-70,-71,-68,-62,-62,-67,-65,-61,-64,-63,-62,-58,-59,-58,-59,-58,-56,-57,-57
-14,-11,-11,-13,36,988,985,525,201,213,464,123,-51,24,117,66,-12,-13,9,-44,-73,-71,-63,-78,-80,-69,-71,-73,-80,-70,-68,-68,-73,-68,-63,-63,-70,-66,-62,-62,-62,-61,-57,-57,-58,-60,-59,-55,-56,-58
-17,-17,-14,-14,29,1003,996,535,206,195,469,119,-53,56,194,101,-12,-14,-14,-57,-82,-76,-62,-80,-81,-76,-71,-74,-80,-76,-73,-76,-79,-72,-67,-70,-73,-70,-69,-65,-67,-64,-64,-63,-64,-65,-63,-56,-57,-58
-16,-13,-14,-17,33,1019,1000,528,207,182,467,124,-49,83,274,135,-17,-25,-33,-56,-83,-68,-52,-78,-81,-76,-70,-71,-82,-75,-73,-74,-77,-67,-63,-66,-69,-72,-67,-67,-67,-65,-64,-62,-59,-61,-59,-60,-56,-55
-13,-16,-13,-14,32,1028,1008,524,206,165,455,119,-51,100,328,153,-24,-45,-43,-54,-85,-67,-41,-71,-82,-73,-64,-74,-81,-78,-74,-75,-80,-70,-60,-65,-71,-70,-65,-67,-66,-66,-61,-63,-65,-65,-61,-59,-57,-59
-14,-13,-15,-13,31,1031,1005,517,203,156,455,118,-50,104,352,155,-34,-57,-44,-54,-82,-64,-37,-73,-83,-78,-66,-75,-79,-75,-74,-71,-75,-71,-63,-65,-73,-69,-66,-66,-65,-65,-65,-59,-64,-62,-61,-57,-57,-59
-17,-16,-15,-20,28,1038,1011,509,205,143,454,110,-51,92,343,124,-43,-76,-28,-46,-81,-66,-45,-75,-85,-74,-68,-78,-83,-76,-73,-77,-77,-71,-67,-71,-75,-75,-67,-67,-68,-69,-66,-65,-66,-65,-65,-59,-59,-58
-12,-15,-14,-14,33,1046,1017,514,201,134,442,114,-50,86,318,113,-42,-67,-2,-26,-76,-63,-49,-74,-81,-72,-66,-74,-80,-76,-73,-72,-75,-70,-64,-68,-73,-71,-64,-63,-66,-64,-58,-62,-63,-63,-58,-60,-58,-57
-12,-14,-13,-13,34,1009,1000,541,218,197,446,116,-50,-6,92,74,1,-5,33,-25,-64,-71,-68,-78,-79,-70,-68,-71,-76,-71,-69,-70,-70,-69,-62,-64,-66,-67,-63,-61,-62,-62,-57,-62,-60,-60,-56,-57,-54,-55
-9,-13,-15,-13,29,890,920,546,226,353,390,87,-36,-28,281,277,70,-9,-38,-19,-48,-67,-70,-73,-85,-79,-75,-74,-77,-78,-76,-76,-79,-73,-70,-69,-71,-70,-67,-65,-66,-66,-63,-65,-63,-65,-63,-60,-61,-56
-15,-18,-17,-15,28,839,890,541,225,386,373,75,-36,-34,197,238,74,-7,-43,-18,-32,-64,-71,-77,-81,-77,-73,-77,-78,-77,-76,-75,-77,-73,-67,-68,-69,-70,-68,-65,-65,-67,-62,-60,-62,-64,-65,-61,-59,-59
-12,-15,-15,-14,33,872,909,536,221,367,390,87,-38,-29,254,255,70,-6,-40,-26,-45,-61,-69,-74,-83,-77,-75,-73,-79,-76,-74,-73,-75,-71,-69,-71,-70,-69,-65,-66,-67,-64,-60,-60,-64,-63,-62,-59,-57,-61
-11,-14,-13,-13,32,902,926,538,219,343,430,104,-39,-10,313,256,59,-21,-45,-41,-69,-71,-64,-71,-83,-78,-76,-74,-80,-74,-76,-78,-78,-76,-70,-73,-71,-73,-69,-66,-68,-67,-63,-60,-62,-65,-61,-60,-58,-58
-16,-16,-14,-17,29,962,967,547,224,311,496,126,-48,-8,221,139,16,-57,-30,-41,-71,-77,-58,-70,-82,-77,-75,-76,-80,-79,-72,-74,-77,-74,-66,-70,-74,-71,-67,-67,-67,-66,-66,-64,-67,-63,-63,-59,-59,-57
-14,-14,-12,-14,37,995,985,538,220,277,522,139,-48,-9,88,45,-3,-28,15,-28,-60,-74,-65,-77,-80,-70,-70,-76,-74,-73,-72,-74,-71,-65,-63,-67,-69,-67,-62,-63,-62,-63,-61,-58,-56,-59,-57,-58,-55,-55
-16,-15,-11,-14,31,994,984,538,221,273,514,132,-47,-20,94,50,-3,-31,12,-26,-59,-75,-67,-81,-84,-73,-72,-77,-78,-76,-71,-70,-74,-69,-66,-66,-69,-68,-64,-65,-64,-63,-61,-59,-64,-62,-60,-59,-58,-58
-17,-14,-17,-17,32,983,974,535,217,263,483,124,-50,-29,111,63,-4,-45,6,-30,-61,-75,-74,-82,-80,-73,-71,-77,-80,-75,-70,-74,-76,-71,-66,-67,-71,-67,-64,-67,-66,-64,-62,-60,-61,-66,-60,-57,-56,-59
-17,-14,-16,-17,31,988,980,535,220,246,470,118,-49,-25,89,51,-5,-28,17,-25,-60,-75,-75,-80,-81,-71,-69,-75,-77,-72,-71,-74,-71,-67,-64,-67,-69,-67,-63,-63,-67,-63,-60,-59,-61,-61,-59,-56,-57,-57
-14,-15,-14,-12,33,998,992,534,220,217,462,117,-49,9,98,62,0,-1,18,-37,-68,-73,-69,-78,-79,-69,-69,-74,-77,-70,-69,-70,-71,-68,-64,-64,-68,-67,-61,-61,-64,-62,-60,-57,-62,-58,-58,-56,-53,-55
-13,-10,-12,-13,33,1010,1000,533,219,196,451,114,-50,40,148,80,-3,5,1,-51,-77,-73,-66,-80,-82,-74,-69,-75,-80,-74,-74,-69,-70,-67,-61,-66,-67,-68,-62,-62,-64,-63,-63,-58,-61,-59,-60,-58,-56,-59
-17,-18,-19,-19,31,1010,996,531,210,176,450,106,-54,62,216,105,-12,-6,-25,-59,-83,-73,-66,-79,-83,-74,-71,-78,-79,-79,-74,-76,-77,-72,-65,-70,-73,-73,-66,-67,-68,-65,-61,-63,-63,-65,-60,-58,-58,-60
-13,-10,-13,-13,31,1026,1012,535,213,183,461,119,-51,81,257,132,-11,-12,-27,-59,-82,-73,-52,-74,-83,-75,-69,-72,-82,-78,-72,-76,-73,-67,-63,-66,-71,-68,-65,-66,-66,-64,-60,-60,-61,-59,-63,-58,-57,-58
-15,-17,-15,-13,30,1030,1010,533,211,177,470,123,-51,94,305,148,-18,-30,-41,-59,-84,-69,-47,-75,-83,-79,-71,-75,-81,-78,-75,-77,-77,-74,-67,-70,-73,-74,-68,-69,-69,-68,-62,-63,-66,-62,-63,-63,-61,-60
-11,-10,-16,-14,31,1031,1011,528,212,170,464,119,-51,107,339,160,-23,-40,-39,-61,-83,-62,-37,-74,-83,-78,-66,-72,-81,-77,-73,-77,-78,-71,-63,-67,-72,-71,-67,-66,-68,-65,-63,-63,-62,-63,-61,-58,-60,-58
-14,-16,-16,-16,30,1032,1009,519,204,166,466,124,-52,104,346,161,-27,-49,-46,-58,-84,-64,-34,-70,-82,-77,-65,-71,-79,-76,-75,-75,-77,-71,-65,-69,-71,-75,-65,-66,-68,-66,-64,-60,-62,-63,-61,-62,-58,-58
-17,-16,-14,-14,31,1036,1010,517,200,145,450,113,-51,96,353,152,-36,-65,-37,-55,-85,-61,-36,-70,-82,-77,-68,-76,-83,-78,-75,-76,-78,-74,-68,-70,-76,-73,-68,-69,-67,-68,-65,-64,-65,-68,-63,-61,-57,-59
-12,-12,-18,-14,35,1017,1002,534,211,179,444,115,-51,41,165,102,-2,0,4,-50,-76,-76,-63,-78,-81,-71,-69,-73,-79,-72,-70,-69,-73,-70,-64,-64,-69,-69,-64,-64,-62,-64,-60,-58,-59,-62,-59,-56,-55,-54
-14,-17,-14,-15,30,895,925,546,225,345,399,88,-37,-24,309,286,72,-15,-40,-27,-56,-73,-71,-75,-85,-81,-72,-72,-81,-81,-71,-76,-78,-78,-70,-70,-73,-76,-69,-69,-67,-69,-63,-63,-64,-65,-62,-61,-60,-62
-12,-14,-13,-15,26,796,859,535,229,417,364,74,-36,-25,170,242,88,-25,-44,-9,-37,-71,-61,-78,-79,-72,-68,-73,-75,-73,-69,-73,-69,-69,-63,-63,-68,-64,-63,-61,-65,-61,-62,-58,-58,-59,-59,-57,-57,-54
-14,-12,-11,-15,30,804,865,535,227,415,377,81,-37,-25,177,232,83,-20,-42,-12,-39,-66,-62,-76,-79,-71,-70,-75,-80,-71,-70,-74,-72,-68,-62,-65,-66,-68,-65,-61,-63,-65,-59,-58,-60,-59,-58,-60,-57,-55
-12,-13,-10,-14,30,839,886,534,231,409,404,92,-31,-30,218,229,73,-8,-44,-25,-41,-68,-68,-74,-81,-75,-69,-73,-77,-78,-69,-72,-74,-69,-64,-66,-69,-69,-64,-64,-63,-63,-59,-60,-60,-63,-58,-56,-56,-58
-14,-12,-13,-18,33,884,911,539,227,399,450,111,-34,-11,300,261,75,-10,-47,-48,-61,-76,-74,-77,-83,-78,-74,-70,-81,-80,-73,-78,-78,-75,-70,-69,-72,-69,-67,-66,-66,-65,-65,-62,-62,-64,-61,-62,-58,-60
-14,-13,-11,-13,39,917,938,534,215,332,458,116,-45,4,294,220,48,-51,-42,-56,-77,-72,-57,-67,-80,-76,-73,-75,-81,-77,-71,-73,-73,-70,-64,-67,-72,-67,-67,-67,-65,-64,-62,-59,-62,-62,-58,-58,-56,-56
-11,-15,-14,-12,32,946,960,546,218,304,463,120,-47,3,238,171,29,-56,-15,-34,-72,-78,-61,-70,-78,-74,-75,-75,-79,-76,-71,-75,-74,-70,-65,-66,-68,-70,-65,-65,-63,-66,-64,-59,-62,-59,-62,-56,-58,-56
-15,-14,-13,-13,33,937,953,544,212,306,453,115,-46,9,268,198,31,-54,-19,-37,-71,-75,-59,-68,-78,-74,-74,-70,-81,-77,-72,-70,-76,-70,-65,-65,-70,-75,-68,-68,-66,-66,-63,-61,-62,-63,-62,-59,-59,-60
-12,-15,-14,-11,33,942,955,539,217,277,429,105,-49,9,262,189,29,-52,-3,-27,-67,-74,-57,-69,-80,-77,-73,-70,-79,-77,-69,-70,-71,-72,-61,-67,-67,-70,-63,-63,-64,-66,-59,-60,-62,-63,-60,-58,-60,-57
-17,-18,-17,-17,29,952,970,547,218,259,430,105,-49,-2,193,136,13,-43,24,-17,-62,-77,-65,-77,-80,-73,-74,-77,-79,-76,-71,-74,-74,-69,-65,-67,-71,-71,-64,-67,-63,-63,-63,-62,-61,-62,-60,-59,-56,-60
-11,-16,-16,-13,33,976,980,541,217,230,439,112,-48,-14,100,78,3,-18,34,-14,-56,-72,-67,-79,-78,-69,-67,-71,-74,-73,-69,-72,-70,-66,-62,-64,-68,-63,-63,-61,-58,-61,-61,-58,-59,-59,-58,-58,-55,-55
-13,-13,-12,-11,35,998,990,536,212,216,464,119,-51,21,121,76,0,0,15,-44,-72,-75,-66,-79,-80,-69,-68,-74,-79,-75,-70,-70,-71,-67,-64,-67,-67,-67,-63,-63,-62,-61,-59,-61,-59,-59,-61,-54,-59,-56
-18,-14,-16,-14,31,1001,996,530,209,203,470,123,-52,46,170,96,-8,-6,-11,-57,-81,-76,-66,-81,-81,-73,-71,-75,-81,-75,-70,-71,-75,-68,-65,-65,-71,-68,-66,-64,-66,-61,-61,-56,-59,-61,-56,-58,-59,-56
-15,-18,-17,-19,34,1021,1003,530,211,200,485,126,-50,84,262,132,-8,-17,-36,-69,-87,-73,-54,-79,-84,-77,-72,-77,-82,-78,-73,-77,-78,-76,-68,-69,-72,-70,-67,-69,-70,-67,-65,-64,-65,-68,-63,-60,-62,-62
-14,-16,-14,-13,36,1028,1002,526,218,193,485,131,-49,101,306,153,-10,-25,-44,-67,-85,-66,-47,-77,-83,-77,-70,-72,-82,-75,-74,-76,-78,-70,-64,-65,-70,-71,-66,-65,-68,-66,-64,-64,-61,-64,-63,-62,-58,-57
-14,-11,-15,-11,32,1033,1010,525,215,192,508,136,-46,114,350,161,-19,-39,-48,-70,-88,-64,-31,-69,-83,-78,-65,-76,-79,-76,-72,-78,-78,-73,-66,-69,-74,-73,-68,-67,-67,-65,-68,-61,-64,-62,-62,-59,-58,-61
-18,-15,-15,-18,31,1039,1004,512,206,172,494,127,-51,102,359,143,-34,-65,-48,-61,-87,-61,-34,-70,-84,-78,-68,-79,-82,-80,-79,-78,-80,-75,-72,-72,-76,-74,-71,-68,-70,-71,-66,-65,-68,-67,-66,-62,-63,-62
-17,-17,-18,-17,28,1046,1011,521,207,165,481,123,-49,101,361,151,-36,-65,-35,-55,-86,-61,-33,-70,-84,-78,-67,-75,-85,-78,-77,-77,-78,-71,-69,-70,-76,-73,-68,-69,-70,-68,-65,-65,-66,-67,-66,-65,-64,-60
-18,-18,-19,-15,28,997,987,543,219,231,451,111,-48,-23,136,99,11,-31,30,-17,-55,-75,-77,-82,-84,-73,-71,-77,-80,-75,-75,-72,-76,-71,-66,-68,-70,-69,-67,-65,-66,-61,-62,-62,-63,-64,-62,-57,-61,-57
-13,-12,-14,-13,29,875,905,542,225,377,394,88,-35,-31,242,260,76,-10,-45,-29,-42,-67,-75,-78,-83,-74,-73,-75,-80,-76,-73,-77,-74,-71,-66,-66,-70,-68,-64,-66,-65,-66,-61,-59,-61,-64,-62,-60,-58,-58
-15,-14,-12,-15,31,841,888,544,233,412,389,88,-32,-35,187,232,80,-15,-40,-13,-34,-68,-63,-77,-83,-75,-72,-77,-77,-75,-71,-73,-76,-67,-65,-65,-70,-66,-64,-63,-63,-62,-60,-61,-62,-61,-59,-58,-57,-61
-14,-13,-14,-15,30,865,899,547,233,392,404,91,-34,-32,236,245,77,-4,-40,-25,-42,-65,-74,-78,-82,-77,-72,-78,-76,-76,-76,-76,-77,-71,-64,-65,-71,-69,-68,-63,-64,-66,-59,-62,-61,-58,-60,-59,-59,-58
-14,-17,-12,-18,30,889,917,547,229,377,430,105,-42,-19,295,263,69,-14,-43,-39,-61,-76,-74,-78,-86,-77,-74,-76,-82,-80,-76,-79,-78,-78,-74,-71,-74,-77,-70,-70,-70,-70,-66,-65,-65,-62,-64,-60,-61,-64
-11,-12,-16,-9,33,939,948,544,228,336,477,124,-44,1,289,201,40,-49,-44,-56,-80,-76,-59,-64,-78,-75,-70,-70,-80,-77,-72,-76,-76,-72,-67,-68,-73,-66,-63,-64,-64,-65,-60,-60,-63,-62,-61,-59,-56,-56
-16,-16,-14,-15,32,984,978,545,226,310,527,138,-47,-22,135,75,5,-49,-3,-34,-66,-78,-70,-80,-83,-74,-75,-77,-79,-76,-72,-71,-76,-72,-71,-67,-71,-67,-67,-67,-67,-65,-65,-62,-63,-66,-62,-58,-60,-59
-17,-16,-16,-17,32,985,976,538,221,296,513,132,-46,-26,138,81,4,-48,-1,-31,-64,-77,-70,-80,-80,-77,-71,-76,-81,-76,-74,-72,-78,-71,-68,-68,-70,-69,-67,-67,-67,-66,-62,-60,-63,-63,-64,-57,-56,-57
-14,-13,-13,-15,33,984,980,539,227,306,518,135,-45,-22,152,90,7,-49,-7,-35,-62,-74,-65,-79,-80,-71,-73,-76,-78,-71,-71,-72,-72,-69,-63,-65,-68,-71,-64,-68,-62,-61,-62,-60,-59,-62,-62,-56,-59,-56
-17,-17,-14,-19,31,979,977,536,218,283,506,131,-47,-27,111,72,-3,-42,6,-29,-61,-76,-75,-82,-83,-73,-72,-78,-77,-76,-73,-74,-77,-69,-65,-67,-74,-70,-67,-66,-64,-64,-62,-59,-64,-60,-59,-59,-57,-58
-16,-15,-11,-14,33,1003,991,541,223,263,505,133,-47,0,94,52,4,-8,27,-30,-62,-76,-69,-80,-82,-67,-70,-72,-77,-70,-68,-72,-71,-65,-62,-66,-67,-66,-61,-65,-64,-60,-58,-57,-62,-61,-59,-56,-57,-54
-14,-12,-12,-14,36,1021,1002,533,222,230,506,131,-49,62,171,86,5,12,0,-60,-82,-78,-66,-81,-83,-73,-69,-74,-80,-72,-73,-76,-74,-68,-67,-69,-69,-69,-66,-62,-63,-64,-62,-57,-59,-62,-61,-57,-56,-57
-15,-16,-15,-15,33,1029,1008,533,218,208,497,126,-48,85,237,118,0,2,-21,-68,-86,-75,-63,-82,-84,-76,-76,-76,-81,-77,-78,-77,-79,-72,-72,-70,-75,-71,-69,-64,-69,-70,-62,-65,-63,-66,-63,-61,-59,-60
-13,-13,-14,-14,30,1032,1009,529,215,187,485,122,-51,101,304,147,-11,-17,-44,-69,-85,-73,-52,-79,-82,-78,-73,-77,-82,-75,-73,-77,-79,-68,-69,-68,-72,-69,-68,-63,-64,-65,-64,-62,-64,-63,-62,-56,-58,-60
-12,-14,-14,-15,32,1045,1019,530,219,171,477,122,-50,114,348,162,-13,-33,-46,-63,-86,-66,-41,-73,-82,-78,-70,-73,-82,-77,-73,-75,-78,-69,-65,-69,-71,-69,-68,-66,-68,-66,-65,-64,-63,-63,-62,-59,-59,-60
-14,-16,-12,-11,32,1046,1017,526,215,166,469,124,-48,114,360,162,-25,-44,-41,-59,-84,-66,-37,-69,-82,-76,-69,-74,-81,-77,-74,-75,-77,-71,-66,-64,-72,-70,-67,-68,-65,-64,-62,-61,-63,-65,-62,-62,-59,-59
-13,-14,-12,-14,30,1054,1022,525,213,164,481,124,-47,107,361,145,-33,-62,-33,-53,-82,-59,-32,-70,-81,-77,-64,-73,-82,-77,-73,-76,-78,-71,-65,-67,-72,-70,-67,-65,-65,-64,-64,-60,-65,-62,-61,-59,-61,-59
-17,-16,-16,-17,27,1060,1025,521,211,154,463,116,-50,97,345,132,-41,-70,-22,-43,-82,-62,-41,-71,-83,-77,-68,-75,-84,-79,-77,-78,-79,-72,-69,-70,-75,-74,-70,-68,-70,-67,-66,-65,-66,-68,-67,-61,-64,-61
-17,-14,-15,-17,30,1014,996,533,212,214,462,115,-50,-20,92,74,6,-10,32,-29,-63,-79,-75,-81,-82,-70,-70,-75,-79,-72,-70,-71,-76,-70,-67,-66,-68,-68,-65,-65,-64,-64,-62,-58,-62,-65,-63,-58,-58,-60
-12,-18,-17,-15,29,915,931,550,235,360,418,97,-38,-19,297,281,71,-14,-40,-28,-57,-79,-80,-80,-85,-80,-78,-78,-82,-84,-77,-81,-79,-76,-69,-73,-76,-75,-70,-70,-70,-69,-66,-64,-68,-70,-66,-63,-61,-62
-14,-12,-12,-11,30,858,893,549,233,407,399,92,-33,-34,204,249,80,-11,-40,-14,-37,-69,-67,-78,-82,-77,-74,-75,-78,-76,-75,-74,-75,-69,-68,-67,-71,-69,-68,-65,-66,-63,-61,-61,-61,-61,-59,-60,-57,-58
-11,-13,-10,-12,34,881,911,547,232,396,412,99,-32,-26,252,259,76,-6,-37,-23,-45,-69,-72,-78,-86,-79,-74,-72,-78,-77,-71,-71,-78,-73,-70,-65,-69,-70,-67,-64,-66,-63,-64,-60,-60,-62,-59,-58,-59,-59
-12,-13,-12,-14,30,895,923,543,229,376,435,107,-40,-14,305,274,72,-16,-44,-42,-65,-73,-77,-79,-84,-81,-75,-76,-79,-79,-73,-78,-77,-74,-69,-71,-73,-70,-70,-65,-68,-64,-65,-64,-64,-64,-62,-60,-60,-60
-14,-13,-11,-16,35,958,962,547,226,313,465,124,-46,2,291,205,32,-51,-26,-44,-76,-79,-56,-65,-80,-75,-77,-73,-82,-79,-73,-73,-77,-74,-68,-69,-71,-69,-67,-68,-66,-66,-63,-61,-63,-65,-62,-60,-58,-58
-14,-18,-15,-14,31,988,980,542,218,264,477,122,-49,-23,138,96,10,-37,24,-17,-59,-77,-71,-80,-83,-75,-72,-77,-78,-77,-74,-76,-75,-69,-67,-66,-72,-70,-66,-66,-65,-66,-66,-63,-61,-62,-62,-61,-57,-57
-15,-13,-12,-15,31,988,985,550,225,270,474,124,-48,-21,161,109,11,-37,21,-15,-58,-76,-69,-77,-79,-73,-74,-75,-78,-73,-72,-71,-75,-68,-64,-65,-69,-70,-66,-63,-64,-66,-62,-59,-60,-59,-61,-56,-57,-57
-17,-15,-16,-12,29,970,973,544,218,270,466,113,-50,-16,189,126,10,-44,12,-26,-63,-77,-70,-78,-81,-77,-75,-76,-81,-77,-75,-71,-75,-73,-66,-67,-71,-70,-66,-67,-67,-65,-63,-61,-64,-64,-60,-59,-60,-57
-16,-16,-15,-16,32,983,985,545,219,257,458,111,-52,-20,163,107,10,-36,26,-15,-60,-76,-69,-77,-82,-76,-71,-76,-79,-77,-73,-71,-76,-71,-67,-65,-72,-70,-67,-63,-64,-65,-61,-60,-62,-66,-59,-62,-58,-58
-12,-11,-13,-13,36,995,997,545,224,231,459,120,-48,-19,94,70,10,-1,42,-20,-56,-72,-73,-80,-80,-69,-71,-74,-71,-72,-67,-69,-71,-64,-63,-60,-66,-68,-62,-63,-63,-60,-60,-57,-61,-59,-56,-55,-56,-54
-17,-18,-13,-16,34,1017,1001,537,217,205,467,117,-49,18,121,74,6,12,21,-44,-74,-76,-76,-82,-82,-72,-71,-75,-78,-75,-72,-71,-77,-69,-65,-64,-71,-69,-67,-66,-66,-64,-62,-62,-61,-62,-61,-58,-57,-56
-14,-13,-15,-12,31,1025,1006,533,218,193,462,118,-52,55,183,99,6,15,-4,-59,-81,-77,-68,-82,-81,-71,-71,-73,-79,-73,-70,-72,-73,-67,-64,-67,-71,-68,-64,-63,-64,-63,-58,-60,-64,-59,-57,-56,-56,-56
-15,-18,-14,-16,32,1039,1013,534,218,178,469,115,-52,92,278,140,-7,-9,-34,-67,-85,-77,-60,-78,-84,-76,-71,-77,-81,-76,-77,-76,-78,-70,-69,-69,-76,-73,-69,-68,-68,-69,-65,-62,-63,-65,-63,-61,-63,-60
-13,-18,-16,-17,29,1047,1020,534,221,161,457,109,-52,100,312,152,-18,-21,-42,-64,-86,-75,-54,-77,-86,-78,-70,-76,-84,-77,-75,-76,-79,-74,-69,-70,-72,-73,-70,-70,-69,-66,-65,-65,-63,-66,-63,-62,-60,-60
-14,-15,-15,-14,29,1058,1025,523,218,161,465,113,-52,112,346,149,-28,-38,-44,-66,-85,-71,-41,-72,-84,-80,-71,-77,-83,-76,-73,-77,-77,-74,-70,-69,-76,-74,-71,-69,-72,-67,-65,-62,-66,-63,-62,-61,-62,-60
-11,-13,-12,-11,33,1057,1021,516,213,150,458,114,-50,107,349,133,-36,-55,-37,-57,-81,-65,-33,-67,-82,-72,-64,-72,-81,-77,-70,-72,-75,-70,-64,-68,-72,-68,-68,-66,-64,-66,-63,-61,-62,-65,-61,-58,-60,-57
-12,-13,-15,-15,29,1061,1025,516,218,147,458,112,-47,105,355,140,-33,-56,-28,-47,-81,-63,-33,-67,-81,-76,-65,-72,-81,-76,-74,-74,-78,-69,-65,-68,-72,-71,-68,-67,-66,-64,-63,-63,-62,-65,-62,-57,-57,-59
-16,-12,-13,-11,31,1028,1008,546,233,197,448,111,-49,-27,87,71,16,7,46,-23,-59,-76,-72,-82,-80,-72,-71,-75,-72,-72,-69,-68,-70,-65,-61,-64,-67,-65,-63,-60,-62,-61,-57,-58,-61,-61,-57,-56,-56,-52
-14,-15,-12,-11,31,917,932,552,239,355,404,95,-35,-19,255,262,66,-9,-34,-20,-54,-75,-79,-81,-85,-80,-74,-76,-81,-77,-75,-78,-79,-72,-68,-64,-72,-73,-67,-70,-66,-63,-63,-61,-64,-65,-60,-55,-58,-57
-15,-13,-19,-16,25,866,894,545,235,394,384,89,-31,-43,167,223,70,-19,-42,-20,-48,-72,-72,-81,-83,-76,-76,-76,-79,-75,-76,-72,-76,-75,-68,-67,-71,-71,-68,-68,-67,-68,-63,-62,-63,-62,-64,-62,-60,-58
-11,-14,-10,-14,33,877,905,547,239,392,399,94,-30,-34,202,227,71,-1,-36,-20,-47,-71,-73,-80,-84,-77,-75,-77,-80,-77,-74,-78,-73,-69,-68,-67,-69,-69,-69,-63,-65,-63,-63,-62,-59,-62,-61,-58,-59,-57
-17,-17,-17,-14,30,910,926,550,240,377,424,101,-32,-18,268,243,61,-12,-39,-33,-66,-77,-81,-83,-88,-79,-77,-77,-83,-79,-76,-78,-80,-75,-71,-70,-75,-73,-70,-68,-67,-67,-64,-63,-67,-64,-65,-63,-61,-63
-12,-14,-12,-14,34,959,961,552,238,329,465,118,-43,6,300,213,35,-45,-38,-47,-78,-78,-61,-67,-80,-76,-76,-79,-84,-78,-76,-76,-79,-72,-71,-70,-72,-73,-70,-63,-69,-66,-65,-63,-65,-66,-62,-59,-59,-60
-14,-14,-14,-14,32,996,985,548,239,282,493,126,-45,-29,151,77,1,-43,5,-25,-65,-78,-67,-71,-78,-74,-73,-75,-79,-70,-72,-70,-74,-69,-66,-67,-69,-68,-64,-64,-62,-61,-60,-62,-61,-56,-61,-55,-56,-56
-12,-15,-12,-14,32,1002,987,549,236,270,493,126,-46,-34,130,66,3,-36,17,-18,-60,-76,-68,-75,-80,-73,-69,-74,-78,-74,-68,-70,-75,-70,-64,-64,-66,-63,-61,-62,-61,-60,-58,-59,-60,-58,-60,-56,-52,-56
-17,-16,-16,-16,30,1001,985,548,237,276,489,121,-50,-36,146,74,-4,-44,8,-25,-64,-79,-69,-76,-80,-79,-73,-78,-79,-78,-70,-72,-77,-70,-66,-68,-71,-70,-67,-66,-66,-65,-61,-59,-63,-65,-62,-58,-57,-59
-11,-12,-12,-13,30,1003,983,541,236,265,488,120,-47,-40,101,46,-6,-30,15,-17,-58,-76,-70,-75,-78,-73,-72,-76,-78,-72,-75,-69,-70,-66,-66,-63,-66,-65,-63,-61,-62,-63,-57,-60,-61,-59,-56,-56,-55,-55
-12,-13,-13,-14,35,1020,998,548,240,243,485,122,-48,-20,80,40,9,1,38,-23,-60,-77,-77,-80,-78,-71,-70,-74,-76,-73,-69,-68,-74,-65,-64,-64,-66,-65,-64,-61,-64,-62,-59,-60,-59,-62,-57,-56,-55,-54
-12,-14,-14,-13,33,1025,999,542,233,221,484,123,-47,25,113,55,11,22,26,-46,-73,-75,-74,-81,-81,-74,-71,-71,-76,-73,-68,-71,-71,-68,-66,-64,-66,-66,-63,-64,-66,-64,-61,-57,-57,-59,-61,-56,-56,-57
-15,-18,-15,-14,30,1040,1010,535,229,206,497,125,-50,80,214,96,3,16,-18,-68,-85,-82,-75,-82,-84,-74,-72,-75,-82,-77,-74,-76,-77,-74,-68,-69,-73,-73,-71,-68,-68,-65,-62,-62,-63,-65,-64,-60,-60,-61
-14,-16,-12,-15,31,1048,1018,529,230,181,481,121,-49,112,303,126,-7,1,-39,-72,-86,-75,-53,-78,-83,-78,-72,-77,-83,-76,-74,-74,-76,-71,-67,-70,-74,-69,-66,-67,-67,-64,-64,-62,-61,-64,-61,-61,-59,-59
-13,-11,-11,-11,33,1054,1015,523,227,164,465,108,-48,112,319,130,-16,-16,-49,-73,-83,-70,-42,-74,-82,-74,-70,-74,-81,-74,-71,-74,-76,-69,-67,-71,-70,-69,-65,-66,-69,-65,-61,-61,-62,-62,-62,-59,-57,-57
-16,-15,-12,-12,31,1068,1025,522,231,173,488,120,-46,117,346,126,-27,-35,-50,-67,-85,-69,-31,-70,-83,-77,-65,-73,-83,-76,-76,-78,-76,-70,-68,-71,-72,-70,-66,-66,-67,-66,-63,-64,-64,-61,-61,-59,-57,-59
-17,-16,-15,-13,28,1070,1025,512,224,167,495,113,-45,98,331,101,-37,-56,-37,-60,-83,-63,-32,-74,-82,-73,-66,-77,-83,-76,-75,-77,-79,-72,-70,-69,-73,-71,-71,-68,-69,-68,-64,-65,-67,-65,-64,-59,-64,-59
-14,-13,-12,-12,31,1075,1026,513,224,163,478,111,-44,89,315,93,-44,-59,-25,-49,-79,-62,-35,-69,-81,-72,-66,-69,-79,-76,-71,-75,-74,-64,-67,-68,-73,-70,-68,-65,-64,-65,-63,-61,-62,-62,-58,-59,-56,-58
-12,-14,-12,-11,34,1053,1019,538,232,166,450,111,-48,68,193,101,10,25,-5,-60,-82,-80,-70,-83,-82,-73,-70,-75,-81,-76,-71,-71,-74,-69,-64,-66,-69,-69,-65,-64,-64,-63,-60,-60,-62,-60,-62,-57,-59,-58
-13,-14,-12,-17,31,935,947,558,243,333,411,99,-36,-11,293,268,62,-18,-38,-23,-59,-78,-78,-77,-86,-78,-78,-75,-79,-78,-74,-77,-76,-73,-67,-65,-71,-70,-69,-69,-67,-66,-63,-62,-64,-66,-63,-61,-59,-59
-11,-14,-14,-15,28,856,887,550,241,417,393,92,-30,-39,157,233,83,-22,-41,-10,-44,-69,-67,-80,-81,-76,-71,-76,-80,-74,-74,-72,-72,-70,-68,-66,-69,-69,-66,-66,-66,-63,-60,-61,-62,-63,-61,-58,-59,-56
-15,-17,-14,-12,31,860,891,542,239,409,396,94,-30,-38,181,222,71,-21,-38,-17,-47,-70,-72,-81,-84,-79,-75,-77,-81,-77,-72,-72,-76,-69,-68,-69,-71,-70,-65,-65,-65,-67,-62,-64,-63,-65,-62,-60,-60,-61
-11,-14,-14,-15,32,891,906,545,239,392,423,100,-35,-25,239,233,62,-7,-41,-29,-56,-75,-79,-81,-83,-78,-76,-77,-81,-75,-73,-76,-76,-70,-67,-67,-70,-70,-67,-64,-69,-66,-63,-60,-63,-64,-61,-61,-61,-55
-13,-17,-17,-18,30,924,932,548,235,362,440,109,-40,-6,304,250,57,-20,-44,-42,-70,-76,-75,-78,-86,-80,-77,-75,-82,-83,-76,-78,-80,-75,-70,-72,-75,-74,-70,-69,-68,-66,-65,-65,-65,-66,-67,-65,-59,-62
-16,-15,-14,-17,31,961,961,547,229,295,458,115,-48,-7,249,157,18,-56,-18,-35,-73,-78,-60,-68,-82,-76,-75,-77,-81,-79,-76,-73,-77,-75,-68,-70,-73,-71,-68,-64,-68,-67,-65,-63,-62,-61,-62,-60,-60,-59
-12,-11,-10,-12,31,986,976,549,238,267,455,117,-47,-15,195,119,11,-43,11,-22,-62,-75,-64,-69,-75,-71,-72,-72,-79,-73,-69,-70,-71,-68,-64,-64,-69,-67,-62,-62,-65,-63,-57,-60,-59,-59,-56,-57,-57,-57
-16,-16,-13,-14,32,974,969,552,234,268,439,108,-48,-5,243,151,13,-52,-7,-28,-68,-79,-65,-68,-79,-78,-77,-75,-83,-79,-77,-76,-76,-73,-68,-70,-71,-72,-68,-65,-67,-68,-61,-63,-63,-66,-62,-59,-59,-57
-14,-18,-16,-17,31,976,969,548,229,245,426,99,-51,-18,201,122,7,-46,12,-25,-62,-79,-69,-76,-80,-76,-76,-79,-83,-74,-70,-74,-75,-70,-67,-68,-72,-68,-68,-62,-63,-63,-60,-61,-62,-60,-62,-60,-60,-57
-18,-18,-18,-14,29,997,986,550,233,214,418,97,-53,-35,103,71,8,-10,42,-16,-58,-74,-75,-81,-81,-73,-72,-77,-77,-72,-72,-70,-72,-66,-64,-62,-68,-68,-65,-62,-65,-63,-61,-59,-59,-60,-59,-57,-59,-56
-15,-16,-18,-15,29,1017,1000,544,232,184,419,96,-52,-6,83,54,6,22,29,-42,-73,-79,-75,-80,-81,-72,-71,-76,-74,-75,-71,-72,-75,-68,-65,-65,-69,-67,-65,-62,-65,-64,-61,-60,-61,-63,-63,-58,-54,-55
-16,-14,-15,-17,30,1041,1008,530,231,179,457,109,-51,66,199,96,2,22,-8,-64,-84,-80,-72,-83,-84,-76,-75,-76,-79,-76,-76,-74,-78,-70,-68,-68,-70,-68,-69,-67,-67,-65,-64,-63,-64,-65,-61,-59,-60,-60
-12,-11,-10,-14,33,1043,1011,528,232,167,455,108,-49,96,274,125,-4,4,-37,-71,-85,-73,-58,-80,-83,-76,-69,-78,-81,-71,-72,-74,-74,-68,-67,-69,-71,-68,-67,-63,-66,-64,-62,-59,-62,-58,-58,-56,-57,-57
-12,-15,-13,-18,28,1056,1018,521,228,170,475,113,-49,116,321,130,-17,-18,-53,-77,-86,-75,-47,-78,-81,-77,-70,-78,-80,-78,-74,-72,-78,-71,-70,-69,-74,-70,-67,-64,-67,-66,-64,-66,-63,-63,-63,-60,-58,-59
-14,-15,-15,-15,32,1069,1024,520,229,168,482,117,-50,115,340,127,-28,-30,-46,-70,-83,-69,-33,-71,-81,-76,-67,-74,-83,-77,-76,-75,-79,-72,-66,-67,-71,-71,-66,-67,-67,-67,-63,-61,-64,-64,-60,-59,-58,-61
-15,-16,-15,-14,29,1075,1030,515,232,163,478,109,-45,95,318,94,-40,-53,-32,-57,-80,-63,-35,-69,-82,-74,-63,-74,-83,-78,-75,-72,-77,-69,-63,-70,-71,-71,-69,-66,-67,-68,-63,-62,-65,-64,-62,-58,-57,-59
-10,-16,-13,-11,27,1073,1023,508,226,154,465,105,-45,63,262,53,-43,-59,1,-39,-70,-59,-47,-74,-81,-71,-68,-73,-78,-70,-73,-73,-71,-68,-64,-65,-70,-69,-65,-65,-64,-64,-62,-61,-62,-62,-61,-57,-59,-55
-15,-13,-12,-14,31,1064,1019,523,232,146,451,105,-50,100,271,118,-9,4,-43,-71,-87,-76,-60,-80,-82,-77,-73,-79,-82,-76,-75,-74,-76,-72,-68,-64,-68,-70,-68,-65,-65,-65,-62,-62,-62,-62,-60,-61,-55,-61
-12,-16,-15,-14,31,1003,986,560,259,274,433,106,-47,-3,293,198,15,-54,-31,-38,-74,-77,-69,-71,-82,-76,-75,-75,-80,-77,-71,-75,-78,-73,-66,-65,-73,-72,-65,-66,-68,-66,-62,-62,-62,-62,-60,-57,-57,-55
-14,-13,-13,-15,32,941,942,563,260,362,412,100,-29,-13,225,231,58,-4,-31,-24,-62,-81,-77,-83,-87,-79,-76,-77,-79,-75,-74,-75,-78,-74,-71,-69,-72,-73,-68,-67,-67,-65,-64,-61,-64,-65,-62,-59,-62,-60
-16,-13,-13,-12,28,951,944,562,256,343,416,100,-37,-3,258,226,45,-9,-32,-28,-64,-79,-78,-83,-85,-81,-77,-77,-81,-80,-71,-79,-78,-75,-67,-69,-73,-71,-66,-68,-69,-70,-66,-59,-63,-64,-60,-61,-58,-61
-14,-13,-14,-14,31,977,964,561,260,326,445,109,-41,9,290,212,30,-33,-36,-41,-73,-78,-77,-81,-85,-80,-77,-80,-80,-80,-76,-79,-79,-75,-68,-66,-73,-74,-68,-67,-68,-69,-65,-63,-60,-65,-64,-60,-60,-59
-16,-15,-14,-18,34,1007,983,556,253,282,475,114,-48,-28,200,96,-9,-59,-21,-38,-77,-81,-70,-73,-78,-77,-77,-81,-81,-78,-74,-75,-77,-75,-70,-69,-70,-68,-69,-68,-66,-67,-64,-64,-64,-63,-63,-61,-58,-59
-12,-11,-13,-14,31,1041,1004,541,249,240,498,121,-46,-6,60,9,4,18,38,-32,-68,-77,-73,-79,-80,-72,-69,-73,-73,-75,-69,-70,-75,-69,-65,-63,-68,-67,-64,-65,-64,-62,-59,-58,-59,-60,-56,-57,-58,-56
-15,-19,-15,-14,29,1045,1001,538,246,218,504,117,-50,41,95,28,11,27,19,-51,-79,-79,-79,-82,-83,-77,-70,-75,-78,-80,-73,-76,-78,-74,-63,-68,-68,-71,-65,-66,-67,-65,-63,-61,-65,-62,-60,-60,-56,-60
-12,-13,-13,-15,33,1049,1004,543,251,236,511,125,-46,17,71,15,10,20,29,-40,-71,-76,-73,-81,-80,-71,-69,-73,-75,-75,-73,-73,-73,-70,-63,-66,-71,-66,-66,-63,-65,-62,-60,-60,-58,-60,-60,-58,-58,-56
-14,-13,-12,-12,29,1059,1012,541,251,228,505,122,-47,38,93,29,12,30,32,-42,-72,-78,-76,-83,-82,-73,-65,-72,-77,-74,-69,-74,-75,-69,-62,-66,-71,-68,-66,-64,-66,-65,-62,-59,-61,-60,-58,-60,-58,-55
-16,-12,-13,-13,31,1065,1014,533,247,206,505,120,-45,93,192,70,18,40,1,-65,-82,-81,-80,-83,-84,-78,-71,-73,-80,-76,-73,-76,-75,-70,-65,-69,-71,-68,-65,-65,-66,-63,-61,-62,-64,-62,-60,-61,-59,-59
-12,-15,-14,-15,30,1063,1015,523,241,189,498,117,-47,115,267,92,2,19,-34,-79,-86,-80,-67,-83,-83,-80,-77,-81,-83,-78,-71,-77,-79,-77,-64,-71,-72,-73,-67,-67,-67,-68,-66,-64,-66,-65,-62,-60,-61,-60
-14,-15,-18,-14,29,1073,1025,521,240,189,512,120,-46,121,316,105,-16,-4,-48,-81,-89,-79,-45,-77,-84,-80,-73,-81,-82,-80,-78,-77,-81,-77,-70,-74,-74,-75,-69,-69,-69,-69,-65,-65,-68,-69,-62,-59,-63,-63
-17,-15,-15,-16,27,1081,1022,512,237,185,514,117,-41,96,310,80,-37,-35,-51,-76,-84,-71,-34,-71,-85,-78,-69,-80,-86,-80,-77,-77,-80,-74,-70,-72,-75,-73,-70,-68,-72,-67,-67,-64,-66,-67,-62,-60,-62,-61
-13,-15,-14,-11,29,1089,1025,507,236,188,515,122,-39,80,282,58,-41,-49,-25,-52,-79,-62,-33,-69,-82,-77,-68,-76,-84,-80,-74,-73,-76,-70,-67,-70,-73,-71,-65,-66,-64,-64,-63,-63,-63,-64,-64,-60,-58,-59
-18,-13,-14,-14,29,1090,1022,493,226,196,522,122,-35,37,203,7,-42,-48,16,-35,-69,-59,-49,-70,-83,-74,-71,-73,-78,-75,-70,-71,-73,-67,-63,-65,-70,-69,-66,-61,-64,-62,-61,-60,-63,-62,-57,-59,-56,-59
-13,-14,-11,-15,27,1097,1032,491,229,204,526,127,-33,27,156,-21,-20,-31,45,-29,-70,-59,-64,-74,-79,-73,-70,-72,-81,-76,-67,-71,-71,-68,-61,-66,-70,-63,-63,-66,-64,-62,-60,-61,-62,-62,-59,-60,-59,-56
-14,-14,-12,-12,27,1093,1031,516,239,182,511,124,-42,110,308,99,-30,-21,-47,-74,-83,-74,-35,-73,-83,-75,-67,-77,-83,-78,-71,-73,-78,-73,-63,-70,-72,-69,-70,-65,-70,-66,-65,-62,-63,-63,-61,-56,-61,-58
-12,-11,-12,-13,30,1045,1002,555,262,243,472,113,-47,-46,171,86,-12,-55,-7,-43,-72,-75,-73,-76,-79,-74,-70,-77,-80,-75,-70,-74,-73,-69,-62,-66,-72,-66,-65,-62,-64,-62,-60,-59,-61,-61,-60,-58,-54,-57
-11,-13,-13,-12,31,1003,974,564,273,325,448,114,-34,10,280,217,27,-22,-43,-45,-76,-82,-75,-83,-84,-80,-78,-81,-82,-81,-79,-77,-79,-74,-69,-74,-74,-75,-67,-69,-69,-68,-65,-64,-66,-63,-63,-61,-60,-58
-19,-18,-13,-18,30,997,977,568,270,315,456,114,-41,5,282,199,15,-36,-44,-51,-77,-84,-78,-82,-86,-82,-78,-79,-84,-81,-76,-78,-75,-76,-68,-71,-76,-73,-69,-68,-72,-69,-67,-65,-65,-68,-65,-64,-64,-65
-17,-18,-14,-16,32,1023,988,564,260,298,472,118,-45,-9,258,151,-1,-59,-41,-51,-81,-82,-76,-77,-84,-79,-75,-78,-82,-79,-76,-76,-76,-76,-67,-69,-74,-74,-67,-66,-69,-69,-65,-65,-63,-66,-62,-61,-60,-61
-14,-17,-17,-18,31,1037,1003,547,247,254,509,128,-49,-54,74,13,-15,-34,18,-29,-67,-77,-75,-77,-80,-74,-72,-77,-79,-74,-71,-73,-76,-73,-64,-68,-69,-70,-64,-65,-65,-64,-59,-60,-60,-63,-61,-57,-58,-58
-15,-16,-11,-14,31,1064,1019,534,247,220,524,136,-45,65,145,54,10,33,18,-58,-82,-81,-77,-86,-84,-76,-77,-75,-81,-77,-71,-71,-77,-71,-66,-69,-71,-69,-66,-65,-67,-62,-64,-63,-64,-64,-59,-57,-57,-56
-12,-15,-13,-14,33,1071,1023,541,242,217,520,134,-47,81,172,64,11,33,10,-64,-85,-80,-79,-85,-85,-75,-77,-80,-80,-78,-72,-76,-77,-73,-66,-68,-72,-71,-69,-67,-65,-66,-63,-62,-64,-62,-61,-62,-60,-60
-14,-15,-15,-14,31,1070,1022,545,248,213,512,130,-50,45,119,51,10,31,28,-51,-79,-81,-80,-83,-82,-76,-70,-77,-77,-75,-72,-72,-72,-71,-66,-70,-70,-69,-64,-63,-66,-64,-62,-59,-64,-65,-59,-60,-60,-59
-15,-14,-12,-14,30,1063,1016,537,240,203,501,128,-48,49,125,56,11,29,17,-52,-80,-80,-79,-85,-83,-74,-73,-75,-78,-77,-72,-72,-77,-68,-64,-69,-70,-68,-67,-68,-63,-68,-60,-59,-59,-63,-58,-58,-57,-57
-13,-14,-14,-13,32,1080,1025,534,242,205,520,133,-51,108,247,107,8,24,-17,-75,-87,-80,-70,-83,-89,-79,-72,-77,-82,-78,-77,-77,-79,-75,-67,-69,-72,-71,-70,-69,-69,-67,-65,-63,-66,-65,-65,-62,-59,-61
-14,-15,-11,-15,30,1083,1026,526,240,194,527,135,-45,126,313,124,-8,-2,-43,-79,-89,-80,-49,-79,-87,-80,-72,-79,-85,-77,-76,-78,-81,-76,-69,-71,-73,-74,-68,-67,-69,-66,-64,-65,-68,-70,-63,-60,-62,-61
-13,-12,-14,-17,30,1079,1027,524,234,188,526,138,-47,127,348,137,-22,-27,-45,-77,-86,-75,-37,-75,-83,-76,-69,-78,-83,-77,-75,-76,-80,-71,-69,-71,-72,-76,-71,-68,-70,-68,-65,-66,-65,-67,-65,-62,-61,-61
-16,-12,-13,-13,28,1070,1026,525,221,160,492,131,-47,112,343,146,-26,-49,-47,-67,-88,-75,-41,-74,-81,-78,-70,-77,-83,-76,-74,-77,-75,-73,-69,-71,-73,-72,-69,-69,-65,-66,-63,-63,-63,-63,-62,-59,-59,-59
-13,-15,-13,-13,31,1077,1030,529,223,166,493,130,-49,105,357,148,-33,-61,-27,-50,-85,-71,-34,-70,-82,-78,-69,-76,-85,-77,-73,-72,-81,-73,-70,-72,-71,-74,-69,-68,-68,-63,-64,-63,-66,-66,-62,-61,-62,-61
-15,-14,-13,-13,27,1084,1035,526,220,141,458,121,-50,82,316,117,-41,-65,4,-24,-73,-66,-48,-75,-83,-74,-69,-73,-83,-77,-74,-75,-78,-72,-66,-67,-74,-73,-68,-67,-69,-67,-63,-63,-65,-62,-64,-60,-55,-59
-16,-13,-14,-15,30,1073,1034,531,209,100,390,104,-54,84,327,155,-35,-64,6,-19,-72,-68,-50,-69,-82,-75,-61,-75,-81,-77,-76,-73,-75,-71,-66,-69,-71,-69,-68,-65,-64,-63,-63,-61,-61,-65,-61,-59,-58,-57
-17,-14,-12,-13,32,1057,1029,547,226,143,403,107,-50,17,143,119,5,15,25,-44,-76,-78,-69,-80,-81,-71,-69,-74,-77,-74,-69,-71,-70,-68,-65,-63,-67,-66,-62,-63,-62,-64,-58,-57,-61,-63,-59,-59,-56,-58
-14,-12,-13,-15,31,912,945,563,219,318,349,73,-40,-27,312,325,85,-23,-25,-9,-47,-71,-70,-69,-82,-79,-70,-76,-81,-81,-76,-78,-76,-73,-69,-69,-69,-74,-68,-64,-68,-66,-62,-64,-60,-62,-62,-61,-60,-58
-12,-13,-11,-12,33,882,922,554,226,358,350,71,-41,-41,237,282,82,-17,-31,-12,-31,-69,-73,-72,-82,-78,-74,-75,-80,-76,-72,-74,-79,-72,-66,-64,-70,-69,-67,-64,-65,-65,-62,-63,-63,-61,-63,-60,-56,-58
-19,-18,-17,-17,25,888,923,548,218,333,357,72,-41,-36,277,288,74,-21,-36,-27,-48,-70,-76,-77,-86,-78,-74,-76,-82,-80,-76,-77,-78,-73,-69,-67,-75,-74,-72,-69,-69,-68,-64,-63,-63,-65,-60,-61,-60,-61
-12,-14,-12,-14,33,919,952,554,219,333,399,93,-46,-8,366,315,78,-39,-27,-32,-70,-78,-65,-71,-84,-79,-74,-73,-81,-80,-76,-77,-79,-76,-70,-72,-76,-74,-66,-68,-68,-65,-64,-63,-64,-65,-63,-61,-58,-60
-13,-13,-13,-13,36,996,996,550,222,285,489,135,-46,-15,175,132,16,-43,11,-22,-61,-76,-70,-80,-83,-76,-74,-74,-80,-75,-73,-70,-76,-67,-67,-68,-70,-71,-66,-65,-64,-64,-61,-62,-63,-61,-59,-60,-56,-60
-13,-15,-15,-14,35,1024,1004,544,219,258,511,143,-46,8,105,80,10,-12,32,-30,-67,-77,-70,-83,-84,-71,-72,-74,-80,-74,-71,-72,-73,-67,-66,-64,-69,-68,-68,-65,-66,-62,-61,-63,-61,-63,-60,-58,-57,-57
-14,-13,-12,-14,33,1021,1009,549,222,265,510,142,-48,-6,110,88,10,-15,34,-24,-61,-75,-69,-83,-85,-71,-71,-77,-79,-74,-71,-71,-75,-71,-63,-66,-71,-69,-66,-66,-63,-65,-63,-61,-62,-62,-59,-59,-55,-56
-14,-15,-14,-17,31,1018,999,543,218,262,508,137,-50,-20,97,70,0,-25,25,-28,-63,-79,-77,-84,-87,-75,-76,-80,-79,-77,-73,-73,-76,-73,-68,-68,-71,-71,-65,-68,-69,-67,-65,-62,-65,-62,-64,-59,-58,-60
-15,-11,-14,-12,31,1035,1009,534,221,238,505,134,-46,23,117,75,3,5,25,-42,-72,-78,-71,-83,-81,-76,-72,-76,-79,-73,-71,-74,-76,-68,-64,-66,-68,-70,-65,-63,-64,-64,-60,-61,-60,-60,-57,-59,-55,-57
-12,-12,-11,-13,30,1047,1025,542,223,211,501,134,-49,66,205,124,5,11,3,-59,-82,-79,-68,-82,-84,-77,-72,-78,-82,-76,-74,-73,-77,-71,-65,-64,-71,-69,-68,-64,-67,-65,-65,-60,-61,-64,-60,-59,-56,-58
-14,-13,-14,-13,29,1061,1030,534,223,185,485,130,-48,110,318,162,-8,-13,-34,-64,-85,-80,-54,-77,-83,-81,-69,-77,-85,-77,-76,-78,-81,-74,-68,-67,-72,-71,-66,-66,-69,-66,-64,-61,-66,-65,-62,-63,-60,-57
-11,-15,-13,-15,27,1063,1025,524,217,169,485,125,-47,111,347,163,-23,-41,-45,-67,-86,-76,-49,-76,-85,-79,-66,-80,-85,-76,-76,-77,-79,-72,-70,-70,-73,-75,-68,-67,-67,-66,-64,-64,-66,-65,-63,-61,-62,-59
-17,-17,-16,-16,25,1076,1037,523,219,165,489,125,-50,108,363,149,-34,-58,-34,-56,-86,-73,-41,-76,-84,-80,-71,-76,-87,-80,-75,-78,-79,-75,-74,-76,-78,-74,-74,-72,-70,-70,-65,-64,-69,-67,-67,-63,-62,-62
-16,-19,-16,-18,28,1085,1037,519,220,170,498,123,-50,82,315,101,-39,-63,-8,-36,-77,-68,-48,-75,-84,-76,-71,-76,-84,-80,-76,-79,-77,-73,-70,-72,-77,-75,-70,-68,-69,-71,-63,-65,-64,-68,-66,-63,-61,-60
-14,-17,-13,-15,25,1095,1041,510,220,169,482,118,-47,55,229,44,-35,-46,54,-11,-66,-66,-63,-76,-83,-73,-69,-77,-82,-76,-71,-74,-78,-74,-66,-67,-71,-69,-66,-65,-65,-67,-61,-62,-65,-61,-57,-56,-56,-56
-11,-13,-14,-12,27,1094,1037,507,213,167,471,114,-44,50,195,25,-29,-34,62,-13,-69,-69,-68,-79,-81,-72,-71,-75,-81,-73,-70,-70,-76,-70,-63,-67,-67,-68,-63,-64,-64,-63,-58,-58,-62,-62,-58,-58,-57,-56
-13,-15,-12,-14,33,1073,1029,532,225,163,473,120,-51,85,239,130,3,10,-16,-67,-84,-81,-70,-82,-85,-77,-71,-78,-84,-76,-75,-76,-78,-74,-66,-70,-71,-68,-68,-67,-67,-66,-65,-63,-63,-64,-60,-59,-59,-57
-14,-15,-13,-13,36,1006,989,565,246,300,456,119,-45,3,334,245,35,-49,-28,-33,-75,-81,-66,-77,-87,-81,-79,-77,-83,-81,-75,-75,-80,-74,-67,-75,-75,-72,-69,-70,-69,-70,-66,-65,-65,-69,-63,-62,-62,-61
-13,-12,-13,-12,34,963,963,567,251,342,428,109,-36,-7,296,268,58,-21,-33,-21,-65,-80,-80,-82,-84,-81,-77,-77,-83,-79,-75,-78,-77,-75,-67,-72,-73,-75,-71,-67,-70,-65,-67,-66,-64,-66,-62,-62,-59,-60
-14,-15,-15,-17,30,983,972,563,246,314,444,115,-43,1,327,244,37,-42,-35,-34,-72,-83,-77,-78,-89,-78,-80,-81,-83,-82,-79,-78,-79,-78,-72,-72,-77,-76,-71,-71,-72,-71,-69,-64,-69,-68,-65,-63,-60,-59
-11,-14,-12,-13,32,1006,985,553,240,287,460,118,-47,-7,281,184,13,-59,-22,-38,-75,-81,-70,-75,-79,-74,-72,-79,-81,-80,-72,-76,-75,-73,-65,-69,-73,-71,-67,-67,-66,-67,-62,-60,-61,-65,-62,-59,-59,-57
-11,-13,-11,-11,35,1050,1014,548,243,239,506,130,-48,-20,79,36,4,6,50,-23,-63,-78,-77,-80,-81,-72,-70,-73,-79,-74,-70,-69,-75,-71,-69,-63,-68,-68,-67,-62,-64,-63,-59,-61,-60,-60,-60,-54,-55,-58
-13,-16,-14,-16,30,1067,1027,540,233,200,502,128,-50,70,188,98,9,27,9,-60,-83,-83,-78,-84,-89,-77,-76,-75,-82,-78,-73,-78,-80,-75,-68,-69,-72,-74,-71,-66,-70,-70,-63,-63,-67,-68,-63,-57,-60,-59
-12,-13,-12,-13,31,1059,1027,540,236,211,503,132,-48,46,136,75,13,28,26,-51,-81,-79,-78,-84,-86,-76,-72,-74,-80,-78,-72,-73,-75,-72,-65,-66,-72,-71,-68,-63,-63,-67,-61,-61,-62,-61,-58,-58,-59,-58
-17,-15,-16,-16,28,1063,1024,544,237,214,509,130,-50,40,126,70,11,25,28,-51,-80,-83,-83,-84,-85,-79,-77,-75,-84,-79,-76,-76,-78,-75,-69,-71,-75,-71,-68,-69,-69,-70,-65,-67,-67,-67,-63,-63,-62,-59
-12,-12,-16,-12,28,1062,1027,533,231,194,492,125,-51,72,190,100,8,22,6,-60,-86,-82,-79,-85,-83,-73,-75,-73,-83,-77,-68,-75,-78,-74,-65,-64,-76,-69,-69,-66,-68,-65,-64,-61,-63,-63,-61,-60,-58,-57
-14,-15,-13,-17,34,1076,1031,539,237,183,492,124,-48,116,296,135,-6,6,-31,-71,-86,-79,-58,-81,-85,-80,-74,-79,-84,-77,-77,-76,-80,-73,-68,-70,-73,-71,-69,-69,-69,-69,-63,-63,-67,-65,-59,-60,-59,-63
-14,-14,-14,-15,30,1085,1037,526,234,175,501,126,-46,120,350,137,-23,-29,-43,-70,-85,-73,-35,-71,-84,-79,-68,-76,-85,-78,-74,-75,-79,-77,-70,-73,-75,-73,-68,-70,-69,-66,-66,-65,-67,-66,-61,-61,-59,-59
-14,-12,-11,-14,30,1089,1034,518,224,159,481,116,-47,98,334,116,-40,-55,-30,-56,-80,-66,-37,-70,-84,-74,-68,-76,-82,-77,-76,-77,-80,-75,-66,-70,-77,-71,-69,-66,-66,-67,-63,-63,-66,-64,-63,-60,-59,-59
-17,-14,-13,-13,32,1095,1042,521,228,166,482,118,-44,83,306,98,-35,-56,-4,-37,-74,-62,-40,-73,-82,-74,-66,-72,-81,-74,-73,-70,-77,-72,-68,-70,-70,-70,-68,-67,-68,-68,-61,-62,-61,-64,-63,-59,-59,-61
-13,-13,-12,-15,28,1098,1044,514,225,160,475,113,-43,65,271,69,-37,-51,20,-23,-70,-62,-49,-70,-80,-75,-67,-73,-82,-76,-72,-71,-71,-71,-66,-69,-71,-71,-66,-66,-63,-63,-62,-60,-63,-64,-59,-58,-58,-57
-12,-12,-10,-15,26,1098,1036,510,227,167,473,113,-46,46,220,38,-36,-45,39,-18,-66,-61,-59,-71,-80,-73,-68,-71,-81,-76,-67,-71,-74,-70,-62,-67,-71,-69,-65,-63,-63,-61,-63,-58,-62,-62,-61,-57,-56,-55
-16,-16,-16,-15,25,1094,1042,504,222,180,474,104,-43,32,153,-8,-19,-22,62,-30,-74,-73,-74,-80,-82,-76,-74,-73,-78,-76,-71,-74,-74,-72,-66,-68,-70,-71,-67,-63,-64,-67,-64,-62,-66,-63,-62,-59,-60,-55
-17,-17,-16,-17,23,1106,1045,496,219,176,454,93,-47,35,138,-12,-11,-15,58,-37,-76,-76,-73,-83,-83,-73,-75,-72,-78,-76,-71,-73,-76,-70,-63,-67,-69,-68,-66,-64,-67,-66,-61,-57,-61,-63,-59,-57,-58,-56
-14,-12,-14,-14,31,1095,1040,531,239,148,461,114,-49,109,285,136,-4,5,-29,-63,-85,-79,-57,-80,-85,-78,-72,-78,-83,-78,-75,-72,-78,-71,-66,-71,-74,-73,-69,-65,-65,-65,-63,-60,-64,-64,-59,-60,-59,-61
-15,-17,-17,-17,29,1013,991,567,253,275,424,103,-46,3,329,240,22,-54,-29,-34,-77,-81,-76,-79,-85,-81,-78,-80,-85,-84,-77,-80,-78,-77,-69,-71,-77,-73,-70,-69,-73,-69,-68,-65,-63,-70,-66,-63,-63,-63
-16,-19,-16,-15,29,961,952,562,249,317,390,93,-39,-18,253,247,47,-26,-38,-25,-65,-79,-80,-83,-86,-81,-76,-80,-81,-79,-74,-78,-76,-75,-67,-70,-75,-74,-72,-70,-68,-69,-67,-64,-64,-68,-64,-63,-64,-61
-11,-11,-11,-15,33,980,967,566,255,305,400,98,-41,4,304,253,45,-30,-29,-22,-64,-80,-77,-79,-85,-78,-78,-76,-82,-78,-73,-78,-77,-77,-64,-69,-72,-72,-71,-64,-68,-66,-64,-62,-66,-64,-63,-60,-59,-59
-14,-13,-12,-12,34,993,981,559,247,277,413,102,-47,9,324,227,26,-51,-21,-27,-71,-80,-67,-72,-80,-77,-76,-75,-82,-79,-72,-74,-78,-73,-67,-67,-70,-72,-65,-67,-66,-67,-63,-61,-62,-63,-58,-57,-60,-59
-13,-16,-15,-16,35,1029,1001,556,250,234,451,115,-51,-34,163,92,5,-32,32,-11,-62,-75,-71,-77,-80,-73,-70,-73,-78,-75,-71,-71,-70,-71,-66,-67,-72,-66,-63,-60,-63,-65,-62,-58,-57,-60,-57,-56,-56,-58
-12,-15,-14,-16,34,1054,1016,543,239,189,464,113,-51,16,100,57,11,32,38,-45,-78,-78,-77,-82,-83,-75,-71,-75,-77,-73,-69,-71,-72,-70,-63,-65,-66,-67,-66,-62,-64,-65,-60,-59,-58,-61,-60,-58,-56,-57
-17,-12,-18,-17,28,1064,1026,545,238,196,485,120,-52,44,135,72,11,30,24,-55,-82,-81,-83,-86,-84,-77,-72,-77,-81,-77,-72,-75,-80,-74,-68,-67,-72,-71,-66,-67,-68,-68,-64,-65,-64,-63,-66,-60,-60,-64
-12,-16,-11,-12,31,1064,1026,545,239,211,496,132,-47,21,102,64,13,25,43,-35,-75,-77,-76,-82,-84,-73,-71,-75,-78,-74,-70,-73,-75,-70,-65,-70,-70,-68,-63,-65,-63,-64,-62,-61,-62,-60,-59,-57,-55,-55
-13,-14,-14,-15,34,1068,1025,546,243,190,474,124,-50,39,133,76,15,35,33,-47,-80,-79,-76,-83,-82,-75,-73,-75,-78,-76,-73,-71,-75,-73,-65,-69,-70,-67,-65,-66,-66,-64,-61,-61,-62,-58,-61,-59,-58,-57
-17,-18,-15,-19,30,1074,1032,545,235,172,477,118,-51,94,247,131,5,18,-13,-69,-87,-82,-72,-84,-85,-78,-78,-78,-83,-78,-77,-77,-79,-75,-65,-72,-75,-73,-71,-68,-70,-69,-64,-65,-65,-65,-64,-61,-64,-62
-14,-18,-18,-18,27,1078,1036,533,233,151,462,110,-53,105,315,149,-12,-9,-34,-67,-89,-78,-52,-77,-85,-80,-67,-78,-83,-80,-79,-77,-82,-79,-70,-71,-76,-75,-71,-69,-69,-69,-65,-64,-69,-67,-65,-63,-59,-62
-17,-17,-15,-17,30,1089,1042,531,228,151,465,116,-50,107,349,138,-34,-48,-34,-60,-85,-73,-38,-71,-85,-79,-68,-78,-86,-77,-78,-78,-78,-77,-72,-73,-79,-74,-69,-70,-71,-69,-66,-65,-68,-70,-67,-62,-65,-62
-18,-18,-18,-15,24,1097,1035,511,220,152,470,105,-47,68,287,82,-42,-56,-2,-36,-75,-66,-48,-76,-83,-77,-67,-78,-80,-78,-73,-76,-77,-74,-71,-71,-70,-75,-69,-69,-69,-68,-64,-63,-65,-65,-63,-62,-62,-60
-16,-18,-16,-18,27,1102,1041,507,225,168,485,112,-45,53,247,50,-38,-50,31,-21,-67,-63,-52,-75,-82,-77,-72,-78,-83,-79,-75,-75,-76,-75,-68,-70,-74,-74,-67,-67,-68,-65,-63,-62,-67,-66,-63,-62,-61,-57
-19,-18,-16,-15,23,1105,1043,509,219,173,477,111,-45,38,195,17,-24,-28,64,-15,-69,-70,-70,-79,-81,-74,-76,-75,-80,-78,-74,-77,-77,-72,-66,-69,-71,-74,-67,-66,-66,-68,-64,-60,-63,-64,-66,-59,-59,-62
-17,-16,-17,-17,27,1108,1038,501,223,178,473,104,-47,44,159,-1,-10,-15,72,-26,-72,-74,-76,-81,-81,-74,-73,-75,-81,-78,-72,-72,-77,-75,-67,-68,-73,-73,-66,-63,-65,-66,-62,-64,-63,-64,-62,-59,-60,-57
-17,-14,-15,-11,26,1106,1043,499,222,187,471,112,-46,65,158,0,1,-4,72,-37,-74,-78,-76,-83,-79,-73,-72,-74,-78,-75,-70,-72,-73,-67,-63,-67,-66,-69,-65,-63,-65,-64,-61,-61,-62,-59,-59,-58,-58,-58
-18,-17,-17,-14,27,1107,1048,508,223,163,453,102,-50,38,169,9,-19,-19,69,-22,-75,-74,-75,-78,-83,-77,-77,-78,-80,-76,-71,-72,-75,-69,-65,-69,-68,-69,-66,-66,-66,-64,-62,-62,-62,-63,-62,-58,-56,-59
-16,-18,-14,-15,28,1070,1035,557,245,174,435,110,-52,-42,76,69,18,13,57,-18,-63,-77,-73,-83,-81,-76,-76,-76,-79,-76,-71,-70,-73,-71,-64,-67,-72,-69,-67,-65,-67,-64,-62,-61,-62,-62,-64,-57,-58,-58
-14,-13,-13,-13,32,984,977,573,256,293,400,97,-40,-1,322,272,46,-43,-28,-16,-66,-80,-73,-73,-85,-80,-76,-78,-81,-80,-72,-77,-77,-79,-66,-69,-73,-71,-71,-68,-67,-68,-63,-63,-65,-63,-65,-59,-61,-59
-15,-17,-17,-19,32,980,976,565,246,285,400,96,-48,2,321,256,34,-48,-34,-27,-72,-83,-76,-79,-87,-78,-79,-79,-83,-82,-76,-80,-80,-75,-69,-73,-76,-74,-72,-69,-70,-69,-68,-63,-69,-69,-64,-63,-62,-60
-15,-14,-12,-15,36,1009,995,570,253,282,441,115,-48,4,325,224,24,-57,-16,-31,-78,-81,-67,-72,-83,-77,-74,-78,-82,-81,-75,-76,-76,-76,-68,-69,-71,-76,-69,-65,-69,-67,-65,-64,-62,-66,-65,-61,-62,-60
-11,-12,-12,-15,36,1022,1002,562,246,258,456,121,-48,-14,241,150,10,-51,19,-17,-69,-78,-71,-71,-80,-77,-75,-74,-82,-76,-71,-71,-77,-73,-66,-69,-69,-73,-65,-65,-66,-67,-64,-60,-61,-63,-61,-60,-58,-57
-15,-16,-16,-15,29,1072,1032,543,242,198,492,118,-50,53,142,68,15,34,25,-56,-82,-82,-79,-85,-86,-75,-75,-74,-83,-76,-74,-77,-79,-75,-67,-71,-74,-74,-68,-66,-68,-68,-65,-61,-65,-65,-63,-59,-59,-60
-13,-11,-12,-13,27,1098,1035,520,241,176,496,117,-41,125,310,121,-12,3,-37,-76,-88,-79,-57,-81,-84,-80,-75,-80,-82,-75,-77,-74,-78,-72,-67,-70,-74,-74,-67,-65,-69,-66,-63,-61,-66,-67,-65,-60,-60,-58
-10,-12,-12,-16,27,1101,1035,513,235,162,474,106,-44,114,316,124,-24,-18,-41,-73,-85,-80,-56,-80,-82,-79,-71,-80,-82,-77,-74,-77,-77,-74,-66,-71,-72,-71,-66,-66,-67,-64,-63,-63,-63,-63,-61,-61,-58,-60
-12,-12,-14,-15,27,1098,1040,527,241,151,460,105,-47,114,281,127,-8,12,-31,-72,-87,-79,-65,-82,-84,-79,-73,-80,-81,-74,-70,-74,-77,-76,-65,-68,-73,-72,-66,-67,-68,-65,-63,-62,-65,-66,-60,-62,-59,-59
-13,-12,-11,-14,30,1098,1044,526,239,147,457,106,-44,113,318,128,-19,-15,-42,-68,-83,-78,-48,-78,-81,-77,-70,-79,-80,-75,-72,-78,-78,-73,-66,-67,-72,-70,-66,-67,-66,-66,-63,-61,-64,-64,-62,-56,-58,-60
-12,-13,-12,-15,30,1098,1036,509,234,154,461,102,-42,84,299,91,-38,-46,-25,-53,-77,-66,-42,-71,-82,-76,-68,-76,-82,-75,-72,-74,-76,-72,-66,-68,-76,-71,-65,-64,-66,-63,-60,-62,-66,-61,-60,-57,-59,-57
-18,-14,-13,-14,27,1107,1039,501,230,178,498,116,-39,59,251,47,-41,-45,11,-33,-69,-60,-47,-70,-82,-77,-69,-77,-81,-77,-75,-76,-76,-64,-67,-70,-74,-71,-68,-64,-66,-65,-63,-59,-61,-62,-63,-59,-57,-58
-15,-17,-16,-17,25,1109,1038,495,225,195,515,118,-38,36,191,7,-28,-35,44,-27,-70,-65,-63,-78,-84,-77,-77,-79,-82,-78,-74,-77,-76,-75,-68,-71,-73,-75,-68,-69,-68,-66,-63,-65,-68,-64,-62,-64,-59,-63
-14,-14,-16,-12,26,1116,1033,489,227,220,525,123,-29,41,151,-22,-4,-10,65,-36,-72,-67,-68,-78,-81,-72,-70,-73,-81,-75,-68,-76,-74,-70,-65,-67,-69,-69,-63,-63,-66,-62,-60,-60,-62,-62,-58,-56,-58,-55
-12,-15,-14,-18,28,1114,1033,476,218,236,533,129,-31,90,169,-15,22,11,47,-56,-79,-77,-75,-84,-81,-76,-74,-77,-81,-75,-70,-76,-73,-70,-64,-70,-72,-72,-63,-66,-65,-63,-63,-61,-62,-62,-60,-59,-57,-57
-13,-13,-13,-12,26,1115,1032,462,212,253,548,138,-22,135,205,-3,32,13,11,-71,-83,-81,-81,-88,-82,-76,-72,-79,-81,-73,-72,-73,-77,-71,-67,-68,-70,-67,-64,-64,-64,-65,-64,-61,-67,-63,-61,-59,-59,-57
-16,-14,-17,-17,21,1119,1027,456,207,272,554,136,-12,180,250,13,37,9,-29,-84,-90,-84,-78,-89,-83,-80,-77,-81,-84,-78,-76,-79,-82,-76,-73,-72,-77,-73,-70,-71,-68,-69,-65,-67,-68,-66,-64,-63,-62,-64
-12,-14,-16,-15,23,1115,1027,456,206,262,539,136,-14,154,227,5,38,16,-15,-81,-85,-84,-80,-87,-81,-76,-76,-82,-80,-76,-76,-71,-76,-68,-67,-70,-73,-71,-64,-66,-67,-65,-64,-64,-65,-62,-60,-56,-57,-59
-17,-16,-16,-14,21,1116,1032,500,236,184,534,131,-43,116,228,77,-12,9,-37,-80,-84,-82,-72,-88,-86,-80,-79,-82,-83,-79,-77,-79,-79,-75,-70,-76,-76,-72,-69,-68,-69,-68,-63,-65,-65,-66,-64,-63,-62,-62
-13,-11,-15,-15,30,1094,1032,559,274,246,505,126,-41,-57,150,68,-18,-61,-17,-51,-77,-77,-75,-80,-81,-73,-71,-77,-76,-76,-73,-69,-73,-70,-65,-62,-68,-67,-61,-64,-63,-63,-62,-60,-59,-60,-58,-58,-55,-54
-17,-14,-18,-17,28,1083,1026,559,273,242,486,118,-48,-46,187,93,-20,-65,-17,-47,-81,-82,-78,-83,-84,-79,-77,-79,-80,-79,-75,-75,-74,-74,-69,-70,-71,-71,-68,-69,-67,-67,-64,-65,-65,-63,-63,-60,-59,-59
-11,-13,-13,-14,28,1092,1024,554,263,229,498,126,-46,-62,94,28,-14,-41,23,-36,-71,-78,-76,-78,-81,-73,-67,-74,-79,-71,-74,-70,-72,-67,-64,-65,-70,-67,-64,-62,-61,-62,-60,-62,-59,-60,-57,-55,-55,-57
-14,-12,-14,-14,32,1110,1037,545,266,219,525,132,-45,35,77,21,14,25,45,-45,-80,-78,-78,-76,-79,-74,-69,-77,-78,-76,-73,-75,-77,-70,-65,-69,-71,-74,-66,-64,-66,-66,-63,-59,-64,-61,-61,-59,-58,-59
-12,-12,-13,-13,25,1125,1041,516,251,210,551,137,-36,127,289,90,-18,0,-39,-80,-88,-81,-57,-82,-84,-79,-72,-82,-85,-81,-77,-75,-78,-70,-69,-71,-76,-75,-67,-70,-69,-67,-63,-63,-65,-67,-62,-62,-59,-61
-14,-15,-13,-12,26,1123,1041,513,243,198,543,138,-36,114,299,91,-27,-16,-40,-71,-85,-80,-46,-74,-85,-79,-75,-79,-83,-78,-73,-78,-78,-73,-65,-71,-76,-74,-70,-68,-69,-68,-64,-63,-66,-67,-63,-61,-61,-60
-14,-16,-19,-17,25,1108,1041,514,239,177,511,121,-47,113,283,100,-24,-5,-44,-76,-90,-84,-59,-82,-88,-78,-77,-81,-86,-78,-76,-80,-81,-74,-70,-74,-75,-76,-70,-69,-72,-69,-67,-65,-70,-67,-66,-65,-63,-61
-14,-12,-12,-17,24,1120,1041,523,249,180,507,127,-44,124,282,108,-13,9,-29,-75,-87,-82,-61,-83,-87,-79,-75,-79,-83,-78,-76,-78,-78,-70,-66,-69,-72,-73,-64,-66,-67,-68,-64,-63,-66,-66,-61,-62,-61,-61
-13,-13,-16,-16,26,1118,1046,512,243,179,511,122,-38,96,294,93,-38,-29,-33,-62,-84,-78,-47,-72,-84,-81,-72,-80,-85,-78,-75,-77,-80,-70,-67,-72,-75,-76,-72,-69,-72,-69,-68,-65,-66,-66,-66,-64,-64,-62
-14,-15,-13,-13,24,1120,1037,500,235,185,500,114,-34,47,235,43,-43,-40,5,-38,-73,-63,-47,-70,-83,-77,-70,-78,-81,-76,-74,-73,-78,-66,-63,-66,-75,-70,-67,-65,-67,-64,-63,-61,-63,-61,-63,-59,-59,-60
-12,-12,-14,-11,26,1124,1044,497,234,205,507,119,-32,26,187,11,-26,-22,42,-26,-67,-58,-52,-70,-80,-75,-70,-76,-80,-80,-71,-73,-74,-70,-67,-69,-71,-70,-64,-64,-65,-64,-63,-58,-62,-61,-61,-59,-58,-58
-14,-12,-11,-15,25,1124,1041,484,225,213,511,121,-34,26,142,-24,1,3,62,-32,-77,-69,-68,-76,-79,-74,-72,-76,-80,-76,-72,-72,-72,-70,-64,-64,-71,-68,-65,-65,-64,-61,-62,-59,-62,-61,-60,-57,-59,-58
-14,-11,-14,-13,23,1119,1037,476,225,231,518,122,-27,64,151,-19,25,18,52,-49,-78,-78,-75,-78,-81,-75,-72,-76,-81,-73,-74,-74,-72,-70,-66,-69,-69,-69,-64,-64,-65,-64,-62,-58,-61,-61,-59,-57,-58,-56
-16,-19,-16,-17,23,1116,1031,470,211,225,506,113,-33,81,162,-18,27,11,26,-68,-84,-80,-76,-88,-82,-77,-75,-78,-80,-74,-73,-78,-74,-72,-70,-71,-73,-69,-66,-68,-69,-67,-63,-64,-67,-65,-60,-58,-60,-59
-13,-13,-12,-11,23,1118,1033,462,214,242,509,120,-21,132,206,-3,39,17,-6,-77,-84,-81,-81,-86,-77,-74,-73,-75,-80,-77,-70,-74,-72,-69,-65,-68,-72,-65,-63,-63,-63,-63,-60,-62,-65,-61,-60,-58,-56,-58
-11,-16,-14,-11,23,1118,1030,461,214,257,510,121,-13,159,239,18,42,16,-30,-80,-81,-82,-79,-86,-82,-76,-73,-80,-80,-76,-71,-75,-75,-68,-63,-70,-74,-67,-65,-63,-64,-63,-61,-62,-63,-62,-63,-59,-56,-57
-14,-16,-13,-13,23,1129,1045,500,236,171,478,110,-37,61,255,71,-45,-35,-5,-46,-76,-62,-42,-70,-81,-74,-70,-78,-81,-76,-73,-77,-73,-69,-65,-66,-71,-67,-63,-66,-64,-64,-62,-61,-64,-64,-59,-60,-58,-55
-14,-14,-13,-11,28,1100,1039,557,265,188,452,111,-51,-65,100,55,-4,-30,26,-34,-68,-76,-72,-79,-78,-68,-67,-74,-78,-74,-70,-71,-70,-67,-62,-64,-70,-69,-63,-63,-62,-61,-61,-56,-60,-57,-59,-57,-54,-53
-13,-12,-12,-14,30,1076,1021,566,274,222,446,108,-48,-33,235,129,-14,-67,-27,-51,-78,-78,-78,-81,-81,-73,-73,-78,-76,-75,-73,-74,-74,-69,-63,-66,-69,-67,-66,-67,-64,-61,-60,-61,-61,-60,-58,-56,-55,-57
-16,-16,-18,-14,27,1093,1035,561,272,201,451,105,-50,-60,126,61,-12,-42,14,-35,-74,-78,-76,-78,-81,-73,-70,-77,-79,-76,-71,-73,-72,-69,-65,-65,-69,-68,-66,-64,-66,-64,-61,-59,-63,-63,-62,-58,-55,-57
-12,-13,-14,-17,33,1107,1039,553,271,197,479,117,-45,-24,42,14,8,13,53,-35,-73,-76,-67,-74,-81,-75,-69,-72,-78,-74,-71,-72,-71,-70,-64,-65,-67,-65,-63,-65,-64,-63,-59,-59,-59,-61,-58,-55,-56,-57
-15,-17,-17,-18,27,1122,1042,524,260,187,512,116,-43,120,225,80,5,31,-19,-76,-88,-82,-80,-85,-87,-80,-78,-80,-85,-78,-74,-77,-81,-74,-72,-69,-76,-73,-68,-68,-69,-68,-65,-65,-67,-66,-66,-62,-60,-59
-18,-17,-16,-15,26,1124,1043,512,245,184,519,120,-38,101,281,81,-31,-11,-40,-70,-86,-78,-52,-79,-86,-78,-73,-80,-83,-79,-75,-78,-78,-76,-68,-70,-75,-75,-70,-68,-72,-70,-65,-67,-67,-68,-64,-63,-62,-60
-15,-16,-17,-14,24,1129,1042,505,247,185,517,122,-35,98,267,77,-35,-19,-42,-71,-84,-79,-50,-77,-85,-77,-73,-79,-80,-77,-77,-78,-77,-73,-68,-70,-76,-74,-71,-69,-70,-68,-68,-66,-68,-68,-65,-61,-60,-60
-12,-13,-14,-13,25,1130,1044,511,252,183,514,124,-37,110,273,91,-24,-1,-34,-77,-84,-81,-58,-81,-84,-78,-72,-78,-82,-75,-74,-78,-77,-70,-66,-68,-73,-70,-68,-67,-66,-66,-61,-63,-62,-63,-62,-57,-59,-59
-12,-12,-16,-17,27,1130,1042,503,247,187,519,124,-31,87,267,75,-34,-19,-35,-64,-82,-73,-45,-71,-84,-75,-68,-75,-81,-77,-74,-75,-76,-70,-69,-68,-74,-70,-68,-69,-69,-69,-60,-62,-61,-63,-60,-58,-58,-55
-17,-19,-12,-16,23,1123,1039,494,238,193,511,118,-35,37,221,34,-45,-38,-7,-46,-76,-61,-48,-69,-85,-77,-77,-79,-81,-76,-77,-78,-78,-73,-68,-70,-73,-74,-67,-67,-69,-67,-68,-63,-67,-65,-65,-62,-60,-62
-12,-13,-15,-13,24,1127,1043,484,237,209,516,120,-28,11,147,-13,-16,-8,51,-29,-71,-57,-60,-66,-78,-73,-77,-76,-78,-73,-73,-73,-75,-70,-69,-66,-73,-69,-65,-67,-65,-61,-60,-61,-63,-61,-61,-59,-57,-57
-11,-14,-14,-13,23,1126,1036,479,229,222,523,123,-25,26,131,-30,5,9,54,-35,-77,-66,-69,-78,-81,-73,-75,-80,-81,-72,-72,-73,-72,-67,-67,-67,-67,-68,-63,-64,-65,-64,-59,-60,-61,-63,-57,-58,-59,-55
-15,-13,-12,-14,25,1130,1032,469,226,232,510,119,-26,71,141,-30,30,26,41,-54,-80,-77,-77,-83,-80,-75,-73,-77,-80,-73,-73,-70,-74,-66,-64,-67,-71,-65,-64,-63,-62,-62,-62,-60,-60,-59,-58,-58,-57,-58
-14,-16,-14,-16,23,1120,1028,459,213,237,510,121,-22,100,166,-19,44,26,16,-71,-83,-80,-78,-84,-80,-76,-75,-79,-81,-75,-70,-74,-73,-67,-69,-69,-68,-70,-66,-66,-66,-63,-59,-62,-64,-63,-60,-59,-58,-57
-14,-15,-13,-13,21,1122,1029,457,216,251,529,130,-14,135,202,-8,51,26,-3,-77,-82,-85,-78,-89,-81,-78,-77,-79,-81,-76,-72,-73,-74,-70,-70,-72,-74,-71,-68,-65,-64,-65,-62,-62,-65,-61,-58,-58,-59,-59
-13,-14,-17,-13,22,1121,1029,453,212,259,532,135,-7,159,219,-5,53,26,-22,-79,-83,-83,-79,-86,-82,-75,-76,-79,-83,-77,-72,-74,-76,-69,-66,-70,-69,-68,-64,-65,-65,-66,-63,-61,-63,-61,-62,-59,-57,-58
-16,-16,-15,-13,20,1112,1015,436,200,277,536,137,4,183,246,2,41,19,-48,-86,-84,-84,-78,-88,-83,-80,-77,-82,-83,-79,-75,-78,-78,-74,-69,-74,-75,-74,-71,-68,-70,-69,-66,-64,-64,-67,-65,-63,-63,-63
-14,-17,-15,-14,20,1121,1030,459,217,231,533,130,-23,14,119,-25,-14,-1,45,-35,-80,-64,-62,-74,-81,-76,-73,-76,-80,-74,-74,-75,-75,-67,-66,-68,-71,-67,-65,-64,-65,-63,-60,-62,-60,-60,-61,-57,-58,-57
-14,-14,-11,-12,27,1126,1040,540,273,202,503,127,-38,-8,34,5,9,-11,30,-46,-75,-78,-72,-78,-80,-74,-67,-70,-77,-74,-67,-73,-73,-63,-65,-65,-70,-67,-64,-64,-64,-61,-61,-58,-60,-60,-58,-58,-56,-55
-18,-19,-18,-14,29,1100,1031,561,282,249,476,117,-42,-40,202,114,-20,-69,-53,-66,-82,-79,-75,-83,-83,-75,-73,-76,-81,-77,-75,-76,-78,-72,-68,-68,-75,-73,-68,-67,-66,-66,-63,-61,-61,-63,-61,-59,-60,-61
-13,-13,-13,-14,29,1105,1032,557,281,241,490,122,-39,-64,122,49,-20,-65,-27,-58,-75,-76,-76,-80,-82,-70,-71,-72,-77,-73,-68,-70,-70,-67,-62,-67,-68,-68,-62,-62,-61,-60,-58,-58,-60,-58,-58,-58,-55,-56
-14,-14,-13,-14,27,1112,1030,547,277,230,500,124,-39,-58,50,-6,-14,-44,-2,-50,-72,-79,-74,-83,-77,-71,-69,-70,-78,-69,-70,-69,-70,-64,-63,-65,-66,-65,-62,-60,-64,-62,-60,-59,-59,-61,-58,-54,-53,-54
-10,-12,-15,-13,31,1122,1040,542,276,217,516,128,-36,43,51,-5,12,22,33,-51,-76,-78,-72,-78,-79,-69,-69,-71,-78,-74,-73,-72,-75,-65,-66,-64,-67,-68,-64,-63,-66,-63,-59,-61,-61,-63,-61,-58,-54,-58
-13,-14,-14,-15,26,1131,1040,523,260,193,525,127,-38,119,214,67,5,29,-23,-80,-89,-86,-79,-86,-87,-79,-74,-82,-82,-78,-76,-80,-79,-72,-71,-71,-77,-73,-70,-68,-70,-69,-64,-66,-67,-68,-64,-61,-58,-62
-16,-18,-15,-16,24,1135,1046,515,257,198,533,133,-36,123,246,75,-11,13,-33,-80,-91,-86,-70,-86,-87,-79,-78,-82,-84,-83,-78,-81,-79,-72,-74,-70,-76,-76,-70,-71,-70,-69,-67,-67,-68,-67,-64,-62,-64,-62
-15,-11,-16,-12,27,1127,1042,513,255,193,533,133,-37,127,237,73,-4,18,-29,-79,-87,-82,-70,-85,-85,-77,-76,-80,-83,-78,-74,-78,-78,-70,-69,-71,-70,-72,-68,-66,-66,-64,-64,-63,-66,-64,-64,-59,-60,-59
-15,-10,-13,-12,28,1124,1038,511,254,192,523,131,-37,122,253,83,-15,11,-40,-77,-84,-81,-65,-82,-83,-78,-75,-80,-82,-77,-74,-77,-77,-70,-69,-70,-73,-71,-65,-66,-68,-65,-63,-62,-59,-62,-62,-57,-58,-60
-16,-12,-14,-12,26,1133,1040,504,249,194,527,130,-30,85,265,72,-39,-22,-37,-66,-81,-76,-45,-73,-84,-75,-71,-78,-81,-77,-75,-71,-76,-67,-67,-69,-72,-73,-65,-65,-65,-63,-63,-61,-62,-63,-60,-59,-57,-58
-12,-12,-13,-16,27,1132,1042,488,243,219,548,138,-25,26,185,9,-40,-29,9,-38,-69,-56,-43,-64,-82,-72,-71,-76,-79,-77,-71,-72,-73,-68,-65,-67,-72,-68,-66,-63,-67,-66,-62,-60,-63,-60,-60,-60,-58,-59
-18,-18,-19,-16,21,1125,1035,478,235,221,549,135,-29,15,139,-23,-29,-18,37,-33,-73,-58,-58,-70,-82,-78,-77,-79,-81,-79,-75,-77,-77,-74,-69,-71,-71,-74,-67,-68,-66,-65,-64,-62,-65,-63,-64,-59,-60,-60
-13,-12,-12,-11,25,1125,1026,466,226,234,548,138,-25,44,125,-37,2,4,50,-42,-77,-67,-67,-76,-80,-74,-72,-80,-80,-76,-71,-72,-74,-68,-68,-67,-70,-69,-67,-64,-65,-63,-63,-60,-64,-61,-59,-56,-57,-58
-18,-14,-17,-17,20,1127,1025,456,223,252,554,137,-23,94,156,-33,22,18,34,-59,-84,-78,-81,-88,-82,-82,-76,-80,-83,-78,-75,-77,-78,-74,-70,-71,-77,-74,-68,-71,-70,-69,-68,-67,-64,-65,-63,-60,-63,-59
-14,-13,-13,-17,22,1124,1028,458,222,257,556,146,-12,126,179,-19,35,24,22,-67,-83,-81,-80,-83,-84,-80,-77,-79,-81,-74,-75,-73,-73,-69,-66,-71,-71,-71,-67,-64,-66,-65,-61,-60,-63,-62,-59,-59,-58,-58
-13,-16,-17,-16,19,1126,1029,457,221,266,560,145,-9,157,218,-12,40,22,-6,-79,-87,-86,-81,-90,-86,-81,-76,-82,-84,-78,-80,-77,-78,-72,-71,-71,-78,-75,-72,-70,-71,-70,-65,-65,-68,-67,-62,-59,-63,-63
-16,-17,-15,-18,20,1116,1017,441,207,264,545,138,-11,171,226,-7,41,18,-33,-84,-86,-85,-82,-90,-82,-80,-79,-82,-81,-77,-75,-76,-77,-71,-70,-73,-76,-72,-71,-69,-67,-67,-67,-66,-68,-67,-62,-60,-61,-58
-12,-11,-15,-14,22,1116,1022,443,206,290,543,145,5,186,258,11,40,18,-49,-86,-84,-83,-75,-86,-81,-79,-76,-82,-81,-78,-74,-77,-77,-69,-68,-71,-75,-74,-69,-66,-67,-66,-65,-62,-63,-67,-61,-60,-62,-59
-17,-17,-17,-14,22,1125,1030,456,211,239,523,127,-20,89,158,-27,31,23,27,-61,-80,-80,-79,-85,-84,-77,-74,-80,-82,-74,-76,-76,-76,-70,-67,-70,-72,-69,-68,-67,-67,-68,-64,-62,-69,-65,-62,-60,-59,-59
-12,-13,-10,-12,27,1133,1043,534,263,172,486,119,-47,54,90,46,17,26,30,-53,-81,-80,-70,-74,-78,-71,-70,-71,-78,-75,-70,-72,-76,-68,-67,-66,-67,-69,-67,-65,-64,-63,-59,-60,-64,-60,-57,-57,-54,-59
-16,-15,-14,-19,28,1098,1029,561,277,226,461,108,-47,-49,195,102,-18,-72,-43,-60,-83,-81,-79,-81,-85,-77,-74,-74,-81,-77,-73,-76,-76,-71,-69,-67,-72,-69,-68,-69,-65,-67,-63,-65,-63,-65,-62,-60,-58,-58
-13,-12,-15,-11,30,1110,1042,560,282,227,478,118,-43,-62,141,66,-17,-62,-20,-47,-75,-79,-74,-81,-80,-74,-69,-72,-77,-75,-70,-70,-72,-66,-66,-64,-67,-66,-63,-64,-62,-61,-62,-60,-60,-60,-61,-55,-57,-58
-13,-15,-13,-14,31,1113,1040,554,279,222,494,124,-40,-48,45,2,-7,-30,19,-44,-69,-76,-73,-79,-82,-73,-70,-73,-77,-72,-70,-71,-73,-68,-66,-65,-68,-69,-63,-63,-64,-61,-57,-59,-58,-60,-59,-54,-56,-56
-12,-14,-13,-12,28,1123,1037,535,272,213,519,131,-40,49,48,-11,8,11,23,-58,-79,-81,-75,-75,-79,-74,-73,-70,-78,-77,-73,-70,-75,-65,-66,-69,-71,-70,-68,-67,-65,-63,-63,-61,-63,-62,-60,-57,-56,-57
-12,-12,-11,-14,27,1131,1036,509,260,211,555,142,-31,132,228,50,-7,19,-34,-80,-88,-83,-67,-82,-84,-79,-76,-82,-83,-81,-74,-78,-79,-73,-68,-71,-75,-71,-68,-68,-67,-64,-64,-63,-63,-68,-61,-57,-62,-61
-13,-14,-11,-13,25,1133,1039,504,254,213,554,142,-29,109,239,54,-26,-2,-45,-78,-87,-80,-55,-80,-83,-78,-76,-80,-82,-80,-75,-76,-75,-69,-68,-69,-75,-70,-68,-66,-69,-66,-63,-64,-64,-65,-62,-58,-60,-59
-13,-14,-10,-14,23,1132,1040,508,258,209,550,143,-32,119,234,58,-20,6,-40,-81,-88,-81,-61,-83,-82,-80,-74,-81,-85,-77,-76,-77,-76,-69,-68,-69,-72,-71,-69,-67,-66,-67,-65,-63,-62,-63,-63,-61,-56,-59
-14,-12,-12,-14,25,1125,1034,507,249,196,535,133,-34,119,244,71,-20,5,-41,-78,-89,-82,-65,-85,-83,-78,-74,-80,-82,-78,-76,-76,-76,-71,-68,-68,-74,-72,-68,-67,-67,-66,-66,-62,-65,-64,-62,-59,-60,-61
-13,-15,-16,-13,26,1131,1040,508,250,196,537,134,-33,114,261,81,-25,-3,-40,-77,-87,-81,-57,-82,-84,-77,-72,-79,-83,-77,-71,-75,-78,-69,-65,-69,-73,-70,-68,-69,-68,-68,-63,-64,-66,-63,-61,-60,-59,-59
-13,-18,-15,-15,26,1133,1044,505,245,192,538,136,-37,98,275,77,-39,-25,-36,-68,-86,-77,-44,-74,-86,-81,-73,-84,-82,-79,-75,-77,-79,-74,-68,-71,-78,-72,-68,-67,-68,-71,-67,-68,-67,-66,-66,-61,-61,-63
-14,-14,-11,-14,27,1128,1040,502,239,198,538,137,-38,74,270,66,-46,-43,-14,-52,-77,-68,-46,-68,-84,-77,-75,-81,-83,-76,-74,-75,-78,-71,-66,-69,-78,-70,-63,-68,-68,-66,-63,-62,-64,-66,-62,-61,-59,-62
-12,-13,-16,-16,26,1123,1034,487,233,210,538,137,-33,25,179,-4,-34,-28,36,-26,-70,-61,-56,-71,-82,-76,-77,-78,-81,-75,-71,-78,-79,-70,-65,-71,-72,-71,-63,-66,-65,-66,-59,-62,-60,-64,-61,-60,-56,-57
-13,-17,-14,-13,27,1131,1042,495,232,217,542,142,-35,25,165,-10,-27,-20,58,-25,-73,-65,-62,-77,-81,-75,-70,-79,-81,-75,-74,-80,-76,-71,-68,-68,-72,-70,-65,-68,-66,-67,-65,-61,-63,-63,-59,-59,-57,-60
-16,-16,-17,-15,24,1132,1043,489,227,224,527,133,-36,36,149,-20,0,1,67,-33,-76,-76,-77,-81,-83,-77,-73,-77,-83,-76,-70,-74,-74,-71,-65,-70,-72,-68,-68,-66,-65,-65,-61,-62,-63,-60,-62,-59,-57,-58
-17,-15,-14,-15,21,1120,1036,480,219,223,530,132,-32,52,145,-25,5,2,56,-46,-81,-79,-79,-85,-83,-77,-77,-79,-79,-78,-72,-76,-76,-74,-69,-74,-75,-73,-65,-67,-66,-68,-63,-64,-66,-62,-62,-60,-60,-61
-13,-15,-12,-11,21,1131,1039,475,221,246,535,138,-28,120,199,2,28,15,38,-64,-85,-80,-79,-86,-81,-78,-76,-76,-82,-76,-74,-75,-77,-71,-65,-69,-75,-71,-67,-65,-70,-65,-62,-63,-64,-67,-61,-62,-59,-60
-10,-11,-11,-11,24,1127,1042,481,220,240,520,131,-29,132,217,14,30,11,18,-71,-84,-81,-77,-86,-86,-75,-74,-80,-78,-77,-72,-75,-75,-72,-65,-69,-70,-70,-65,-65,-68,-65,-66,-63,-63,-63,-60,-59,-57,-58
-13,-15,-12,-14,26,1133,1049,495,229,217,525,135,-34,34,159,-9,-10,-3,75,-25,-76,-70,-69,-79,-81,-74,-74,-75,-81,-74,-70,-68,-76,-70,-65,-68,-72,-70,-64,-65,-66,-66,-63,-61,-65,-64,-62,-58,-60,-60
-15,-17,-11,-12,27,1101,1040,557,258,200,494,140,-49,-39,91,66,10,-10,51,-18,-64,-78,-71,-82,-81,-75,-73,-76,-80,-77,-74,-70,-75,-72,-66,-69,-70,-72,-65,-66,-68,-64,-61,-62,-62,-61,-61,-59,-56,-56
-15,-12,-12,-17,28,1059,1017,579,266,288,471,127,-44,-9,331,236,20,-62,-34,-47,-85,-82,-70,-84,-88,-81,-75,-80,-85,-83,-79,-79,-79,-76,-72,-71,-76,-76,-69,-72,-72,-73,-67,-67,-67,-69,-67,-64,-65,-62
-13,-15,-11,-14,30,1039,1008,573,258,297,465,133,-44,-2,347,258,34,-55,-23,-41,-83,-83,-71,-79,-88,-83,-78,-77,-83,-82,-77,-79,-80,-78,-70,-73,-75,-76,-69,-69,-69,-65,-67,-66,-69,-65,-65,-63,-61,-61
-11,-15,-13,-12,30,1050,1015,573,256,276,475,136,-48,-11,312,211,19,-61,-11,-35,-79,-81,-73,-80,-82,-80,-77,-77,-83,-80,-73,-77,-78,-77,-66,-68,-75,-74,-69,-67,-68,-66,-65,-62,-64,-66,-64,-61,-61,-57
-16,-14,-12,-18,31,1065,1025,563,243,248,506,145,-48,-37,155,95,-3,-44,27,-18,-64,-80,-79,-82,-85,-77,-76,-81,-82,-76,-72,-75,-78,-74,-68,-67,-71,-68,-69,-66,-68,-67,-62,-62,-61,-64,-62,-62,-58,-57
-14,-12,-16,-16,28,1085,1041,552,232,212,528,153,-48,44,146,95,3,7,22,-51,-81,-83,-78,-87,-87,-77,-75,-79,-81,-79,-76,-77,-79,-76,-69,-72,-75,-71,-70,-70,-68,-67,-64,-63,-65,-67,-63,-60,-61,-62
-18,-16,-16,-18,31,1080,1038,558,235,201,503,148,-51,13,120,101,11,2,39,-33,-73,-78,-74,-87,-85,-78,-76,-77,-83,-80,-74,-76,-80,-75,-67,-71,-74,-76,-66,-69,-69,-67,-62,-64,-65,-66,-63,-64,-63,-60
-13,-11,-13,-12,33,1078,1041,565,236,202,480,144,-49,-12,119,108,16,0,54,-14,-61,-78,-71,-83,-86,-75,-75,-77,-81,-74,-74,-71,-76,-72,-66,-67,-72,-70,-65,-64,-65,-62,-61,-61,-61,-64,-60,-57,-58,-58
-18,-16,-15,-17,28,1078,1041,560,232,202,483,144,-52,-12,105,99,9,2,50,-22,-68,-77,-75,-86,-88,-76,-76,-78,-81,-80,-76,-76,-78,-74,-70,-69,-73,-72,-69,-68,-68,-68,-65,-68,-65,-64,-65,-61,-60,-61
-13,-14,-14,-13,33,1082,1040,555,228,181,475,142,-51,26,150,125,10,8,32,-45,-79,-79,-73,-81,-83,-74,-73,-74,-80,-77,-71,-73,-77,-74,-65,-69,-69,-71,-68,-63,-68,-64,-61,-61,-62,-63,-62,-60,-57,-58
-13,-14,-14,-12,31,1088,1048,553,223,165,469,141,-48,60,220,166,6,-4,13,-53,-83,-80,-67,-80,-85,-76,-70,-70,-81,-76,-76,-72,-77,-71,-68,-69,-71,-71,-67,-65,-65,-68,-64,-62,-64,-60,-61,-60,-57,-58
-15,-14,-13,-12,29,1097,1053,547,220,155,468,146,-47,90,293,197,-6,-22,-10,-56,-86,-79,-62,-80,-86,-80,-69,-75,-84,-79,-78,-76,-80,-73,-70,-70,-74,-70,-69,-65,-67,-67,-62,-64,-64,-66,-65,-62,-61,-61
-12,-14,-10,-15,32,1098,1054,551,215,148,462,149,-51,95,326,215,-10,-44,-16,-53,-87,-80,-61,-81,-84,-80,-70,-75,-85,-77,-77,-78,-80,-72,-71,-70,-74,-77,-72,-69,-70,-69,-63,-62,-64,-69,-65,-61,-59,-60
-12,-11,-12,-16,28,1103,1058,545,212,142,456,145,-51,99,359,223,-18,-56,-15,-50,-86,-79,-56,-76,-85,-78,-71,-76,-85,-79,-77,-77,-82,-73,-70,-71,-76,-78,-69,-66,-69,-69,-63,-64,-65,-66,-62,-64,-60,-61
-15,-18,-15,-15,31,1100,1054,544,209,120,428,137,-51,89,361,225,-21,-64,-4,-46,-86,-80,-54,-77,-86,-79,-71,-78,-85,-79,-76,-79,-80,-74,-68,-70,-77,-73,-68,-67,-71,-70,-64,-66,-67,-67,-64,-63,-62,-60
-14,-14,-12,-12,30,1100,1059,543,208,116,412,137,-48,86,365,228,-18,-64,7,-36,-83,-76,-56,-73,-83,-74,-68,-79,-82,-80,-77,-77,-79,-73,-70,-71,-75,-74,-68,-67,-68,-69,-66,-63,-64,-67,-62,-59,-60,-59
-15,-17,-15,-17,28,1111,1062,536,209,114,425,136,-49,76,335,171,-26,-63,27,-23,-78,-78,-59,-77,-86,-79,-70,-80,-86,-81,-76,-76,-80,-75,-70,-71,-76,-75,-71,-68,-70,-71,-68,-66,-65,-66,-66,-63,-61,-62
-13,-14,-12,-14,28,1104,1057,530,207,108,401,129,-49,67,268,123,-20,-48,60,-2,-66,-78,-68,-80,-82,-74,-70,-76,-79,-76,-73,-76,-72,-71,-68,-70,-75,-68,-68,-63,-66,-66,-66,-63,-63,-64,-62,-58,-56,-58
-11,-13,-12,-13,31,1090,1053,549,208,112,390,126,-47,71,286,220,-7,-33,3,-37,-83,-82,-66,-80,-82,-79,-73,-76,-83,-77,-73,-74,-78,-70,-69,-67,-72,-68,-64,-62,-68,-64,-62,-60,-65,-62,-64,-60,-58,-58
-16,-12,-13,-15,35,990,999,568,217,274,331,75,-47,-9,413,366,76,-53,-4,-20,-75,-79,-63,-72,-82,-77,-72,-70,-82,-81,-77,-78,-79,-79,-74,-73,-72,-74,-73,-69,-71,-69,-63,-64,-65,-65,-64,-59,-60,-63
-11,-11,-12,-16,34,901,941,563,223,348,312,52,-44,-43,232,310,91,-26,-33,-6,-25,-64,-61,-63,-75,-74,-71,-74,-80,-74,-73,-72,-76,-69,-65,-67,-69,-70,-68,-68,-68,-64,-61,-61,-64,-64,-61,-61,-60,-58
-16,-15,-14,-13,34,922,953,562,220,343,329,64,-42,-34,288,325,91,-28,-27,-11,-42,-69,-67,-67,-81,-76,-73,-75,-82,-78,-77,-76,-79,-75,-68,-64,-71,-69,-70,-68,-68,-67,-65,-62,-61,-63,-61,-59,-60,-59
-16,-18,-16,-17,30,940,963,559,217,325,360,74,-46,-27,348,335,83,-39,-23,-22,-65,-78,-70,-72,-88,-80,-71,-76,-84,-82,-78,-80,-80,-77,-71,-72,-77,-73,-75,-69,-70,-69,-68,-66,-67,-68,-66,-61,-62,-64
-13,-16,-17,-18,32,982,987,560,219,290,410,102,-49,-1,367,293,53,-57,-12,-44,-82,-79,-67,-75,-83,-78,-76,-75,-85,-81,-80,-80,-81,-79,-72,-74,-79,-76,-74,-71,-74,-72,-67,-67,-67,-69,-64,-60,-62,-64
-16,-17,-14,-15,30,1045,1021,564,228,240,452,126,-51,-18,164,131,13,-26,43,-11,-61,-79,-78,-86,-84,-80,-76,-77,-83,-79,-76,-75,-77,-71,-72,-68,-74,-73,-72,-66,-67,-67,-67,-63,-62,-67,-64,-57,-60,-61
-16,-17,-18,-17,29,1065,1034,557,234,223,475,132,-51,-15,103,84,6,-4,48,-22,-65,-79,-77,-86,-85,-79,-76,-79,-79,-78,-71,-76,-78,-76,-71,-68,-73,-71,-67,-67,-69,-66,-65,-63,-64,-62,-63,-60,-59,-60
-15,-16,-16,-15,29,1060,1027,550,234,221,482,130,-51,-23,93,74,3,-8,41,-24,-64,-77,-78,-86,-83,-77,-75,-79,-80,-76,-70,-75,-77,-72,-67,-69,-71,-69,-67,-66,-66,-64,-64,-61,-61,-64,-63,-59,-62,-59
-15,-13,-13,-14,33,1069,1036,553,239,209,487,134,-50,-2,100,78,11,14,52,-28,-68,-79,-74,-82,-84,-77,-72,-75,-82,-76,-69,-72,-72,-71,-66,-68,-72,-69,-66,-65,-65,-65,-64,-62,-63,-60,-61,-57,-57,-58
-13,-15,-13,-13,31,1085,1044,552,240,194,489,134,-51,59,175,108,10,24,23,-51,-82,-79,-78,-86,-84,-78,-75,-77,-82,-80,-71,-74,-77,-73,-62,-68,-73,-71,-68,-68,-66,-64,-60,-61,-62,-64,-63,-60,-59,-58
-16,-18,-16,-17,31,1091,1046,547,237,171,475,126,-51,97,281,154,-2,2,-15,-66,-91,-80,-66,-84,-88,-80,-74,-77,-84,-81,-78,-78,-80,-78,-68,-70,-75,-76,-71,-68,-71,-69,-67,-67,-67,-68,-65,-63,-65,-62
-11,-13,-14,-16,28,1107,1051,532,233,164,487,131,-49,118,351,165,-19,-33,-33,-66,-88,-79,-46,-72,-83,-79,-68,-76,-85,-81,-78,-78,-82,-75,-66,-74,-77,-77,-70,-68,-70,-70,-66,-65,-67,-66,-63,-62,-62,-64
-14,-13,-13,-13,26,1116,1053,519,233,169,498,130,-46,101,340,124,-34,-56,-12,-52,-83,-70,-43,-70,-82,-74,-70,-77,-83,-79,-77,-76,-77,-74,-67,-70,-74,-74,-67,-69,-69,-66,-66,-62,-65,-68,-63,-61,-60,-59
-12,-13,-14,-13,28,1120,1048,518,233,166,484,122,-45,83,308,99,-38,-54,8,-34,-77,-66,-47,-70,-85,-78,-69,-77,-84,-76,-73,-73,-78,-72,-65,-70,-72,-70,-67,-65,-68,-66,-61,-65,-63,-64,-63,-59,-61,-61
-17,-18,-16,-17,25,1109,1040,500,218,160,480,116,-46,55,257,64,-42,-52,24,-30,-74,-70,-61,-77,-82,-77,-71,-77,-82,-77,-75,-77,-77,-74,-69,-71,-74,-74,-70,-68,-67,-69,-62,-64,-65,-67,-60,-61,-59,-60
-13,-15,-12,-16,30,1122,1047,510,228,179,497,131,-46,56,241,55,-32,-41,48,-17,-69,-67,-66,-77,-83,-73,-70,-75,-80,-80,-77,-73,-76,-75,-66,-69,-73,-72,-67,-63,-66,-67,-62,-64,-63,-63,-60,-60,-61,-59
-14,-14,-16,-16,25,1119,1053,508,221,186,512,134,-46,47,220,39,-32,-38,60,-19,-75,-76,-75,-81,-87,-77,-77,-78,-83,-78,-74,-75,-77,-75,-68,-71,-75,-71,-71,-68,-70,-67,-65,-65,-64,-65,-63,-60,-61,-61
-13,-13,-15,-13,27,1116,1040,496,217,199,527,143,-47,51,185,13,-19,-26,72,-23,-71,-78,-77,-83,-83,-77,-73,-79,-81,-75,-70,-75,-75,-72,-67,-70,-70,-69,-67,-63,-68,-65,-63,-63,-63,-68,-63,-58,-57,-57
-14,-16,-15,-16,28,1117,1049,514,225,189,536,150,-45,85,313,107,-40,-61,-3,-43,-81,-71,-50,-73,-83,-78,-66,-79,-86,-79,-76,-74,-78,-77,-68,-71,-76,-75,-65,-69,-68,-68,-61,-63,-65,-66,-65,-61,-61,-62
-17,-17,-16,-17,26,1089,1036,551,249,225,503,135,-47,-55,128,79,-6,-39,33,-20,-65,-80,-78,-79,-81,-73,-74,-79,-82,-79,-74,-75,-77,-74,-67,-69,-71,-72,-68,-66,-68,-66,-65,-62,-66,-68,-65,-62,-57,-61
-14,-15,-13,-13,33,1043,1009,572,265,308,456,123,-43,3,336,264,37,-46,-40,-41,-79,-82,-70,-80,-86,-80,-76,-80,-84,-81,-76,-79,-81,-79,-68,-72,-77,-77,-72,-70,-73,-69,-64,-65,-64,-67,-63,-63,-61,-60
-16,-17,-13,-15,32,1024,993,569,260,312,448,115,-42,-5,325,261,39,-46,-46,-43,-81,-84,-74,-83,-89,-82,-77,-82,-86,-83,-78,-81,-82,-77,-73,-77,-80,-77,-73,-73,-75,-71,-66,-67,-67,-69,-69,-65,-62,-66
-15,-15,-13,-16,35,1037,1008,568,260,307,485,133,-42,1,332,237,28,-57,-33,-49,-84,-81,-70,-83,-86,-81,-77,-80,-83,-82,-78,-77,-79,-77,-69,-70,-75,-71,-67,-70,-69,-65,-66,-63,-68,-68,-64,-60,-60,-62
-18,-14,-14,-16,30,1046,1008,565,255,323,520,145,-40,-16,293,189,12,-63,-45,-60,-89,-81,-74,-82,-83,-81,-77,-80,-87,-81,-77,-78,-79,-76,-71,-74,-78,-77,-70,-68,-70,-69,-67,-67,-66,-70,-67,-66,-61,-63
-10,-16,-13,-14,31,1074,1025,552,243,263,551,161,-46,-21,81,31,-18,-27,25,-29,-69,-78,-73,-81,-82,-73,-70,-76,-79,-73,-70,-71,-76,-68,-65,-65,-70,-70,-62,-65,-65,-66,-65,-61,-62,-63,-61,-59,-56,-58
-16,-15,-15,-14,29,1100,1040,543,248,235,555,154,-48,60,141,58,1,12,28,-53,-83,-82,-81,-84,-86,-81,-76,-75,-82,-79,-75,-77,-81,-77,-69,-72,-74,-73,-71,-70,-67,-70,-67,-65,-67,-64,-63,-62,-60,-63
-14,-14,-13,-17,30,1099,1037,544,243,244,563,157,-48,64,139,58,-5,8,27,-50,-81,-81,-76,-85,-85,-77,-69,-78,-83,-77,-72,-76,-80,-75,-67,-71,-72,-71,-66,-66,-68,-65,-64,-65,-64,-62,-61,-61,-59,-63
-15,-16,-12,-17,27,1097,1039,548,245,234,549,152,-48,53,128,60,2,14,27,-51,-82,-82,-78,-85,-85,-80,-74,-77,-82,-80,-77,-78,-78,-77,-70,-72,-76,-76,-70,-70,-69,-68,-67,-65,-66,-67,-62,-60,-62,-61
-15,-14,-12,-15,31,1100,1039,535,242,213,542,144,-48,103,212,90,1,22,0,-66,-88,-84,-79,-87,-86,-79,-75,-75,-82,-77,-75,-77,-80,-74,-68,-71,-75,-70,-69,-67,-70,-67,-63,-64,-65,-62,-61,-63,-60,-63
-11,-16,-14,-12,26,1115,1046,525,241,208,555,150,-43,135,316,127,-14,-8,-33,-73,-90,-80,-62,-82,-89,-80,-75,-79,-86,-79,-75,-78,-80,-73,-70,-72,-78,-77,-69,-70,-70,-69,-67,-64,-67,-65,-64,-63,-62,-63
-17,-18,-17,-19,25,1122,1045,506,237,222,580,153,-39,110,316,91,-42,-46,-46,-75,-91,-80,-46,-72,-86,-81,-76,-81,-86,-83,-77,-78,-80,-76,-69,-72,-74,-78,-74,-71,-69,-71,-70,-69,-69,-68,-66,-63,-59,-61
-14,-15,-11,-14,26,1126,1042,495,231,227,588,158,-35,64,256,38,-52,-58,-15,-47,-71,-67,-50,-66,-83,-73,-72,-77,-82,-77,-73,-77,-77,-71,-68,-70,-78,-69,-66,-66,-69,-67,-62,-63,-64,-67,-63,-59,-58,-60
-12,-12,-13,-15,27,1117,1040,487,222,221,567,149,-36,48,227,24,-48,-54,6,-37,-70,-64,-56,-69,-82,-76,-74,-80,-82,-78,-72,-77,-75,-71,-67,-70,-73,-70,-66,-66,-63,-63,-65,-63,-66,-64,-63,-58,-60,-59
-14,-12,-14,-13,28,1128,1038,487,227,239,587,159,-32,44,192,-7,-42,-43,33,-27,-69,-64,-63,-70,-83,-74,-73,-78,-81,-73,-73,-74,-76,-70,-66,-71,-75,-72,-68,-69,-68,-65,-62,-62,-63,-63,-60,-58,-58,-58
-18,-16,-15,-16,25,1127,1041,490,221,225,577,155,-38,40,198,3,-43,-45,30,-30,-73,-69,-66,-77,-83,-78,-76,-81,-82,-81,-76,-79,-81,-74,-72,-72,-77,-71,-67,-68,-70,-68,-67,-64,-67,-67,-65,-59,-59,-61
-12,-13,-17,-14,26,1122,1039,481,217,239,569,153,-38,49,167,-21,-26,-26,57,-35,-71,-71,-74,-80,-83,-74,-74,-79,-82,-74,-72,-74,-77,-72,-65,-70,-74,-70,-64,-67,-63,-66,-62,-58,-63,-64,-61,-58,-58,-58
-14,-13,-14,-16,24,1129,1043,481,216,247,566,148,-32,85,183,-10,8,4,59,-51,-81,-81,-78,-83,-85,-80,-77,-79,-82,-77,-76,-78,-79,-71,-68,-73,-73,-73,-65,-66,-67,-67,-66,-60,-62,-64,-62,-61,-60,-60
-15,-12,-16,-15,25,1131,1052,515,232,191,540,144,-41,108,315,110,-38,-42,-28,-59,-86,-76,-44,-73,-86,-80,-74,-80,-83,-80,-78,-77,-81,-75,-69,-73,-78,-75,-68,-69,-71,-69,-66,-66,-67,-67,-64,-62,-64,-61
-15,-12,-14,-12,28,1102,1039,562,265,241,510,138,-45,-58,160,88,-6,-57,8,-32,-69,-78,-76,-78,-82,-76,-75,-76,-82,-77,-72,-72,-72,-69,-68,-66,-71,-72,-63,-64,-64,-65,-62,-62,-63,-60,-59,-60,-57,-55
-13,-11,-14,-13,31,1065,1018,579,274,298,481,130,-42,-1,331,243,21,-49,-45,-52,-85,-82,-67,-82,-90,-82,-75,-80,-83,-81,-80,-78,-79,-76,-71,-71,-75,-76,-70,-73,-70,-70,-69,-70,-66,-69,-64,-64,-63,-61
-16,-13,-18,-12,30,1069,1020,577,274,278,470,124,-47,-6,307,205,6,-62,-42,-54,-87,-82,-69,-78,-89,-81,-74,-78,-83,-83,-77,-79,-79,-76,-74,-71,-77,-77,-71,-70,-69,-70,-67,-66,-69,-69,-67,-64,-60,-65
-14,-11,-12,-11,29,1080,1026,569,269,270,491,134,-45,-21,260,155,-6,-64,-26,-47,-81,-79,-69,-82,-82,-76,-71,-77,-79,-80,-73,-70,-77,-69,-66,-66,-71,-70,-65,-66,-68,-70,-63,-59,-63,-63,-61,-57,-59,-59
-12,-11,-13,-14,29,1098,1037,560,267,237,518,143,-44,-47,85,31,-9,-23,35,-25,-67,-78,-72,-76,-83,-72,-72,-73,-80,-74,-69,-73,-73,-67,-67,-66,-70,-70,-65,-64,-61,-62,-61,-62,-61,-61,-61,-56,-58,-57
-13,-11,-12,-12,28,1117,1049,543,255,210,535,143,-45,93,178,77,10,36,25,-56,-85,-83,-80,-84,-85,-76,-72,-72,-82,-82,-77,-78,-78,-71,-69,-70,-73,-70,-67,-67,-69,-68,-65,-64,-65,-66,-62,-60,-60,-61
-13,-14,-11,-15,27,1123,1049,540,255,205,527,139,-48,94,188,88,10,32,22,-56,-85,-85,-77,-87,-86,-79,-72,-75,-81,-79,-74,-80,-79,-72,-67,-71,-74,-72,-69,-68,-68,-65,-64,-62,-63,-68,-65,-60,-61,-58
-16,-16,-18,-17,25,1120,1052,540,254,204,524,135,-49,87,168,74,11,32,23,-61,-87,-82,-79,-86,-84,-78,-78,-76,-83,-79,-78,-78,-80,-71,-71,-71,-76,-74,-71,-69,-70,-69,-69,-67,-67,-67,-68,-63,-63,-62
-12,-14,-13,-14,32,1123,1055,539,257,191,512,133,-49,105,215,102,14,36,12,-63,-86,-81,-78,-84,-87,-77,-74,-80,-80,-79,-73,-78,-78,-73,-67,-71,-72,-70,-67,-65,-69,-67,-62,-62,-65,-66,-64,-59,-61,-59
-13,-16,-14,-13,31,1127,1054,530,249,182,512,134,-44,129,292,125,-3,13,-21,-72,-91,-82,-67,-82,-87,-80,-74,-79,-84,-78,-74,-78,-78,-72,-69,-71,-74,-72,-68,-68,-69,-67,-63,-62,-64,-66,-63,-63,-61,-58
-15,-13,-14,-15,27,1127,1050,516,244,185,516,130,-38,117,323,117,-32,-25,-30,-62,-84,-77,-47,-77,-84,-79,-72,-78,-84,-80,-73,-75,-78,-71,-68,-70,-75,-73,-68,-65,-67,-67,-66,-63,-66,-64,-64,-62,-62,-62
-17,-14,-17,-16,21,1132,1055,513,237,181,512,122,-40,83,299,90,-43,-43,-26,-53,-82,-74,-47,-70,-83,-79,-72,-79,-84,-79,-76,-77,-80,-76,-70,-71,-76,-76,-70,-69,-69,-69,-68,-66,-68,-70,-66,-62,-63,-63
-13,-13,-13,-12,24,1133,1047,496,236,204,529,128,-32,46,233,34,-32,-34,27,-23,-69,-62,-51,-68,-82,-77,-70,-78,-82,-78,-71,-73,-77,-70,-67,-67,-75,-69,-64,-66,-69,-64,-64,-61,-62,-64,-63,-59,-57,-58
-14,-14,-11,-10,25,1135,1045,490,231,216,529,130,-30,25,192,10,-26,-21,44,-22,-73,-60,-57,-67,-82,-76,-77,-78,-84,-76,-76,-73,-79,-69,-67,-71,-75,-72,-67,-65,-67,-65,-62,-59,-65,-63,-64,-61,-62,-59
-14,-14,-11,-17,25,1130,1043,485,227,217,524,130,-29,26,160,-12,-10,1,63,-23,-69,-65,-67,-74,-84,-72,-76,-77,-80,-75,-71,-73,-75,-69,-67,-69,-71,-70,-67,-67,-65,-64,-63,-61,-62,-64,-62,-58,-56,-60
-11,-14,-12,-12,23,1129,1040,479,223,233,523,127,-31,62,166,-15,30,25,59,-42,-77,-77,-75,-80,-82,-78,-72,-76,-80,-76,-71,-76,-76,-70,-67,-67,-74,-72,-68,-65,-65,-64,-61,-61,-62,-62,-62,-58,-58,-58
-14,-13,-15,-11,21,1134,1043,478,219,225,510,121,-33,54,161,-11,23,23,63,-43,-78,-74,-73,-81,-82,-78,-71,-76,-80,-77,-72,-73,-75,-71,-67,-67,-72,-67,-67,-67,-66,-64,-65,-63,-60,-62,-60,-56,-58,-57
-9,-12,-13,-13,27,1134,1058,522,246,167,497,123,-47,123,277,130,-15,-2,-25,-66,-85,-80,-62,-81,-84,-78,-73,-81,-82,-78,-72,-76,-80,-72,-69,-69,-72,-75,-67,-67,-68,-69,-62,-62,-65,-64,-62,-61,-59,-60
-11,-14,-15,-13,29,1107,1044,568,277,227,472,121,-47,-41,222,127,-9,-67,-16,-46,-77,-80,-75,-81,-82,-78,-70,-76,-82,-75,-72,-73,-77,-70,-66,-66,-70,-68,-63,-64,-64,-64,-61,-62,-62,-63,-58,-58,-58,-58
-17,-13,-18,-19,27,1090,1031,574,282,251,463,118,-48,-11,287,187,-9,-69,-47,-60,-85,-79,-71,-80,-89,-80,-78,-80,-81,-80,-78,-78,-79,-76,-73,-71,-76,-75,-70,-71,-69,-71,-66,-68,-68,-70,-64,-62,-63,-60
-12,-14,-14,-14,27,1098,1037,567,280,241,477,125,-44,-33,231,125,-9,-64,-26,-49,-79,-81,-77,-80,-83,-77,-70,-72,-79,-76,-71,-73,-74,-69,-65,-67,-70,-68,-67,-65,-65,-65,-63,-60,-63,-62,-61,-57,-58,-57
-11,-11,-13,-14,29,1105,1037,564,273,234,500,134,-44,-57,126,60,-13,-47,12,-32,-68,-75,-75,-82,-80,-73,-69,-71,-75,-73,-71,-68,-72,-66,-63,-63,-69,-68,-67,-63,-65,-63,-60,-59,-59,-62,-59,-57,-57,-56
-13,-11,-11,-15,29,1123,1050,546,266,213,534,142,-40,78,127,53,16,30,32,-52,-83,-81,-76,-80,-80,-77,-70,-73,-81,-77,-75,-73,-81,-71,-70,-68,-72,-70,-68,-66,-68,-64,-64,-60,-63,-63,-60,-60,-59,-58
-19,-16,-15,-18,26,1129,1052,534,254,198,533,137,-43,123,234,93,3,21,-9,-73,-88,-83,-77,-86,-89,-82,-73,-79,-84,-79,-79,-78,-81,-75,-74,-71,-77,-76,-71,-72,-71,-68,-67,-64,-68,-69,-66,-63,-63,-63
-12,-10,-13,-12,33,1136,1056,536,259,198,532,135,-41,123,227,95,7,27,1,-68,-84,-81,-76,-84,-84,-77,-77,-78,-83,-80,-75,-78,-80,-71,-71,-69,-74,-72,-69,-68,-66,-65,-65,-62,-62,-64,-62,-62,-59,-60
-13,-15,-11,-14,28,1131,1055,537,265,191,520,136,-45,102,189,86,13,35,17,-62,-87,-82,-78,-83,-86,-78,-73,-77,-82,-75,-74,-76,-77,-73,-68,-70,-72,-71,-65,-70,-69,-68,-65,-65,-66,-65,-63,-61,-61,-59
-14,-11,-13,-12,26,1137,1058,537,258,189,519,134,-41,132,267,124,4,25,-11,-67,-88,-82,-69,-84,-85,-78,-77,-79,-85,-79,-75,-79,-79,-74,-70,-72,-71,-71,-70,-64,-69,-68,-64,-65,-64,-67,-62,-63,-60,-58
-11,-14,-11,-14,25,1132,1054,523,250,177,512,126,-43,125,317,127,-19,-15,-30,-66,-84,-81,-50,-79,-85,-80,-72,-77,-83,-78,-77,-76,-77,-71,-70,-70,-77,-73,-69,-66,-69,-68,-66,-65,-68,-66,-63,-61,-59,-61
-17,-15,-18,-17,27,1138,1059,511,242,183,507,117,-41,86,297,95,-40,-36,-14,-46,-79,-72,-47,-71,-84,-79,-70,-80,-84,-79,-78,-75,-79,-75,-69,-74,-76,-74,-69,-71,-68,-70,-65,-66,-67,-66,-64,-62,-62,-63
-13,-14,-12,-13,27,1137,1058,510,240,183,492,120,-37,61,268,74,-34,-35,13,-29,-72,-62,-53,-70,-82,-78,-70,-74,-81,-80,-76,-76,-79,-69,-66,-69,-74,-70,-69,-66,-68,-65,-62,-61,-62,-65,-62,-60,-58,-58
-12,-15,-11,-12,28,1133,1050,506,239,190,495,122,-34,46,241,48,-26,-26,38,-17,-66,-59,-49,-66,-81,-75,-73,-75,-81,-74,-73,-74,-76,-67,-65,-65,-72,-72,-62,-64,-65,-66,-62,-61,-62,-61,-60,-60,-56,-57
-12,-11,-12,-11,25,1132,1050,503,236,194,494,119,-37,33,210,29,-21,-12,56,-10,-64,-61,-58,-70,-82,-74,-73,-77,-80,-76,-74,-76,-78,-69,-66,-66,-73,-71,-67,-67,-66,-64,-64,-61,-64,-63,-62,-58,-57,-58
-15,-13,-11,-12,0,1129,1061,501,240,201,486,128,-39,19,172,9,-5,2,69,-15,-71,-66,-69,-72,-81,-76,-73,-76,-80,-74,-73,-70,-71,-71,-64,-67,-70,-71,-67,-63,-66,-63,-64,-61,-61,-61,-60,-58,-58,-57
-11,-14,-11,-13,28,1132,1050,497,226,208,492,118,-39,34,164,-6,10,13,74,-31,-74,-70,-72,-78,-83,-73,-72,-74,-81,-76,-70,-71,-75,-67,-63,-68,-70,-70,-65,-63,-64,-63,-62,-60,-61,-63,-59,-59,-58,-57
-14,-19,-16,-19,19,1127,1053,506,229,170,473,115,-42,38,229,50,-29,-27,44,-16,-73,-66,-63,-75,-83,-79,-74,-79,-82,-80,-74,-77,-78,-73,-69,-69,-76,-72,-65,-67,-68,-68,-63,-63,-63,-67,-63,-60,-62,-63
-12,-11,-14,-12,29,1105,1048,563,259,172,452,124,-49,-52,101,83,14,-4,60,-10,-59,-78,-70,-78,-81,-73,-70,-75,-79,-74,-66,-71,-72,-66,-65,-67,-69,-70,-65,-63,-63,-65,-59,-60,-59,-61,-59,-58,-55,-57
-14,-12,-12,-12,33,1024,1001,587,269,292,393,102,-39,-5,320,298,55,-40,-33,-15,-65,-77,-67,-77,-87,-81,-76,-81,-81,-80,-79,-77,-78,-75,-71,-72,-73,-73,-69,-67,-69,-68,-65,-62,-64,-67,-64,-62,-59,-61
-14,-17,-16,-14,31,996,985,585,265,311,376,95,-37,-17,285,294,61,-34,-31,-8,-59,-77,-70,-76,-91,-82,-79,-79,-83,-83,-80,-79,-81,-76,-73,-75,-78,-77,-74,-70,-74,-71,-66,-67,-66,-67,-68,-66,-63,-62
-13,-13,-13,-14,36,992,989,581,254,303,386,97,-38,-13,335,304,65,-42,-19,-5,-63,-78,-70,-76,-86,-80,-76,-78,-82,-82,-75,-77,-80,-77,-69,-73,-73,-74,-69,-70,-70,-68,-66,-64,-65,-65,-65,-64,-60,-60
-17,-15,-16,-17,31,995,991,576,244,289,382,95,-42,-4,367,314,62,-51,-11,-11,-71,-78,-69,-72,-89,-84,-78,-78,-87,-83,-78,-81,-82,-80,-70,-72,-78,-78,-72,-68,-74,-72,-69,-64,-70,-69,-67,-63,-64,-62
-12,-12,-15,-10,29,1038,1024,577,244,231,424,121,-49,-5,258,186,21,-40,43,-4,-64,-78,-76,-83,-82,-76,-75,-75,-83,-80,-76,-76,-78,-73,-70,-69,-71,-73,-66,-66,-69,-65,-63,-63,-64,-63,-64,-61,-59,-57
-17,-15,-16,-15,32,1047,1029,570,236,206,406,112,-54,-13,195,153,18,-22,57,2,-55,-79,-78,-84,-85,-78,-77,-76,-82,-78,-76,-70,-76,-73,-67,-68,-71,-73,-68,-65,-69,-67,-64,-63,-63,-66,-62,-59,-60,-61
-15,-12,-14,-16,34,1046,1026,570,233,206,411,117,-50,-6,226,175,19,-25,57,4,-58,-77,-76,-86,-86,-77,-76,-77,-84,-77,-76,-69,-76,-74,-68,-66,-72,-69,-70,-64,-65,-64,-65,-59,-62,-66,-61,-58,-58,-57
-12,-13,-13,-11,34,1058,1031,570,237,199,414,118,-52,-19,168,135,14,-16,60,0,-56,-79,-78,-84,-83,-76,-73,-79,-81,-76,-72,-68,-75,-73,-65,-67,-71,-69,-66,-66,-65,-64,-61,-61,-62,-64,-62,-58,-58,-56
-15,-16,-14,-14,31,1062,1035,565,238,183,408,114,-52,-21,126,120,17,8,75,0,-55,-75,-72,-82,-84,-76,-73,-76,-79,-76,-69,-71,-75,-70,-64,-65,-69,-67,-60,-64,-64,-63,-62,-59,-61,-63,-61,-56,-56,-57
-15,-12,-12,-14,34,1079,1044,563,236,162,417,123,-50,4,126,120,13,19,51,-32,-75,-78,-72,-83,-82,-75,-72,-71,-77,-76,-71,-70,-74,-72,-64,-68,-68,-68,-66,-64,-63,-63,-61,-59,-60,-59,-59,-62,-57,-57
-13,-13,-11,-16,34,1082,1047,557,235,146,424,124,-50,46,192,142,10,22,29,-46,-82,-81,-69,-82,-81,-73,-69,-72,-82,-78,-73,-73,-76,-70,-64,-66,-67,-68,-66,-64,-64,-65,-60,-57,-61,-63,-61,-57,-56,-57
-13,-13,-14,-14,29,1103,1054,554,239,142,446,130,-51,100,317,192,-5,-19,-9,-54,-84,-79,-55,-75,-84,-80,-73,-75,-85,-80,-74,-75,-77,-74,-64,-68,-73,-76,-71,-65,-68,-68,-64,-62,-64,-65,-64,-63,-60,-59
-16,-17,-15,-17,28,1104,1052,546,232,132,440,124,-50,102,337,188,-18,-34,-19,-61,-89,-79,-49,-76,-89,-82,-69,-76,-84,-79,-79,-78,-78,-77,-67,-74,-76,-74,-73,-70,-70,-72,-68,-67,-66,-68,-65,-64,-64,-64
-14,-12,-15,-16,31,1109,1054,544,235,132,442,121,-49,111,362,182,-23,-47,-13,-52,-83,-74,-42,-68,-83,-78,-66,-77,-82,-77,-73,-76,-79,-75,-65,-68,-75,-71,-68,-66,-70,-67,-62,-63,-64,-65,-64,-60,-60,-62
-13,-13,-13,-16,32,1115,1057,540,236,129,443,125,-48,108,365,181,-24,-52,-12,-47,-82,-71,-42,-68,-84,-79,-65,-74,-82,-78,-75,-76,-78,-71,-67,-72,-75,-74,-67,-66,-68,-66,-63,-61,-62,-65,-61,-62,-61,-60
-14,-13,-12,-15,31,1118,1054,528,232,148,464,127,-48,88,328,129,-34,-55,11,-31,-79,-69,-54,-71,-83,-75,-68,-74,-83,-76,-75,-72,-80,-71,-67,-70,-73,-73,-67,-68,-68,-66,-65,-64,-63,-63,-66,-61,-62,-57
-12,-16,-19,-20,25,1119,1059,529,228,148,461,123,-51,69,290,100,-32,-50,31,-22,-77,-76,-62,-77,-86,-78,-71,-78,-86,-79,-76,-77,-79,-77,-70,-74,-75,-76,-71,-70,-70,-71,-67,-66,-66,-70,-66,-63,-62,-65
-14,-16,-16,-14,28,1107,1054,549,242,138,445,122,-51,71,217,142,9,19,19,-53,-87,-82,-78,-86,-87,-78,-78,-76,-82,-78,-71,-76,-78,-74,-64,-69,-75,-74,-69,-69,-69,-70,-64,-63,-67,-64,-64,-62,-64,-61
-12,-14,-13,-10,33,1030,1009,580,259,289,410,109,-43,2,363,303,53,-51,-22,-16,-73,-82,-67,-79,-89,-81,-73,-74,-83,-84,-79,-80,-80,-80,-70,-74,-77,-76,-74,-73,-70,-70,-68,-65,-65,-68,-65,-63,-62,-63
-17,-13,-13,-12,30,985,977,579,259,349,397,99,-31,-25,264,302,80,-24,-35,-12,-55,-74,-73,-80,-88,-80,-77,-80,-82,-80,-80,-78,-81,-78,-73,-71,-70,-75,-68,-67,-70,-70,-67,-62,-65,-66,-63,-61,-60,-62
-15,-17,-18,-16,30,995,981,583,258,336,403,102,-36,-18,299,302,69,-31,-33,-18,-67,-82,-75,-82,-90,-87,-80,-81,-82,-84,-80,-79,-79,-78,-74,-74,-77,-76,-75,-72,-73,-70,-68,-68,-67,-69,-63,-67,-64,-61
-16,-15,-15,-14,31,1011,991,579,256,314,414,107,-40,-6,334,285,57,-42,-32,-22,-75,-80,-72,-81,-94,-86,-78,-79,-85,-86,-81,-82,-82,-80,-73,-75,-79,-77,-73,-73,-71,-75,-70,-70,-67,-70,-67,-64,-64,-67
-17,-18,-16,-17,28,1045,1011,571,256,281,462,127,-47,-4,318,215,19,-67,-14,-39,-85,-82,-71,-81,-87,-80,-77,-81,-88,-83,-79,-76,-79,-77,-71,-75,-75,-77,-74,-72,-73,-70,-67,-69,-68,-68,-68,-64,-65,-60
-14,-13,-13,-16,31,1078,1029,565,250,233,485,136,-51,-43,121,75,3,-19,50,-10,-57,-78,-74,-80,-84,-73,-70,-76,-81,-78,-73,-74,-77,-73,-65,-70,-68,-68,-64,-64,-68,-63,-61,-62,-63,-60,-59,-57,-59,-59
-15,-13,-14,-14,27,1086,1037,563,249,220,493,135,-51,-27,88,60,4,1,54,-13,-66,-78,-74,-82,-84,-76,-71,-79,-81,-76,-72,-75,-76,-74,-64,-70,-72,-74,-68,-65,-67,-66,-65,-61,-66,-67,-62,-60,-60,-59
-12,-13,-12,-12,32,1085,1035,561,246,224,496,139,-49,-34,97,63,3,-6,52,-14,-61,-75,-73,-80,-81,-74,-71,-77,-79,-78,-72,-71,-75,-70,-64,-66,-70,-69,-66,-65,-64,-64,-62,-61,-61,-62,-64,-58,-60,-59
-14,-14,-12,-12,30,1083,1042,565,256,221,493,139,-49,-22,88,62,9,8,55,-16,-64,-79,-73,-81,-81,-79,-72,-79,-81,-77,-72,-73,-77,-73,-66,-68,-71,-70,-64,-64,-66,-63,-63,-60,-63,-64,-62,-57,-58,-56
-19,-17,-16,-13,28,1092,1039,546,240,187,489,131,-51,50,152,88,5,27,30,-53,-82,-81,-78,-87,-83,-77,-74,-77,-84,-79,-72,-76,-79,-73,-69,-75,-75,-73,-67,-70,-69,-67,-65,-63,-65,-65,-65,-61,-61,-60
-14,-16,-12,-12,32,1106,1051,546,245,186,502,139,-48,104,258,135,8,22,6,-64,-86,-82,-71,-84,-87,-79,-75,-77,-84,-78,-72,-77,-80,-73,-69,-69,-73,-72,-67,-66,-71,-67,-66,-62,-68,-66,-63,-61,-63,-58
-14,-13,-12,-14,29,1113,1050,536,240,178,510,140,-47,126,331,162,-11,-17,-27,-70,-90,-81,-56,-79,-84,-79,-74,-75,-85,-80,-76,-79,-80,-76,-67,-71,-74,-74,-69,-70,-70,-68,-67,-62,-69,-69,-67,-64,-59,-61
-14,-19,-15,-17,24,1112,1049,532,238,180,524,144,-48,126,352,156,-26,-39,-36,-73,-93,-80,-51,-76,-89,-81,-75,-82,-89,-84,-78,-79,-81,-75,-68,-70,-78,-76,-76,-72,-72,-71,-68,-68,-70,-68,-69,-66,-63,-65
-13,-17,-15,-17,26,1121,1055,533,241,187,529,147,-47,118,363,150,-30,-50,-29,-66,-90,-77,-42,-70,-88,-79,-72,-76,-85,-84,-81,-79,-82,-79,-70,-72,-79,-79,-75,-71,-72,-72,-71,-68,-69,-72,-67,-62,-62,-65
-14,-16,-13,-14,26,1115,1043,519,229,176,515,143,-47,104,348,135,-32,-57,-24,-59,-84,-78,-44,-69,-82,-79,-67,-77,-83,-79,-75,-81,-79,-74,-68,-72,-76,-73,-69,-66,-67,-66,-66,-61,-66,-65,-65,-59,-61,-60
-12,-15,-14,-13,29,1122,1054,521,233,179,518,141,-46,91,331,116,-34,-57,0,-41,-80,-68,-48,-70,-83,-79,-73,-78,-83,-83,-76,-78,-82,-77,-69,-70,-74,-76,-70,-65,-67,-69,-68,-64,-65,-64,-66,-64,-61,-61
-16,-18,-16,-18,29,1118,1046,511,225,180,517,138,-46,70,284,81,-35,-51,28,-26,-77,-73,-59,-74,-84,-77,-75,-78,-84,-78,-78,-78,-78,-75,-72,-72,-77,-75,-71,-69,-70,-72,-66,-64,-67,-67,-65,-57,-61,-60
-13,-13,-11,-11,28,1123,1052,511,228,191,519,139,-47,55,233,45,-25,-31,58,-13,-69,-72,-64,-80,-85,-75,-70,-77,-85,-78,-75,-74,-77,-73,-67,-71,-75,-71,-70,-66,-69,-67,-65,-63,-64,-63,-61,-58,-59,-59
-11,-13,-13,-12,27,1125,1045,504,223,196,513,135,-46,47,178,10,-10,-13,75,-22,-74,-74,-78,-82,-83,-76,-74,-76,-82,-77,-71,-72,-74,-70,-66,-68,-73,-70,-67,-65,-65,-66,-62,-59,-61,-65,-60,-59,-59,-59
-16,-12,-13,-12,30,1120,1055,529,236,160,500,144,-48,120,335,169,-20,-32,-28,-64,-86,-78,-49,-74,-84,-80,-72,-78,-86,-81,-72,-78,-81,-74,-64,-65,-76,-73,-69,-67,-67,-69,-61,-64,-64,-68,-61,-60,-60,-62
-19,-16,-17,-16,28,1054,1016,573,258,268,449,121,-50,-9,345,251,29,-67,-23,-41,-84,-83,-71,-82,-87,-82,-75,-78,-84,-83,-81,-78,-82,-78,-72,-73,-79,-79,-75,-72,-74,-71,-72,-68,-67,-70,-67,-65,-63,-64
-13,-14,-18,-19,24,1008,983,574,259,341,419,108,-38,-15,293,294,69,-27,-46,-31,-71,-83,-80,-84,-90,-84,-80,-81,-84,-83,-79,-82,-80,-79,-74,-72,-78,-80,-74,-74,-72,-71,-70,-65,-69,-70,-65,-66,-61,-63
-17,-18,-17,-14,30,1022,998,581,267,322,429,111,-37,-5,319,293,60,-31,-34,-22,-73,-82,-69,-79,-93,-84,-79,-80,-86,-88,-81,-79,-83,-79,-74,-75,-78,-76,-72,-73,-74,-74,-71,-70,-70,-70,-67,-66,-63,-64
-12,-16,-11,-12,32,1026,997,573,257,307,445,120,-42,1,341,269,44,-46,-38,-34,-79,-81,-70,-80,-87,-78,-73,-79,-81,-82,-78,-80,-77,-78,-70,-70,-76,-76,-68,-66,-70,-67,-65,-63,-68,-65,-65,-59,-61,-62
-15,-17,-17,-18,29,1062,1020,563,258,271,498,130,-47,-26,245,141,-4,-68,-14,-43,-80,-82,-78,-84,-85,-81,-78,-80,-83,-80,-79,-76,-78,-74,-70,-74,-77,-76,-71,-70,-70,-68,-66,-65,-67,-66,-67,-65,-60,-65
-19,-15,-14,-18,26,1092,1038,559,249,233,519,141,-50,-32,83,42,-9,-17,40,-23,-68,-81,-76,-83,-83,-78,-75,-79,-80,-79,-76,-77,-79,-71,-68,-71,-72,-72,-65,-65,-70,-68,-64,-62,-64,-67,-64,-59,-62,-62
-14,-15,-14,-14,28,1100,1041,551,253,224,529,148,-46,25,101,55,0,11,45,-34,-72,-81,-74,-82,-83,-78,-71,-76,-81,-76,-72,-75,-78,-70,-68,-68,-73,-70,-63,-66,-66,-65,-63,-62,-62,-60,-61,-60,-58,-61
-11,-16,-13,-13,29,1086,1032,554,246,224,511,139,-49,-19,83,47,-6,-10,43,-23,-64,-79,-74,-80,-81,-75,-71,-76,-79,-74,-69,-71,-75,-70,-68,-67,-72,-69,-64,-66,-65,-62,-64,-60,-61,-61,-60,-56,-56,-58
-18,-19,-13,-15,28,1092,1043,554,249,213,509,136,-51,-1,95,60,4,6,53,-28,-71,-81,-75,-83,-84,-75,-69,-78,-81,-78,-75,-74,-76,-74,-68,-70,-75,-73,-67,-68,-68,-69,-65,-61,-64,-63,-60,-63,-59,-59
-13,-13,-10,-14,30,1102,1046,558,244,196,506,138,-46,62,169,99,11,25,31,-48,-82,-81,-78,-83,-84,-75,-72,-74,-81,-77,-70,-76,-77,-73,-69,-71,-70,-70,-66,-68,-67,-69,-64,-64,-64,-61,-62,-58,-60,-61
-13,-13,-13,-13,26,1111,1053,546,242,177,501,138,-52,113,290,151,-2,10,-13,-69,-86,-81,-67,-85,-87,-79,-73,-77,-85,-81,-71,-76,-81,-78,-70,-70,-73,-74,-68,-69,-69,-68,-64,-63,-64,-67,-64,-61,-59,-60
-18,-16,-14,-14,29,1117,1051,532,237,182,519,139,-47,124,353,157,-24,-35,-30,-69,-93,-82,-50,-77,-87,-83,-75,-80,-87,-82,-76,-82,-81,-79,-69,-75,-79,-78,-74,-70,-72,-69,-70,-69,-69,-69,-66,-65,-62,-65
-13,-13,-13,-12,26,1120,1050,522,237,183,520,138,-42,110,350,133,-35,-53,-18,-54,-83,-76,-47,-72,-87,-79,-71,-79,-86,-78,-77,-78,-79,-74,-70,-71,-77,-76,-67,-70,-70,-70,-69,-66,-66,-66,-63,-63,-61,-62
-15,-15,-16,-14,24,1128,1051,513,230,196,527,136,-44,73,289,79,-39,-53,9,-33,-74,-70,-54,-70,-89,-79,-74,-81,-84,-83,-78,-79,-82,-75,-73,-72,-81,-75,-72,-74,-70,-75,-69,-65,-69,-68,-67,-63,-62,-65
-15,-20,-14,-15,23,1123,1045,500,224,191,521,133,-43,50,248,48,-37,-43,29,-23,-68,-68,-63,-74,-85,-79,-77,-81,-82,-78,-75,-77,-80,-72,-71,-70,-76,-75,-68,-70,-73,-70,-64,-66,-65,-69,-67,-61,-62,-65
-11,-13,-14,-12,28,1128,1050,503,230,207,529,133,-38,45,215,27,-26,-26,57,-12,-68,-67,-65,-77,-83,-79,-72,-79,-81,-75,-73,-77,-75,-69,-69,-68,-71,-71,-66,-66,-69,-67,-61,-61,-65,-65,-64,-60,-58,-57
-16,-17,-15,-17,21,1130,1045,486,223,224,533,130,-41,47,173,-6,3,2,77,-24,-74,-77,-78,-83,-83,-80,-76,-80,-83,-79,-77,-78,-77,-76,-69,-70,-76,-72,-70,-71,-70,-71,-67,-66,-68,-69,-64,-60,-62,-64
-13,-14,-13,-14,24,1132,1047,491,222,224,518,129,-39,70,179,2,23,17,78,-38,-78,-79,-75,-84,-84,-76,-75,-80,-81,-74,-73,-75,-77,-72,-65,-68,-71,-70,-66,-66,-65,-66,-63,-59,-63,-62,-61,-57,-56,-55
-12,-13,-11,-11,25,1128,1049,500,229,190,495,126,-43,40,224,44,-29,-31,53,-11,-63,-66,-66,-75,-82,-78,-73,-77,-82,-76,-71,-73,-74,-67,-68,-70,-74,-72,-64,-67,-67,-66,-61,-63,-62,-59,-58,-60,-57,-55
-19,-19,-17,-19,26,1111,1048,562,258,192,473,129,-53,-54,103,72,5,-21,50,-11,-63,-79,-77,-81,-85,-78,-71,-78,-81,-78,-75,-73,-77,-72,-70,-71,-73,-74,-70,-68,-68,-67,-65,-62,-64,-63,-66,-62,-61,-61
-9,-11,-15,-14,32,1071,1028,584,272,278,457,125,-45,2,346,243,24,-61,-35,-47,-83,-83,-67,-81,-87,-81,-75,-80,-82,-81,-80,-81,-78,-77,-72,-71,-78,-76,-71,-69,-71,-70,-69,-67,-66,-65,-64,-62,-59,-62
-17,-15,-17,-13,31,1067,1023,577,264,262,448,120,-48,-1,340,240,21,-65,-24,-40,-84,-81,-69,-81,-86,-84,-76,-80,-84,-82,-80,-79,-82,-77,-74,-70,-77,-73,-71,-73,-72,-70,-67,-64,-70,-69,-69,-64,-63,-64
-14,-14,-13,-11,35,1075,1030,566,263,241,467,126,-48,-22,250,152,-3,-62,-3,-34,-75,-78,-77,-82,-83,-78,-75,-77,-83,-79,-77,-77,-76,-74,-66,-67,-74,-71,-65,-65,-66,-65,-61,-61,-64,-64,-63,-58,-58,-54
-13,-14,-12,-13,32,1102,1037,566,262,231,509,136,-49,-51,111,59,-8,-26,43,-14,-64,-77,-73,-80,-80,-75,-70,-77,-80,-78,-71,-71,-75,-72,-66,-68,-69,-70,-65,-65,-65,-61,-61,-63,-65,-62,-60,-55,-57,-58
-17,-17,-16,-16,25,1119,1052,544,249,201,527,145,-46,85,185,90,7,27,20,-59,-85,-84,-80,-90,-86,-77,-76,-78,-82,-79,-77,-77,-80,-74,-74,-73,-77,-76,-71,-70,-69,-69,-65,-67,-65,-65,-67,-63,-60,-63
-15,-17,-18,-19,26,1120,1049,532,245,197,531,146,-47,109,240,116,4,21,2,-66,-91,-84,-77,-87,-90,-81,-77,-82,-86,-82,-79,-84,-83,-76,-72,-71,-77,-76,-75,-70,-71,-70,-67,-64,-67,-70,-70,-63,-63,-62
-14,-12,-12,-12,32,1130,1059,554,257,204,535,150,-45,97,217,116,11,29,23,-55,-85,-84,-76,-86,-86,-78,-72,-76,-85,-79,-76,-75,-81,-72,-70,-68,-76,-72,-69,-70,-68,-69,-64,-64,-65,-66,-63,-60,-61,-59
-14,-18,-15,-16,27,1120,1052,543,247,195,525,137,-49,98,234,118,6,20,5,-68,-91,-84,-78,-89,-89,-78,-77,-80,-84,-82,-79,-81,-82,-75,-74,-73,-78,-78,-69,-70,-69,-68,-67,-67,-67,-67,-68,-64,-62,-62
-13,-16,-16,-16,27,1125,1054,535,242,175,509,131,-49,123,315,148,-15,-8,-23,-68,-95,-83,-62,-81,-87,-81,-77,-80,-87,-81,-78,-78,-83,-78,-70,-75,-78,-75,-74,-70,-72,-71,-69,-65,-68,-67,-64,-65,-64,-63
-14,-13,-13,-13,26,1127,1054,521,239,168,489,123,-42,106,333,133,-33,-41,-24,-52,-83,-75,-51,-79,-83,-78,-71,-80,-83,-79,-76,-78,-77,-72,-67,-72,-77,-74,-71,-67,-69,-69,-65,-63,-64,-64,-63,-59,-58,-62
-15,-14,-14,-12,25,1136,1054,516,238,183,504,127,-41,80,298,94,-36,-47,6,-27,-69,-67,-51,-71,-85,-80,-70,-76,-85,-79,-76,-78,-78,-71,-67,-69,-75,-72,-69,-68,-67,-66,-65,-61,-65,-62,-64,-60,-61,-60
-17,-17,-15,-15,24,1133,1059,513,231,183,499,123,-43,56,263,67,-35,-41,30,-16,-68,-69,-60,-74,-83,-79,-73,-79,-84,-79,-76,-78,-77,-73,-72,-73,-77,-77,-66,-70,-69,-70,-69,-66,-69,-68,-66,-60,-59,-60
-10,-15,-13,-14,25,1131,1057,507,230,183,493,126,-43,48,239,54,-28,-31,47,-9,-64,-66,-61,-75,-83,-77,-75,-78,-82,-78,-71,-78,-77,-71,-69,-69,-74,-72,-68,-67,-68,-66,-63,-62,-64,-64,-60,-59,-60,-56
-16,-18,-15,-16,24,1125,1052,506,225,177,478,113,-44,38,219,42,-26,-28,52,-12,-65,-67,-68,-78,-85,-78,-73,-80,-81,-78,-74,-78,-77,-74,-71,-69,-73,-71,-68,-67,-68,-69,-65,-63,-67,-64,-62,-60,-59,-62
-16,-11,-13,-13,26,1129,1051,505,223,178,477,118,-44,34,200,31,-15,-15,70,-13,-67,-69,-75,-79,-83,-72,-76,-77,-83,-76,-69,-72,-75,-70,-66,-68,-77,-70,-64,-65,-66,-65,-62,-59,-61,-63,-62,-58,-58,-56
-11,-13,-14,-14,25,1133,1055,506,229,194,479,117,-45,45,171,9,11,7,84,-21,-73,-76,-76,-81,-83,-77,-70,-77,-81,-76,-71,-73,-72,-68,-66,-67,-74,-70,-65,-63,-68,-67,-61,-62,-61,-63,-61,-58,-55,-55
-16,-12,-12,-15,25,1137,1057,504,227,188,457,114,-44,58,168,8,18,16,76,-37,-78,-79,-78,-83,-81,-73,-73,-74,-80,-73,-68,-75,-74,-72,-66,-69,-72,-68,-67,-65,-66,-65,-62,-60,-62,-62,-60,-59,-59,-58
-13,-12,-11,-12,26,1126,1059,538,245,131,446,123,-50,115,311,172,-17,-14,-15,-52,-83,-80,-54,-78,-86,-80,-72,-77,-83,-78,-75,-78,-77,-75,-67,-67,-74,-73,-69,-66,-66,-67,-67,-66,-66,-64,-63,-61,-60,-58
-15,-18,-17,-17,28,1070,1029,573,259,219,404,105,-51,-4,334,232,15,-67,0,-26,-79,-80,-73,-83,-86,-81,-74,-79,-82,-82,-78,-78,-76,-73,-69,-73,-76,-77,-72,-69,-69,-72,-69,-64,-65,-68,-65,-63,-62,-61
-17,-18,-16,-16,29,1027,1004,584,256,265,377,91,-47,-2,343,289,40,-57,-24,-12,-70,-79,-69,-81,-89,-82,-78,-80,-82,-82,-81,-79,-83,-77,-73,-75,-78,-76,-75,-70,-73,-70,-70,-66,-67,-71,-64,-64,-62,-62
-11,-14,-13,-11,36,1037,1012,579,259,242,388,102,-48,4,352,258,27,-63,-11,-23,-75,-79,-63,-76,-83,-81,-74,-77,-81,-80,-77,-77,-78,-75,-69,-72,-71,-71,-68,-69,-69,-66,-63,-62,-64,-64,-64,-63,-59,-61
-13,-12,-12,-15,31,1054,1024,581,260,239,420,115,-47,-1,333,234,18,-63,2,-24,-78,-80,-69,-80,-86,-80,-76,-75,-83,-81,-74,-79,-75,-77,-67,-68,-77,-75,-70,-68,-68,-67,-64,-61,-64,-66,-64,-62,-62,-59
-13,-12,-11,-14,32,1080,1037,564,248,195,442,124,-49,-42,145,107,10,-12,61,3,-58,-76,-75,-82,-81,-77,-74,-79,-80,-75,-74,-73,-78,-71,-64,-66,-65,-69,-64,-65,-63,-63,-63,-60,-60,-63,-61,-56,-60,-57
-15,-15,-16,-12,25,1102,1050,564,249,162,444,121,-52,3,110,89,16,29,57,-26,-74,-81,-75,-85,-85,-77,-70,-78,-82,-79,-73,-76,-78,-75,-70,-68,-72,-74,-68,-63,-68,-69,-62,-65,-64,-64,-62,-60,-61,-58
-14,-13,-10,-13,30,1102,1053,556,245,158,448,126,-53,33,149,112,13,32,46,-39,-79,-79,-77,-83,-83,-76,-70,-76,-78,-75,-73,-72,-76,-69,-66,-68,-70,-70,-65,-64,-64,-63,-61,-63,-63,-63,-61,-59,-57,-56
-13,-13,-17,-12,31,1091,1048,568,247,161,429,122,-50,-17,97,93,14,25,60,-18,-68,-80,-74,-84,-83,-73,-73,-73,-79,-75,-70,-73,-71,-70,-65,-63,-67,-69,-61,-63,-64,-63,-62,-60,-61,-62,-58,-58,-58,-58
-14,-15,-11,-14,28,1104,1056,561,248,143,436,121,-50,27,145,108,15,32,42,-43,-79,-80,-76,-84,-83,-78,-71,-77,-81,-78,-70,-72,-74,-72,-66,-66,-75,-69,-64,-64,-65,-64,-60,-60,-61,-61,-58,-62,-60,-57
-16,-16,-18,-15,28,1111,1059,552,246,124,415,109,-54,74,247,148,1,14,1,-53,-86,-81,-75,-85,-86,-78,-77,-77,-82,-78,-74,-77,-78,-73,-68,-71,-73,-73,-68,-69,-71,-69,-67,-64,-66,-67,-63,-62,-61,-59
-13,-11,-12,-15,30,1113,1062,549,243,112,405,107,-51,110,326,177,-20,-25,-15,-50,-83,-76,-50,-75,-83,-79,-69,-74,-83,-76,-74,-75,-77,-71,-66,-65,-72,-72,-66,-68,-67,-65,-63,-64,-65,-65,-63,-60,-59,-60
-13,-15,-13,-12,29,1122,1062,534,239,122,423,112,-50,107,348,167,-28,-46,-9,-46,-80,-72,-41,-69,-83,-78,-66,-76,-82,-78,-78,-75,-80,-71,-64,-67,-77,-73,-66,-68,-68,-66,-63,-62,-64,-67,-63,-61,-59,-59
-11,-14,-12,-15,28,1125,1060,532,238,126,425,105,-46,89,328,136,-35,-53,10,-29,-76,-67,-49,-72,-83,-74,-71,-76,-81,-80,-73,-76,-77,-70,-68,-70,-72,-71,-66,-66,-64,-70,-65,-64,-63,-65,-64,-57,-56,-59
-16,-17,-15,-17,23,1124,1059,519,235,139,432,101,-48,62,272,91,-33,-44,33,-20,-66,-69,-64,-76,-84,-78,-74,-78,-81,-79,-78,-79,-77,-71,-69,-73,-76,-75,-69,-68,-67,-69,-65,-66,-66,-68,-66,-61,-58,-61
-14,-11,-13,-14,30,1126,1053,510,230,153,441,109,-48,44,232,62,-22,-28,53,-11,-66,-68,-71,-78,-82,-74,-69,-76,-80,-78,-72,-74,-75,-69,-66,-66,-72,-68,-63,-66,-63,-63,-62,-60,-65,-63,-60,-59,-58,-59
-12,-14,-16,-13,25,1129,1055,504,229,174,464,114,-45,35,200,34,-9,-9,72,-12,-66,-70,-72,-73,-82,-75,-75,-75,-82,-76,-71,-71,-72,-69,-66,-66,-70,-68,-64,-64,-65,-66,-60,-63,-62,-61,-61,-58,-56,-57
-14,-13,-12,-13,28,1131,1050,495,226,195,479,116,-43,47,170,5,13,11,83,-26,-74,-78,-78,-82,-83,-74,-72,-76,-80,-75,-71,-74,-76,-67,-63,-69,-70,-70,-64,-66,-64,-63,-64,-60,-62,-63,-60,-58,-58,-56
-11,-12,-14,-13,21,1130,1048,491,221,211,474,111,-40,77,181,11,32,24,64,-47,-81,-81,-80,-82,-82,-75,-72,-73,-82,-76,-68,-70,-73,-67,-66,-65,-74,-72,-66,-64,-66,-64,-62,-58,-63,-59,-61,-59,-58,-58
-16,-19,-16,-17,24,1127,1050,503,225,159,462,110,-47,46,248,69,-35,-43,34,-14,-72,-69,-67,-77,-83,-78,-74,-81,-84,-79,-75,-77,-79,-72,-69,-71,-75,-74,-69,-68,-71,-67,-66,-66,-65,-67,-61,-60,-58,-63
-15,-12,-13,-14,34,1102,1046,567,263,193,450,124,-52,-46,180,120,8,-38,39,-8,-59,-76,-76,-81,-82,-73,-74,-78,-81,-77,-72,-75,-74,-69,-65,-70,-72,-70,-68,-64,-67,-67,-61,-61,-62,-61,-62,-57,-59,-59
-14,-12,-14,-13,33,1054,1015,586,271,286,431,113,-44,1,354,294,46,-48,-38,-32,-78,-83,-67,-77,-90,-80,-77,-80,-83,-83,-80,-76,-82,-77,-75,-71,-80,-80,-71,-70,-71,-69,-67,-66,-68,-70,-67,-63,-64,-62
-12,-13,-12,-11,33,1047,1011,576,266,277,433,119,-47,3,352,270,31,-53,-37,-37,-79,-82,-68,-80,-87,-80,-76,-82,-81,-84,-79,-79,-81,-75,-75,-70,-77,-76,-70,-71,-68,-68,-65,-64,-66,-64,-65,-60,-63,-61
-14,-15,-14,-12,29,1050,1015,574,263,270,439,122,-47,2,338,244,25,-61,-31,-42,-82,-79,-68,-80,-85,-81,-77,-78,-80,-81,-76,-75,-78,-77,-68,-72,-75,-72,-71,-66,-69,-68,-62,-63,-66,-65,-63,-64,-64,-62
-14,-17,-14,-14,31,1072,1028,576,264,253,466,129,-50,-17,275,174,2,-67,-7,-33,-79,-81,-77,-84,-87,-80,-79,-78,-84,-79,-77,-78,-79,-76,-72,-72,-77,-77,-68,-69,-70,-69,-64,-67,-66,-66,-64,-65,-64,-63
-17,-18,-14,-14,29,1096,1036,564,253,219,494,136,-50,-42,101,66,2,-19,47,-9,-60,-78,-77,-81,-84,-78,-71,-81,-83,-78,-76,-75,-78,-71,-69,-70,-75,-71,-68,-68,-68,-69,-65,-65,-62,-66,-67,-61,-60,-58
-12,-14,-11,-16,32,1098,1042,555,249,201,494,141,-49,12,102,75,6,14,50,-32,-73,-82,-76,-85,-84,-75,-69,-77,-82,-75,-74,-76,-75,-71,-65,-69,-71,-71,-64,-63,-66,-66,-60,-59,-61,-65,-59,-58,-58,-59
-12,-15,-12,-14,34,1104,1045,558,253,203,498,141,-47,9,101,73,9,17,57,-26,-73,-80,-74,-82,-83,-75,-71,-75,-81,-77,-71,-75,-73,-70,-67,-70,-70,-70,-66,-64,-65,-65,-63,-60,-64,-63,-61,-61,-58,-59
-14,-13,-16,-18,29,1103,1044,561,247,183,472,135,-52,-8,102,82,14,16,60,-23,-68,-82,-76,-87,-88,-75,-77,-79,-83,-80,-76,-74,-78,-73,-69,-72,-76,-70,-71,-70,-68,-68,-66,-61,-64,-65,-64,-59,-61,-64
-16,-14,-12,-13,26,1102,1051,558,247,171,464,137,-51,34,151,115,15,27,46,-39,-77,-80,-76,-85,-83,-78,-72,-75,-81,-76,-70,-73,-76,-76,-65,-68,-72,-73,-68,-65,-67,-65,-65,-60,-65,-65,-61,-60,-57,-59
-17,-20,-17,-18,29,1103,1049,554,232,148,445,131,-52,56,204,146,4,9,19,-54,-84,-82,-76,-87,-86,-79,-77,-78,-83,-80,-75,-77,-78,-76,-67,-68,-74,-76,-71,-68,-70,-68,-65,-65,-64,-68,-65,-60,-62,-61
-11,-13,-13,-14,32,1107,1056,555,229,137,440,134,-49,89,300,206,-3,-17,-5,-57,-86,-80,-62,-77,-84,-79,-69,-70,-82,-77,-75,-75,-79,-74,-66,-70,-74,-75,-70,-68,-67,-68,-65,-64,-65,-64,-63,-62,-61,-58
-13,-13,-12,-13,30,1107,1061,551,222,120,418,136,-46,97,363,239,-9,-53,-7,-51,-88,-81,-59,-80,-88,-78,-71,-78,-85,-78,-77,-75,-79,-76,-71,-73,-73,-71,-68,-70,-69,-66,-66,-63,-64,-64,-65,-61,-58,-61
-13,-19,-16,-16,24,1122,1066,542,214,133,431,146,-49,85,336,185,-12,-57,24,-22,-80,-81,-72,-83,-89,-81,-73,-81,-86,-81,-79,-77,-79,-76,-71,-74,-76,-76,-71,-67,-74,-69,-70,-68,-67,-70,-63,-64,-62,-65
-13,-14,-15,-14,25,1122,1064,524,207,145,441,142,-49,63,243,111,-5,-36,74,5,-68,-79,-75,-84,-85,-80,-75,-79,-84,-79,-75,-76,-79,-74,-68,-68,-74,-71,-70,-66,-66,-67,-64,-62,-68,-64,-61,-59,-58,-59
-13,-16,-15,-15,25,1128,1069,531,214,152,443,149,-51,69,215,86,8,-19,93,10,-67,-81,-77,-81,-88,-80,-75,-77,-83,-76,-77,-74,-80,-73,-67,-69,-73,-70,-68,-67,-67,-65,-62,-61,-63,-66,-65,-61,-62,-61
-14,-13,-14,-14,28,1129,1063,516,208,184,465,146,-49,91,181,42,11,0,97,-13,-73,-81,-79,-85,-83,-77,-78,-78,-83,-77,-74,-73,-76,-74,-66,-70,-72,-72,-68,-64,-67,-69,-63,-63,-64,-62,-61,-59,-58,-59
-14,-11,-12,-15,25,1126,1056,508,211,186,460,140,-49,104,184,32,11,-4,82,-32,-77,-80,-80,-86,-81,-77,-74,-80,-82,-76,-73,-74,-75,-71,-68,-68,-72,-71,-66,-64,-67,-63,-64,-62,-65,-64,-59,-57,-61,-56
-12,-11,-11,-13,26,1130,1058,510,210,197,466,142,-47,131,214,48,7,-4,72,-40,-79,-82,-77,-85,-86,-80,-74,-80,-84,-74,-72,-76,-76,-71,-66,-71,-74,-72,-67,-69,-66,-69,-64,-64,-63,-63,-65,-58,-60,-58
-16,-17,-19,-16,23,1123,1068,526,213,146,469,153,-46,91,360,208,-21,-64,3,-43,-86,-78,-59,-79,-86,-82,-74,-79,-90,-82,-77,-79,-79,-79,-72,-76,-76,-78,-74,-72,-74,-70,-67,-67,-70,-69,-69,-63,-62,-62
-13,-13,-14,-15,36,1055,1033,571,231,240,419,121,-48,-1,382,291,42,-63,5,-28,-83,-82,-71,-82,-85,-81,-80,-73,-84,-82,-78,-79,-82,-79,-72,-75,-76,-78,-71,-65,-70,-72,-66,-64,-64,-69,-67,-63,-59,-62
-15,-15,-16,-17,30,993,994,577,234,316,384,93,-46,-24,348,345,82,-42,-27,-18,-68,-80,-74,-79,-91,-81,-78,-80,-84,-85,-78,-80,-81,-81,-74,-74,-81,-77,-74,-71,-73,-72,-70,-66,-68,-68,-68,-66,-62,-65
-16,-14,-17,-13,31,995,1001,572,232,305,381,89,-47,-19,352,333,75,-42,-18,-12,-69,-81,-75,-79,-91,-81,-79,-80,-87,-84,-80,-80,-82,-80,-72,-75,-77,-76,-72,-70,-72,-74,-68,-66,-68,-70,-67,-66,-63,-65
-13,-13,-15,-14,33,1024,1016,584,238,291,411,109,-47,-3,396,319,65,-50,-2,-21,-79,-82,-69,-77,-85,-82,-76,-75,-84,-84,-78,-80,-82,-80,-70,-73,-79,-79,-72,-69,-71,-69,-68,-66,-68,-70,-66,-64,-62,-61
-16,-19,-13,-15,29,1058,1035,573,237,244,448,125,-49,-7,303,215,24,-56,23,-21,-76,-82,-75,-83,-84,-79,-78,-73,-85,-83,-78,-77,-79,-78,-71,-74,-78,-79,-71,-73,-71,-72,-69,-66,-65,-68,-67,-64,-65,-62
-19,-13,-15,-18,29,1084,1043,557,229,183,453,128,-54,-20,106,97,11,3,60,-16,-65,-78,-78,-88,-87,-78,-75,-81,-83,-81,-74,-78,-74,-76,-69,-71,-76,-76,-67,-68,-70,-66,-63,-65,-65,-65,-63,-63,-62,-59
-14,-14,-15,-13,32,1101,1057,556,241,182,478,138,-47,23,143,116,14,24,52,-28,-76,-81,-74,-81,-84,-75,-69,-78,-81,-78,-73,-76,-77,-72,-64,-67,-70,-71,-69,-66,-67,-64,-61,-62,-61,-64,-60,-60,-59,-59
-17,-16,-18,-18,30,1101,1048,556,236,191,487,141,-54,10,123,99,11,19,56,-31,-75,-83,-74,-88,-85,-79,-77,-79,-82,-79,-77,-77,-80,-74,-72,-72,-73,-75,-69,-70,-69,-70,-65,-64,-68,-66,-65,-60,-63,-63
-11,-12,-9,-13,32,1108,1060,554,239,194,499,146,-48,38,157,114,14,21,48,-37,-80,-83,-75,-84,-89,-79,-74,-77,-81,-78,-75,-77,-77,-71,-71,-69,-77,-74,-67,-65,-68,-68,-65,-63,-66,-66,-62,-58,-60,-59
-13,-12,-15,-13,28,1106,1052,537,232,176,495,145,-49,87,249,154,4,11,8,-60,-88,-83,-77,-85,-86,-77,-75,-76,-84,-80,-77,-78,-81,-75,-68,-71,-72,-73,-70,-69,-70,-68,-65,-63,-66,-65,-62,-61,-61,-61
-13,-15,-12,-14,27,1116,1055,534,229,172,503,141,-48,119,338,183,-12,-23,-23,-65,-88,-83,-62,-81,-87,-80,-74,-79,-85,-81,-73,-78,-81,-77,-69,-71,-77,-76,-71,-71,-68,-66,-65,-62,-67,-68,-63,-63,-62,-62
-12,-16,-13,-13,28,1133,1062,526,229,189,527,153,-48,110,362,162,-24,-54,-15,-49,-84,-78,-48,-73,-86,-79,-71,-77,-84,-81,-76,-77,-82,-73,-71,-70,-77,-76,-72,-70,-68,-66,-64,-65,-67,-68,-64,-65,-61,-62
-17,-16,-17,-15,24,1130,1058,512,222,198,534,145,-45,76,298,97,-35,-55,17,-20,-75,-72,-59,-72,-91,-81,-73,-79,-85,-83,-78,-82,-83,-73,-72,-75,-77,-79,-71,-70,-70,-71,-68,-68,-69,-68,-66,-65,-64,-63
-13,-15,-13,-14,26,1127,1052,501,218,205,530,141,-44,58,244,56,-30,-42,49,-12,-68,-66,-70,-79,-84,-77,-74,-81,-81,-81,-75,-79,-78,-72,-71,-70,-74,-71,-68,-66,-68,-67,-64,-62,-66,-68,-62,-59,-61,-61
-14,-15,-13,-12,27,1132,1054,501,222,222,538,145,-41,57,221,36,-20,-25,71,-5,-66,-71,-70,-79,-86,-78,-76,-80,-84,-76,-75,-76,-79,-73,-70,-71,-75,-74,-68,-69,-66,-67,-62,-64,-63,-65,-63,-62,-60,-62
-15,-18,-14,-14,23,1128,1053,498,220,221,540,144,-43,53,204,25,-10,-18,77,-14,-67,-74,-75,-84,-88,-78,-78,-80,-82,-78,-76,-77,-80,-75,-71,-73,-75,-74,-70,-69,-70,-71,-64,-63,-69,-63,-65,-62,-61,-62
-15,-16,-16,-18,22,1132,1052,490,213,237,543,147,-41,79,198,13,14,12,82,-35,-80,-83,-84,-87,-90,-80,-77,-81,-85,-81,-78,-77,-80,-74,-70,-73,-77,-76,-69,-74,-69,-67,-66,-65,-68,-65,-64,-62,-60,-61
-14,-15,-15,-13,26,1128,1049,479,209,233,519,134,-44,94,202,15,21,9,68,-47,-83,-80,-82,-87,-86,-79,-75,-80,-83,-75,-74,-76,-78,-67,-66,-69,-71,-70,-66,-68,-67,-66,-64,-59,-65,-65,-64,-62,-62,-61
-13,-15,-12,-16,23,1134,1054,499,217,217,519,135,-42,52,197,23,-1,-6,82,-11,-68,-78,-78,-83,-84,-78,-72,-80,-82,-77,-72,-74,-76,-71,-68,-73,-72,-70,-67,-68,-68,-68,-63,-64,-64,-66,-62,-63,-60,-61
-13,-12,-13,-12,31,1117,1059,558,247,183,494,148,-49,-16,112,96,15,11,64,-16,-66,-77,-73,-81,-82,-77,-71,-77,-81,-76,-73,-73,-80,-71,-68,-64,-70,-69,-67,-65,-66,-64,-61,-59,-61,-63,-61,-58,-57,-58
-14,-13,-12,-12,30,1067,1033,588,263,263,448,125,-46,-3,371,280,38,-61,-16,-26,-82,-82,-66,-80,-88,-82,-78,-81,-84,-85,-79,-81,-78,-79,-68,-75,-77,-78,-71,-71,-71,-73,-68,-67,-68,-67,-67,-63,-62,-64
-14,-15,-13,-11,34,1056,1027,582,259,275,437,123,-45,4,375,287,46,-56,-11,-24,-79,-82,-65,-79,-87,-81,-73,-78,-82,-83,-81,-82,-81,-77,-72,-72,-79,-79,-74,-71,-73,-72,-70,-64,-68,-67,-66,-63,-62,-62
-13,-12,-14,-15,31,1067,1031,573,249,242,452,124,-49,-8,315,219,17,-63,5,-26,-80,-80,-71,-81,-83,-80,-77,-77,-83,-79,-76,-75,-77,-71,-70,-71,-75,-73,-67,-69,-70,-69,-64,-61,-63,-65,-63,-60,-59,-62
-12,-14,-14,-10,34,1086,1041,563,247,225,481,138,-50,-32,192,125,4,-41,34,-13,-65,-78,-78,-82,-83,-74,-74,-77,-81,-80,-76,-74,-76,-73,-65,-68,-72,-71,-65,-68,-69,-64,-62,-62,-64,-61,-60,-58,-59,-59
-16,-15,-19,-16,25,1112,1054,554,245,184,503,145,-53,38,146,99,12,25,46,-42,-84,-81,-79,-88,-84,-77,-76,-78,-83,-81,-75,-79,-82,-74,-70,-72,-77,-74,-70,-69,-69,-70,-68,-65,-67,-67,-63,-61,-63,-61
-11,-13,-14,-17,27,1121,1059,545,240,178,506,145,-50,87,234,143,6,18,18,-56,-89,-84,-79,-83,-86,-79,-76,-79,-85,-79,-75,-81,-80,-74,-71,-71,-74,-76,-70,-69,-71,-68,-67,-64,-66,-65,-63,-61,-63,-61
-12,-14,-12,-14,29,1113,1055,544,237,183,508,145,-49,69,197,125,8,24,25,-55,-84,-83,-78,-86,-85,-78,-76,-77,-83,-76,-75,-78,-78,-73,-70,-71,-74,-72,-68,-67,-67,-67,-63,-62,-66,-63,-64,-61,-59,-60
-14,-18,-13,-12,31,1121,1058,547,241,186,513,145,-49,64,194,125,13,27,34,-52,-86,-83,-78,-85,-87,-79,-73,-80,-82,-78,-77,-78,-80,-74,-69,-69,-76,-72,-69,-68,-70,-68,-63,-64,-66,-65,-62,-63,-58,-60
-17,-18,-17,-17,27,1126,1061,540,235,174,512,142,-51,106,288,161,-3,4,-7,-62,-88,-86,-69,-85,-87,-81,-74,-76,-85,-82,-79,-80,-81,-74,-75,-74,-77,-76,-72,-71,-71,-75,-67,-67,-67,-68,-68,-67,-65,-65
-13,-13,-13,-12,28,1129,1061,535,234,175,514,145,-47,121,352,177,-18,-28,-21,-61,-89,-80,-49,-76,-84,-81,-72,-79,-84,-80,-75,-80,-82,-75,-72,-70,-77,-76,-72,-66,-72,-67,-67,-63,-68,-68,-64,-61,-64,-65
-15,-14,-13,-12,27,1130,1056,521,226,180,518,145,-45,105,351,147,-30,-53,-18,-49,-81,-76,-48,-74,-87,-79,-73,-77,-85,-80,-77,-79,-82,-74,-64,-68,-76,-75,-71,-70,-69,-65,-65,-66,-66,-67,-65,-62,-60,-61
-13,-13,-13,-13,25,1135,1058,517,229,190,518,142,-46,83,311,110,-32,-53,17,-18,-71,-70,-52,-71,-86,-81,-73,-76,-82,-80,-76,-78,-82,-71,-70,-71,-78,-73,-68,-69,-70,-70,-66,-65,-63,-69,-65,-59,-60,-60
-16,-13,-15,-16,21,1137,1060,511,224,196,520,140,-48,68,277,86,-30,-50,37,-11,-70,-70,-61,-77,-85,-80,-75,-79,-84,-82,-78,-80,-81,-77,-75,-73,-79,-77,-72,-71,-70,-70,-68,-63,-70,-69,-66,-66,-63,-61
-15,-18,-15,-17,23,1125,1052,509,218,184,499,135,-48,56,248,71,-25,-47,46,-9,-71,-72,-68,-80,-85,-77,-72,-81,-87,-81,-76,-78,-79,-77,-72,-73,-77,-76,-71,-72,-71,-68,-68,-66,-68,-69,-66,-63,-65,-63
-13,-15,-10,-13,26,1139,1061,515,225,193,497,137,-45,60,236,66,-18,-26,67,-2,-66,-70,-67,-77,-83,-79,-71,-76,-84,-79,-76,-76,-79,-75,-69,-71,-71,-72,-69,-67,-66,-66,-64,-63,-66,-67,-63,-61,-59,-58
-10,-14,-11,-13,24,1129,1062,517,222,177,474,137,-48,62,218,63,-4,-21,77,0,-67,-76,-73,-81,-85,-77,-72,-77,-80,-78,-70,-76,-75,-73,-68,-72,-74,-73,-65,-67,-66,-65,-64,-63,-63,-66,-58,-58,-59,-58
-15,-15,-15,-15,25,1129,1063,512,215,174,448,123,-51,59,188,42,-1,-12,80,-10,-74,-79,-79,-83,-83,-77,-76,-79,-82,-79,-72,-75,-78,-76,-70,-70,-75,-75,-70,-67,-66,-67,-65,-63,-67,-66,-64,-60,-58,-58
-14,-18,-15,-12,25,1111,1065,553,228,109,406,130,-51,51,220,181,7,4,22,-44,-84,-85,-76,-87,-85,-79,-77,-77,-83,-80,-75,-79,-79,-73,-69,-69,-71,-76,-69,-70,-67,-67,-64,-63,-65,-67,-65,-62,-59,-59
-14,-12,-14,-15,31,1042,1023,573,241,238,372,100,-48,1,384,305,51,-60,8,-11,-79,-79,-68,-80,-86,-81,-75,-76,-85,-83,-79,-81,-78,-80,-70,-74,-78,-77,-70,-70,-71,-69,-66,-66,-64,-68,-64,-63,-61,-63
-16,-16,-13,-13,38,1007,1005,583,244,278,344,82,-44,-12,348,311,68,-45,-2,7,-61,-75,-65,-76,-85,-81,-73,-76,-82,-81,-76,-79,-80,-77,-70,-71,-76,-77,-71,-66,-70,-69,-64,-60,-63,-66,-64,-64,-62,-61
-18,-18,-16,-17,32,1022,1012,584,245,260,360,96,-48,1,373,294,53,-54,2,-10,-68,-79,-65,-76,-89,-83,-74,-78,-86,-84,-78,-81,-80,-76,-74,-75,-79,-77,-72,-75,-72,-73,-69,-67,-69,-70,-69,-65,-64,-63
-14,-14,-15,-14,32,1040,1023,579,243,258,406,115,-52,7,363,266,43,-55,16,-18,-79,-80,-69,-77,-82,-80,-78,-77,-86,-81,-77,-78,-80,-74,-69,-70,-79,-73,-70,-69,-70,-71,-68,-63,-65,-69,-67,-63,-63,-62
-9,-14,-13,-14,32,1056,1033,570,232,223,437,128,-49,-13,189,151,21,-34,45,-6,-63,-78,-79,-84,-84,-78,-74,-74,-81,-78,-73,-74,-75,-70,-67,-67,-70,-70,-64,-67,-68,-63,-65,-62,-62,-62,-64,-61,-58,-60
-16,-18,-14,-17,31,1091,1052,565,226,184,454,137,-55,6,125,118,17,12,50,-32,-76,-81,-75,-84,-87,-78,-78,-81,-84,-79,-77,-77,-78,-75,-69,-70,-74,-73,-67,-68,-68,-70,-62,-62,-65,-68,-62,-62,-61,-60
-14,-17,-14,-12,29,1095,1055,565,232,183,453,138,-48,6,124,125,17,12,55,-23,-73,-78,-75,-84,-86,-76,-72,-77,-80,-76,-71,-72,-77,-73,-65,-70,-71,-69,-67,-68,-66,-66,-64,-63,-64,-65,-60,-58,-59,-57
-11,-13,-11,-13,34,1087,1053,564,234,188,448,134,-50,-7,114,124,15,9,60,-13,-67,-80,-77,-83,-84,-76,-74,-76,-81,-79,-73,-72,-76,-70,-66,-70,-71,-72,-67,-64,-65,-64,-62,-59,-63,-65,-61,-58,-59,-59
-13,-15,-15,-15,35,1089,1055,563,229,166,428,131,-51,-3,121,127,18,18,60,-23,-69,-79,-75,-83,-85,-78,-75,-78,-81,-78,-71,-75,-75,-71,-65,-68,-70,-66,-66,-65,-68,-66,-61,-58,-61,-64,-59,-57,-58,-58
-12,-15,-10,-12,32,1101,1055,556,230,146,428,132,-50,52,203,165,13,16,30,-47,-84,-81,-77,-81,-85,-77,-73,-73,-81,-78,-71,-73,-75,-74,-64,-66,-70,-70,-66,-65,-66,-64,-63,-62,-64,-64,-63,-58,-58,-59
-13,-13,-16,-15,30,1110,1062,558,228,135,426,131,-50,85,292,206,4,-14,10,-50,-84,-83,-65,-82,-83,-76,-68,-75,-81,-77,-75,-76,-78,-74,-66,-68,-73,-75,-69,-67,-68,-68,-64,-63,-65,-68,-62,-59,-61,-60
-12,-15,-16,-17,28,1113,1063,542,226,131,439,132,-53,103,358,212,-17,-45,-10,-50,-88,-79,-51,-75,-89,-80,-71,-77,-84,-81,-79,-77,-83,-77,-68,-73,-78,-77,-73,-70,-71,-70,-67,-63,-71,-70,-68,-66,-64,-64
-13,-15,-14,-11,28,1119,1063,534,223,129,436,129,-48,95,364,200,-18,-60,-2,-43,-81,-76,-54,-73,-86,-77,-64,-80,-85,-78,-76,-79,-81,-76,-68,-71,-77,-72,-70,-68,-69,-68,-64,-64,-64,-66,-67,-62,-60,-61
-11,-13,-15,-13,29,1123,1068,533,226,136,442,131,-46,89,340,166,-19,-56,21,-20,-74,-69,-53,-70,-81,-77,-68,-75,-83,-81,-76,-78,-80,-73,-69,-70,-72,-77,-70,-65,-70,-68,-63,-65,-65,-65,-62,-61,-60,-60
-15,-15,-17,-15,25,1126,1063,527,219,150,446,127,-51,68,286,118,-25,-48,42,-3,-69,-73,-64,-79,-86,-79,-70,-80,-86,-81,-76,-77,-78,-73,-72,-72,-77,-72,-70,-70,-71,-72,-68,-67,-68,-68,-66,-62,-60,-64
-16,-16,-11,-15,22,1131,1060,520,223,171,468,129,-47,60,236,74,-12,-32,63,4,-65,-74,-70,-81,-82,-76,-71,-77,-83,-80,-75,-77,-78,-71,-70,-68,-74,-69,-66,-66,-70,-64,-64,-63,-62,-64,-64,-59,-56,-62
-12,-12,-10,-12,22,1129,1054,501,215,195,482,131,-48,61,177,19,1,-8,79,-16,-69,-76,-80,-83,-81,-77,-75,-79,-82,-73,-73,-75,-76,-71,-70,-71,-70,-73,-64,-65,-67,-66,-62,-63,-61,-63,-61,-60,-58,-60
-12,-13,-16,-12,25,1136,1058,505,214,204,491,132,-46,67,192,29,5,-8,86,-10,-71,-77,-77,-83,-83,-77,-74,-77,-82,-78,-72,-75,-78,-70,-66,-67,-71,-71,-68,-67,-67,-66,-64,-63,-63,-64,-60,-57,-61,-58
-16,-14,-12,-12,31,1124,1060,548,237,164,492,145,-53,50,175,132,18,26,47,-35,-80,-83,-80,-86,-87,-78,-77,-76,-82,-79,-73,-78,-77,-73,-70,-70,-73,-73,-70,-69,-68,-65,-64,-62,-64,-66,-61,-62,-58,-58
-15,-12,-17,-18,29,1060,1030,577,252,284,455,127,-47,-1,373,286,47,-54,-18,-30,-82,-82,-67,-83,-91,-83,-77,-80,-86,-82,-82,-82,-83,-81,-76,-74,-80,-80,-75,-71,-73,-75,-69,-70,-71,-71,-71,-67,-67,-66
-16,-19,-19,-18,31,1046,1011,579,254,307,451,118,-47,-7,354,297,59,-43,-27,-29,-82,-84,-72,-84,-92,-85,-79,-82,-87,-87,-82,-84,-86,-79,-78,-74,-79,-79,-77,-74,-77,-73,-70,-70,-71,-74,-71,-66,-69,-66
-17,-17,-16,-18,29,1056,1021,580,255,289,464,129,-47,-2,364,270,45,-55,-19,-32,-84,-82,-66,-82,-90,-82,-75,-80,-85,-86,-81,-81,-83,-81,-73,-74,-78,-79,-74,-73,-75,-73,-71,-66,-71,-72,-68,-65,-67,-64
-12,-15,-11,-13,32,1067,1032,581,254,272,476,135,-47,-1,332,231,28,-61,-3,-31,-82,-81,-66,-83,-86,-80,-77,-77,-84,-81,-80,-79,-81,-76,-71,-71,-77,-75,-70,-70,-69,-68,-67,-63,-66,-67,-66,-63,-60,-61
-12,-15,-14,-16,31,1109,1053,569,257,243,526,156,-46,-36,141,85,4,-29,56,-1,-62,-79,-74,-80,-83,-76,-72,-76,-79,-80,-75,-75,-79,-70,-69,-70,-73,-69,-70,-64,-65,-69,-65,-61,-64,-63,-61,-59,-57,-59
-12,-12,-13,-12,32,1106,1050,551,239,200,516,153,-47,25,126,86,8,15,49,-30,-77,-81,-77,-85,-84,-78,-71,-78,-80,-80,-73,-77,-78,-72,-67,-70,-71,-72,-65,-67,-63,-65,-63,-61,-64,-64,-59,-59,-61,-59
-12,-12,-12,-14,28,1109,1055,559,243,197,505,148,-49,13,117,90,14,18,61,-24,-74,-82,-74,-83,-84,-77,-72,-76,-79,-74,-73,-75,-79,-70,-70,-68,-74,-71,-67,-66,-66,-66,-62,-59,-63,-64,-61,-58,-61,-57
-18,-17,-17,-18,28,1106,1053,557,242,188,490,141,-50,4,105,87,9,17,58,-29,-78,-83,-76,-87,-88,-77,-75,-80,-80,-79,-74,-78,-78,-73,-70,-71,-76,-75,-68,-69,-71,-70,-66,-66,-63,-67,-67,-64,-62,-61
-12,-14,-9,-11,29,1114,1054,553,243,169,479,137,-52,44,164,123,18,32,49,-35,-81,-80,-74,-86,-84,-74,-71,-79,-83,-77,-75,-75,-78,-73,-70,-69,-72,-70,-66,-66,-67,-66,-64,-63,-62,-62,-66,-62,-60,-59
-14,-14,-13,-16,28,1114,1058,546,233,151,464,132,-50,89,260,158,5,13,7,-56,-85,-83,-78,-88,-85,-80,-76,-76,-82,-79,-74,-75,-79,-75,-70,-71,-74,-70,-69,-65,-68,-66,-63,-63,-66,-66,-63,-63,-62,-60
-17,-16,-16,-13,27,1125,1058,532,233,150,468,127,-49,111,338,176,-18,-23,-22,-56,-87,-82,-59,-80,-86,-80,-72,-78,-84,-80,-75,-78,-80,-71,-71,-71,-75,-71,-69,-67,-68,-67,-66,-64,-65,-65,-64,-61,-60,-60
-14,-13,-13,-11,27,1134,1062,529,233,163,486,133,-49,111,354,161,-26,-45,-17,-46,-83,-75,-46,-72,-86,-77,-73,-73,-84,-78,-74,-76,-81,-71,-70,-70,-77,-71,-68,-68,-70,-70,-65,-63,-64,-65,-64,-60,-60,-61
-16,-18,-18,-14,22,1135,1060,518,227,187,516,140,-45,82,313,107,-34,-54,4,-26,-74,-69,-53,-75,-88,-80,-74,-78,-84,-79,-77,-78,-81,-75,-70,-73,-78,-77,-72,-72,-71,-70,-69,-68,-67,-68,-67,-63,-63,-65
-17,-18,-14,-19,23,1135,1058,508,229,197,515,134,-44,61,256,66,-30,-44,37,-5,-63,-67,-64,-75,-85,-80,-72,-78,-83,-79,-77,-80,-80,-74,-70,-73,-76,-75,-71,-69,-70,-69,-64,-64,-67,-68,-65,-61,-64,-62
-15,-16,-13,-14,29,1139,1060,506,227,197,517,137,-43,62,248,61,-32,-41,42,-10,-62,-65,-57,-72,-83,-75,-71,-79,-82,-79,-74,-76,-78,-69,-68,-70,-73,-75,-69,-69,-67,-67,-64,-65,-64,-64,-63,-61,-59,-60
-13,-13,-11,-14,27,1136,1053,496,222,221,532,142,-40,52,202,21,-18,-24,67,-6,-69,-68,-71,-78,-82,-78,-75,-79,-81,-78,-71,-77,-77,-70,-66,-70,-74,-71,-66,-67,-67,-69,-64,-65,-64,-67,-63,-60,-57,-58
-12,-16,-13,-13,25,1132,1049,485,221,241,543,148,-43,83,190,-1,11,1,73,-34,-80,-78,-77,-83,-87,-77,-74,-79,-85,-75,-71,-73,-76,-72,-67,-68,-72,-69,-67,-66,-66,-67,-62,-62,-66,-66,-62,-58,-59,-61
-14,-13,-11,-14,24,1132,1048,484,212,248,551,149,-33,87,190,0,9,1,68,-38,-80,-79,-78,-84,-85,-77,-75,-81,-82,-76,-75,-74,-77,-72,-70,-69,-75,-74,-65,-65,-69,-66,-64,-62,-63,-64,-61,-59,-58,-61
-17,-17,-16,-16,24,1130,1057,527,233,177,526,146,-49,113,281,139,-11,-2,-21,-66,-90,-83,-68,-89,-89,-83,-78,-79,-89,-79,-77,-81,-80,-76,-74,-74,-79,-76,-73,-72,-73,-72,-68,-69,-70,-65,-67,-62,-63,-64
-13,-14,-16,-11,32,1096,1045,574,269,259,499,142,-49,-18,295,188,10,-66,-17,-42,-83,-82,-71,-83,-86,-80,-76,-78,-83,-81,-76,-77,-80,-70,-70,-71,-77,-74,-71,-67,-67,-70,-65,-66,-65,-63,-63,-59,-60,-62
-15,-13,-11,-13,31,1070,1026,581,271,293,467,132,-43,2,348,268,43,-39,-33,-34,-82,-84,-65,-81,-90,-82,-78,-79,-83,-84,-80,-81,-83,-75,-71,-71,-78,-77,-72,-72,-73,-69,-67,-65,-68,-68,-66,-63,-63,-62
-14,-13,-15,-19,28,1077,1035,576,263,257,458,127,-51,-1,320,218,19,-63,-11,-34,-83,-85,-67,-80,-88,-80,-78,-78,-82,-85,-77,-78,-82,-77,-74,-74,-77,-77,-74,-69,-72,-73,-68,-68,-69,-70,-69,-64,-66,-62
-17,-14,-17,-19,28,1087,1035,565,258,238,488,135,-49,-35,219,118,-5,-62,6,-37,-79,-80,-79,-85,-84,-78,-77,-81,-83,-80,-77,-78,-78,-75,-73,-70,-77,-70,-68,-67,-70,-70,-67,-63,-67,-67,-62,-63,-60,-63
-12,-14,-13,-10,29,1120,1055,557,255,211,518,145,-47,-13,83,45,6,9,58,-19,-72,-78,-76,-80,-83,-76,-70,-75,-81,-75,-73,-74,-79,-68,-66,-69,-72,-69,-68,-65,-64,-65,-61,-62,-63,-61,-62,-59,-58,-58
-17,-18,-18,-17,24,1129,1060,541,247,194,525,147,-48,91,208,99,5,28,19,-60,-88,-84,-81,-88,-89,-80,-77,-77,-86,-82,-78,-79,-82,-75,-74,-75,-75,-76,-73,-70,-71,-72,-66,-69,-70,-68,-66,-63,-64,-63
-15,-14,-16,-14,26,1126,1053,529,246,196,531,147,-48,101,218,99,4,25,10,-61,-85,-82,-80,-88,-84,-78,-77,-78,-83,-82,-74,-82,-80,-75,-70,-69,-76,-74,-68,-70,-68,-69,-64,-64,-67,-63,-64,-60,-60,-61
-13,-12,-13,-14,30,1132,1054,530,251,205,541,148,-48,116,241,103,6,22,2,-66,-87,-83,-75,-85,-85,-81,-75,-76,-86,-80,-77,-79,-80,-73,-68,-73,-76,-72,-68,-70,-66,-66,-64,-61,-65,-67,-64,-59,-61,-59
-17,-16,-12,-13,26,1135,1060,529,246,205,550,149,-44,129,270,109,-4,15,-15,-68,-90,-81,-71,-87,-90,-81,-75,-79,-87,-82,-79,-80,-81,-74,-70,-73,-75,-72,-72,-70,-71,-69,-69,-64,-67,-68,-63,-63,-60,-62
-15,-14,-13,-15,27,1134,1054,518,239,195,535,142,-45,129,316,124,-22,-14,-33,-69,-89,-80,-51,-82,-88,-82,-72,-81,-86,-81,-78,-78,-81,-71,-73,-71,-77,-74,-69,-70,-73,-68,-65,-65,-66,-66,-64,-61,-61,-58
-13,-15,-14,-12,25,1132,1041,494,231,217,559,150,-38,84,279,65,-50,-51,-26,-48,-78,-71,-48,-72,-85,-79,-74,-80,-83,-80,-79,-74,-78,-72,-71,-71,-75,-73,-69,-68,-69,-69,-63,-66,-66,-65,-63,-62,-61,-60
-15,-15,-13,-12,23,1136,1045,485,224,248,583,159,-29,55,221,10,-49,-42,22,-23,-65,-63,-53,-71,-83,-80,-74,-80,-82,-80,-76,-74,-79,-70,-68,-69,-77,-72,-67,-69,-68,-69,-64,-64,-64,-64,-62,-58,-64,-62
-14,-13,-11,-11,23,1137,1046,482,222,246,570,152,-33,46,187,-9,-26,-18,54,-18,-71,-65,-65,-75,-84,-79,-73,-77,-80,-78,-74,-78,-76,-70,-67,-69,-75,-70,-65,-68,-69,-67,-61,-63,-63,-64,-61,-60,-63,-59
-17,-17,-16,-17,18,1134,1042,472,218,250,564,148,-33,52,173,-21,-15,-10,57,-27,-74,-70,-74,-78,-82,-81,-77,-79,-83,-79,-77,-78,-76,-77,-70,-72,-75,-74,-69,-68,-73,-69,-65,-66,-66,-69,-62,-64,-63,-60
-14,-15,-17,-16,22,1131,1037,466,213,247,548,142,-38,50,172,-22,-9,-7,59,-29,-76,-75,-76,-79,-83,-77,-78,-80,-82,-79,-78,-77,-78,-72,-73,-71,-74,-70,-71,-70,-70,-66,-65,-66,-67,-67,-64,-62,-63,-63
-13,-10,-15,-16,26,1135,1038,465,213,261,561,150,-32,89,196,-6,18,8,59,-46,-80,-76,-78,-82,-85,-77,-72,-79,-81,-75,-73,-75,-80,-73,-67,-72,-73,-70,-69,-68,-66,-69,-64,-61,-64,-64,-63,-59,-61,-58
-10,-13,-15,-11,24,1130,1037,468,210,257,539,136,-31,114,215,8,31,18,44,-58,-81,-79,-78,-83,-85,-78,-75,-79,-82,-75,-73,-72,-74,-70,-69,-69,-73,-71,-64,-65,-67,-65,-63,-62,-62,-64,-60,-58,-59,-57
-14,-12,-13,-15,18,1137,1045,494,224,194,517,133,-45,70,269,75,-45,-46,-1,-28,-74,-70,-52,-73,-83,-80,-72,-79,-83,-77,-76,-76,-76,-69,-70,-70,-76,-73,-69,-64,-69,-67,-63,-62,-63,-63,-62,-59,-58,-59
-12,-13,-9,-17,26,1127,1054,562,266,215,510,148,-48,-57,115,65,-4,-39,35,-25,-68,-79,-77,-78,-85,-75,-72,-76,-81,-77,-75,-71,-73,-71,-67,-66,-72,-70,-68,-69,-67,-66,-62,-63,-63,-65,-60,-59,-59,-58
-15,-14,-14,-15,30,1098,1035,578,276,272,485,134,-46,-6,317,223,15,-59,-31,-50,-84,-82,-69,-80,-90,-81,-78,-76,-83,-82,-78,-80,-81,-74,-73,-70,-79,-77,-73,-71,-71,-72,-65,-66,-66,-68,-65,-64,-60,-62
-16,-19,-15,-17,26,1105,1042,572,267,250,496,134,-48,-23,258,151,-5,-69,-20,-48,-85,-82,-71,-84,-86,-80,-76,-79,-84,-81,-77,-78,-79,-76,-74,-71,-75,-77,-70,-69,-71,-69,-65,-67,-64,-69,-66,-61,-60,-60
-15,-17,-14,-16,27,1112,1045,561,261,231,507,141,-50,-56,140,63,-17,-54,14,-32,-73,-80,-76,-85,-82,-74,-72,-75,-81,-75,-73,-73,-76,-70,-66,-66,-71,-70,-67,-65,-64,-64,-61,-60,-62,-62,-59,-56,-57,-59
-12,-15,-13,-9,29,1129,1055,552,260,227,551,156,-44,12,81,24,-3,2,46,-42,-75,-80,-78,-82,-83,-74,-72,-71,-79,-77,-74,-76,-75,-74,-68,-68,-74,-71,-71,-67,-67,-65,-63,-61,-64,-65,-61,-57,-56,-57
-11,-15,-13,-17,25,1139,1058,530,251,210,560,156,-45,134,267,112,-3,12,-13,-72,-88,-81,-70,-86,-86,-83,-78,-81,-86,-84,-80,-80,-82,-74,-71,-71,-77,-71,-72,-70,-71,-70,-66,-64,-65,-67,-64,-64,-64,-62
-18,-18,-19,-15,25,1144,1057,526,246,203,556,157,-46,134,285,117,-7,9,-21,-71,-92,-84,-67,-87,-92,-82,-79,-79,-87,-85,-80,-78,-82,-78,-72,-76,-76,-76,-72,-72,-72,-73,-68,-68,-71,-69,-68,-63,-65,-64
-15,-17,-14,-17,25,1136,1055,522,244,191,538,143,-46,118,248,103,-3,19,-7,-68,-88,-84,-73,-89,-87,-81,-78,-80,-84,-81,-78,-79,-79,-76,-73,-74,-79,-75,-72,-69,-70,-71,-66,-68,-66,-67,-66,-60,-64,-64
-14,-12,-11,-13,25,1138,1056,522,246,189,527,144,-45,128,292,127,-9,4,-21,-67,-90,-83,-65,-85,-86,-82,-77,-78,-83,-81,-76,-77,-81,-73,-71,-72,-76,-75,-71,-69,-70,-70,-66,-61,-68,-65,-65,-62,-61,-60
-17,-15,-19,-15,22,1145,1060,518,241,197,542,145,-44,124,327,128,-32,-26,-30,-58,-88,-82,-51,-81,-89,-82,-75,-81,-87,-83,-79,-80,-81,-79,-71,-72,-78,-77,-74,-70,-76,-70,-67,-67,-69,-69,-69,-64,-65,-63
-14,-13,-13,-12,23,1148,1064,517,238,192,515,137,-44,101,319,117,-37,-41,-11,-35,-79,-72,-46,-71,-85,-81,-71,-76,-85,-81,-77,-73,-80,-78,-70,-72,-78,-74,-72,-67,-71,-70,-66,-66,-65,-64,-66,-62,-60,-59
-11,-14,-15,-16,25,1146,1060,508,236,197,514,132,-39,73,283,80,-38,-42,14,-17,-66,-68,-48,-73,-84,-80,-70,-77,-82,-79,-76,-76,-78,-73,-74,-71,-77,-74,-71,-69,-71,-68,-64,-64,-65,-67,-67,-62,-61,-60
-14,-12,-12,-16,24,1140,1049,495,225,197,503,124,-41,50,240,50,-30,-32,42,-6,-64,-63,-59,-74,-83,-78,-71,-77,-83,-79,-71,-76,-79,-70,-70,-69,-74,-71,-66,-67,-70,-64,-65,-64,-63,-62,-63,-60,-60,-61
-12,-13,-14,-15,24,1141,1054,495,227,218,512,128,-41,42,194,12,-12,-9,63,-6,-68,-66,-64,-72,-82,-76,-76,-77,-78,-78,-72,-75,-76,-71,-69,-68,-71,-70,-66,-66,-70,-68,-63,-62,-63,-60,-60,-58,-61,-58
-17,-19,-14,-13,22,1141,1052,488,218,223,513,123,-43,45,177,2,2,3,70,-17,-72,-70,-75,-77,-84,-78,-75,-79,-84,-78,-77,-78,-77,-72,-71,-73,-75,-75,-70,-70,-71,-68,-67,-64,-65,-67,-65,-64,-63,-60
-13,-15,-13,-19,23,1138,1052,479,214,241,509,123,-40,86,195,3,26,17,53,-50,-82,-81,-79,-84,-84,-77,-77,-79,-82,-80,-79,-76,-76,-75,-71,-76,-74,-72,-69,-68,-72,-65,-66,-63,-67,-66,-65,-61,-61,-58
-14,-13,-13,-13,22,1133,1041,476,210,242,504,126,-35,91,198,8,28,20,53,-49,-82,-80,-80,-82,-82,-76,-76,-77,-81,-73,-73,-73,-77,-70,-68,-68,-71,-70,-65,-64,-64,-65,-61,-61,-66,-62,-59,-57,-58,-56
-14,-13,-10,-14,25,1145,1060,523,242,163,492,132,-47,121,277,140,-6,10,-8,-56,-85,-78,-63,-83,-84,-79,-76,-79,-85,-79,-77,-76,-81,-71,-69,-70,-76,-72,-71,-66,-69,-66,-64,-61,-66,-64,-62,-62,-62,-61
-14,-16,-14,-16,28,1110,1046,570,267,209,451,123,-54,-31,253,154,-5,-67,5,-34,-80,-80,-76,-83,-85,-79,-76,-73,-81,-82,-73,-77,-76,-72,-72,-73,-76,-74,-68,-68,-68,-67,-67,-62,-67,-66,-63,-63,-60,-62
-13,-13,-12,-13,28,1103,1044,581,274,234,457,126,-50,-9,296,195,6,-65,-19,-42,-80,-79,-66,-76,-85,-78,-75,-75,-81,-79,-74,-75,-78,-73,-66,-68,-71,-74,-73,-70,-69,-69,-64,-63,-64,-66,-58,-61,-60,-61
-15,-18,-14,-13,28,1110,1047,569,273,218,471,128,-52,-41,207,113,-8,-62,8,-32,-76,-81,-78,-79,-86,-78,-75,-76,-83,-79,-75,-76,-78,-74,-69,-70,-76,-75,-69,-69,-70,-69,-64,-62,-65,-67,-64,-60,-60,-61
-15,-18,-15,-17,25,1125,1053,560,265,206,493,134,-51,-59,82,37,-7,-24,39,-28,-68,-79,-78,-84,-83,-77,-72,-78,-82,-77,-74,-72,-76,-71,-68,-69,-71,-70,-67,-65,-68,-67,-61,-64,-63,-59,-62,-59,-60,-57
-12,-17,-15,-13,23,1140,1059,533,253,192,522,136,-49,91,182,79,14,32,19,-62,-87,-81,-80,-84,-88,-78,-77,-71,-84,-80,-79,-77,-80,-76,-70,-76,-75,-74,-74,-68,-70,-69,-66,-67,-68,-68,-65,-58,-60,-61
-15,-18,-14,-17,24,1142,1052,520,242,181,523,133,-47,121,274,115,-6,9,-23,-74,-90,-86,-70,-87,-88,-82,-80,-80,-86,-82,-79,-80,-82,-76,-73,-76,-78,-75,-72,-72,-69,-71,-69,-68,-68,-67,-66,-63,-63,-64
-17,-15,-14,-16,21,1142,1059,523,246,190,528,138,-47,128,280,114,-8,8,-20,-70,-90,-82,-68,-86,-87,-85,-78,-80,-87,-80,-78,-81,-81,-78,-74,-74,-78,-75,-74,-72,-71,-70,-67,-69,-69,-70,-68,-65,-65,-65
-18,-17,-17,-18,23,1144,1061,525,245,186,527,139,-48,123,263,114,-7,15,-14,-70,-93,-83,-72,-86,-88,-81,-80,-77,-88,-84,-78,-81,-82,-77,-74,-73,-79,-77,-72,-70,-73,-72,-67,-67,-69,-71,-67,-63,-63,-64
-14,-14,-15,-14,24,1137,1058,514,240,176,507,130,-47,126,300,129,-20,-5,-28,-65,-85,-82,-62,-85,-86,-79,-76,-81,-84,-81,-75,-76,-80,-73,-68,-71,-74,-74,-69,-69,-71,-67,-65,-64,-65,-65,-61,-59,-61,-61
-16,-13,-13,-13,21,1147,1059,510,242,193,512,130,-39,102,311,109,-36,-33,-17,-48,-80,-71,-47,-79,-84,-80,-70,-81,-84,-77,-73,-74,-79,-73,-69,-69,-73,-77,-69,-70,-70,-68,-63,-64,-65,-66,-64,-61,-61,-57
-10,-16,-13,-16,26,1143,1055,494,231,206,515,128,-37,65,267,69,-37,-34,14,-22,-66,-63,-53,-74,-85,-79,-72,-80,-84,-78,-77,-74,-78,-73,-69,-71,-75,-73,-68,-69,-73,-66,-63,-66,-65,-68,-62,-61,-59,-61
-14,-12,-11,-13,27,1140,1051,493,232,215,508,124,-35,36,212,29,-20,-17,49,-9,-63,-59,-59,-71,-83,-77,-74,-78,-83,-79,-74,-75,-79,-72,-69,-67,-72,-68,-68,-67,-68,-66,-62,-63,-65,-65,-62,-58,-60,-60
-14,-12,-13,-13,24,1135,1040,476,219,228,519,127,-36,31,171,-8,-1,2,62,-18,-70,-68,-73,-77,-81,-75,-74,-74,-78,-72,-73,-70,-77,-71,-65,-66,-72,-70,-66,-65,-66,-66,-61,-62,-62,-62,-59,-58,-59,-58
-10,-14,-15,-15,24,1142,1043,473,216,248,525,127,-35,60,176,-11,23,20,64,-33,-77,-76,-76,-78,-81,-79,-77,-76,-81,-76,-72,-72,-76,-74,-69,-73,-73,-71,-65,-67,-69,-66,-61,-63,-62,-61,-62,-59,-58,-58
-13,-12,-12,-12,26,1140,1040,474,220,256,531,133,-35,73,189,-7,26,25,59,-42,-80,-80,-77,-79,-83,-80,-73,-77,-82,-77,-77,-77,-78,-74,-68,-69,-71,-68,-67,-65,-69,-65,-65,-63,-63,-63,-62,-58,-60,-60
-13,-15,-16,-15,19,1128,1031,452,205,280,553,145,-19,146,251,17,47,26,13,-70,-88,-85,-80,-86,-83,-78,-74,-81,-81,-78,-76,-78,-79,-72,-70,-69,-75,-71,-66,-67,-70,-67,-64,-66,-66,-65,-62,-62,-61,-60
-15,-12,-14,-11,16,1123,1024,446,197,283,543,139,-18,173,272,28,44,19,-12,-76,-86,-83,-80,-89,-82,-79,-78,-82,-83,-78,-78,-78,-79,-73,-71,-70,-77,-73,-67,-68,-69,-65,-64,-63,-66,-63,-63,-61,-61,-61
-17,-17,-14,-13,20,1143,1048,480,223,228,533,133,-34,25,197,21,-35,-24,31,-9,-68,-63,-61,-76,-85,-79,-76,-78,-82,-78,-77,-77,-78,-73,-71,-73,-72,-72,-69,-68,-69,-69,-68,-64,-66,-67,-62,-60,-62,-61
-12,-12,-14,-14,26,1138,1058,555,268,192,499,137,-48,-56,82,47,6,-23,41,-27,-67,-78,-78,-83,-84,-73,-71,-76,-77,-75,-71,-70,-72,-69,-66,-65,-68,-67,-66,-63,-65,-63,-62,-63,-58,-62,-61,-57,-57,-56
-15,-12,-14,-13,32,1114,1041,568,277,235,478,130,-47,-20,265,165,-7,-67,-31,-50,-82,-78,-66,-77,-83,-78,-75,-79,-81,-81,-74,-77,-76,-74,-67,-70,-71,-71,-68,-67,-70,-65,-64,-61,-64,-64,-63,-59,-60,-60
-13,-12,-13,-13,33,1125,1052,570,279,227,485,133,-49,-35,225,126,-11,-63,-12,-41,-80,-80,-71,-74,-83,-77,-75,-78,-80,-80,-71,-72,-75,-72,-65,-68,-71,-70,-66,-65,-66,-69,-63,-59,-63,-65,-65,-60,-58,-61
-12,-14,-13,-11,27,1127,1057,565,278,215,492,135,-44,-55,146,71,-12,-53,9,-33,-73,-78,-74,-78,-79,-74,-72,-75,-80,-76,-71,-72,-74,-71,-65,-65,-70,-68,-66,-64,-63,-65,-64,-63,-60,-61,-61,-59,-57,-58
-13,-11,-13,-14,31,1137,1054,548,268,201,520,143,-44,-2,61,14,9,7,49,-41,-77,-78,-77,-82,-82,-73,-69,-75,-78,-77,-70,-70,-70,-74,-66,-68,-70,-68,-64,-64,-65,-62,-60,-61,-63,-60,-58,-57,-54,-57
-11,-12,-13,-14,27,1145,1052,520,254,195,530,138,-44,121,230,92,0,22,-8,-71,-90,-82,-71,-82,-85,-78,-77,-75,-80,-81,-76,-78,-79,-73,-71,-72,-76,-69,-68,-66,-67,-66,-64,-64,-65,-68,-64,-60,-61,-63
-11,-14,-15,-15,27,1148,1057,523,253,193,526,137,-43,134,272,109,-14,10,-22,-70,-88,-82,-61,-81,-85,-80,-74,-80,-84,-81,-75,-78,-79,-76,-68,-69,-75,-75,-69,-65,-70,-69,-66,-65,-64,-66,-65,-64,-62,-61
-14,-12,-13,-13,26,1152,1057,512,248,195,532,138,-41,133,267,106,-11,11,-25,-71,-88,-81,-63,-80,-87,-81,-76,-78,-85,-80,-78,-76,-78,-75,-67,-72,-78,-73,-69,-69,-71,-68,-64,-63,-66,-66,-63,-63,-63,-60
-16,-17,-15,-16,21,1150,1059,515,246,201,532,135,-43,124,283,109,-27,-7,-33,-73,-89,-84,-59,-79,-87,-82,-76,-81,-87,-80,-79,-78,-80,-76,-70,-74,-78,-75,-73,-71,-72,-74,-66,-67,-67,-69,-64,-65,-62,-64
-15,-14,-13,-13,24,1149,1049,500,241,199,526,132,-35,114,289,101,-34,-21,-29,-61,-81,-76,-46,-77,-82,-76,-72,-79,-84,-78,-74,-79,-79,-72,-68,-69,-75,-74,-71,-67,-67,-69,-63,-61,-64,-66,-62,-61,-57,-63
-13,-17,-12,-15,20,1144,1051,488,234,213,529,131,-31,64,251,62,-45,-37,-5,-35,-74,-68,-51,-79,-83,-80,-74,-83,-87,-80,-76,-77,-77,-76,-70,-71,-76,-76,-68,-69,-69,-71,-64,-66,-65,-65,-65,-61,-62,-62
-13,-13,-14,-15,23,1141,1045,480,230,241,535,136,-28,25,185,7,-18,-6,50,-13,-69,-58,-60,-75,-82,-77,-72,-79,-81,-79,-70,-74,-76,-75,-67,-66,-71,-71,-67,-64,-68,-68,-63,-63,-63,-62,-58,-59,-56,-58
-11,-13,-13,-11,18,1138,1036,468,221,245,533,133,-28,35,169,-10,10,13,63,-18,-76,-70,-72,-78,-83,-78,-77,-77,-81,-75,-73,-75,-77,-72,-64,-70,-74,-70,-68,-64,-69,-66,-62,-61,-63,-63,-61,-59,-60,-58
-13,-13,-14,-13,21,1131,1033,459,214,256,521,131,-28,70,184,-11,30,31,52,-40,-80,-76,-79,-82,-83,-78,-76,-75,-80,-75,-71,-76,-75,-72,-64,-67,-71,-70,-68,-64,-69,-67,-64,-64,-63,-65,-60,-62,-62,-56
-14,-16,-11,-14,21,1125,1027,453,208,267,524,133,-21,114,216,5,47,34,26,-62,-81,-83,-72,-83,-83,-78,-75,-79,-82,-75,-74,-76,-74,-69,-65,-70,-74,-70,-67,-65,-69,-64,-64,-61,-62,-63,-63,-62,-59,-58
-12,-15,-13,-13,21,1130,1028,451,207,274,522,132,-17,139,242,17,48,31,7,-68,-82,-83,-75,-85,-83,-77,-76,-78,-80,-76,-72,-75,-77,-75,-70,-70,-70,-73,-66,-68,-67,-66,-65,-63,-63,-63,-62,-57,-58,-61
-12,-13,-13,-14,19,1122,1016,434,196,301,546,145,-3,182,269,20,51,29,-21,-81,-84,-83,-81,-88,-82,-78,-77,-81,-83,-77,-77,-77,-75,-74,-68,-71,-75,-72,-67,-66,-67,-67,-63,-65,-64,-64,-62,-61,-61,-61
-14,-20,-15,-17,17,1111,1005,418,185,315,550,149,2,196,285,33,33,17,-40,-79,-86,-84,-81,-90,-85,-82,-76,-80,-83,-79,-78,-80,-79,-77,-72,-74,-78,-75,-70,-69,-72,-69,-66,-66,-68,-66,-67,-65,-61,-63
-12,-14,-9,-13,15,1112,1007,429,194,297,549,145,-7,162,254,11,40,28,-12,-75,-81,-82,-77,-88,-83,-78,-79,-81,-81,-75,-75,-76,-75,-71,-66,-71,-72,-70,-65,-65,-69,-64,-66,-63,-65,-63,-61,-59,-57,-58
-13,-15,-16,-14,23,1152,1052,500,245,202,546,145,-42,130,224,95,-9,10,-16,-72,-89,-79,-57,-77,-85,-77,-76,-77,-83,-80,-74,-78,-76,-73,-67,-72,-73,-76,-69,-69,-68,-67,-65,-63,-66,-69,-63,-62,-64,-61
-13,-11,-14,-12,27,1151,1053,549,279,212,521,145,-37,-67,93,35,-13,-54,5,-35,-66,-76,-72,-76,-80,-78,-70,-78,-78,-75,-72,-70,-69,-69,-64,-66,-70,-69,-62,-63,-65,-63,-61,-60,-58,-62,-61,-58,-58,-59
-17,-13,-12,-9,26,1145,1056,551,276,216,520,143,-41,-66,92,33,-14,-53,-1,-37,-70,-72,-70,-75,-80,-75,-71,-75,-78,-77,-71,-72,-69,-67,-63,-66,-66,-71,-64,-64,-65,-63,-59,-57,-60,-63,-57,-60,-54,-58
-17,-14,-17,-18,20,1144,1050,542,265,195,513,134,-44,-48,32,-7,-10,-28,23,-41,-72,-79,-78,-83,-82,-74,-75,-77,-80,-77,-74,-74,-75,-70,-64,-69,-71,-69,-67,-66,-66,-66,-58,-63,-64,-64,-63,-59,-60,-59
-13,-13,-15,-15,24,1151,1055,534,272,206,538,148,-41,28,61,9,9,11,44,-46,-78,-78,-78,-84,-82,-72,-69,-77,-81,-75,-71,-72,-72,-70,-64,-67,-71,-70,-67,-64,-67,-65,-61,-62,-64,-60,-61,-56,-58,-58
-14,-13,-14,-14,24,1151,1046,502,251,208,554,150,-36,134,248,85,-21,5,-27,-79,-86,-79,-56,-74,-84,-78,-70,-78,-83,-79,-74,-76,-78,-74,-67,-73,-74,-69,-69,-68,-66,-68,-63,-65,-66,-66,-63,-62,-59,-62
-12,-13,-11,-14,22,1147,1043,496,244,219,551,147,-34,106,258,84,-41,-25,-40,-70,-84,-78,-45,-73,-84,-79,-73,-79,-83,-80,-72,-75,-78,-74,-67,-71,-73,-75,-68,-66,-69,-67,-63,-65,-62,-65,-62,-58,-61,-59
-13,-16,-16,-16,22,1150,1046,490,240,215,547,136,-36,105,262,90,-40,-26,-39,-68,-87,-79,-44,-75,-84,-78,-74,-79,-88,-77,-78,-77,-79,-76,-69,-74,-77,-76,-67,-68,-69,-69,-68,-65,-69,-68,-65,-61,-62,-62
-16,-14,-13,-15,23,1141,1038,486,240,201,536,138,-34,113,262,93,-40,-23,-43,-74,-86,-80,-48,-71,-83,-74,-71,-78,-84,-78,-72,-79,-76,-74,-66,-70,-72,-69,-66,-68,-68,-67,-63,-63,-65,-65,-62,-59,-59,-61
-17,-18,-16,-17,16,1137,1037,475,231,214,535,137,-29,72,245,69,-47,-41,-28,-58,-80,-76,-50,-81,-84,-79,-72,-78,-82,-80,-74,-77,-77,-73,-67,-71,-77,-75,-71,-67,-70,-69,-63,-66,-69,-68,-65,-64,-63,-60
-13,-12,-11,-14,20,1137,1034,459,226,245,552,139,-21,18,177,11,-36,-25,22,-27,-70,-58,-58,-79,-83,-77,-70,-78,-81,-78,-72,-73,-76,-67,-66,-67,-70,-70,-63,-66,-67,-63,-60,-60,-62,-63,-61,-58,-58,-58
-16,-16,-16,-18,13,1124,1012,434,206,279,567,152,-12,68,168,-24,8,22,42,-41,-82,-76,-80,-86,-86,-78,-77,-81,-83,-77,-76,-79,-80,-74,-69,-70,-78,-72,-69,-67,-68,-68,-66,-64,-67,-65,-62,-63,-60,-62
-16,-13,-16,-13,16,1113,999,419,190,301,565,160,2,148,234,-6,34,32,0,-70,-83,-81,-77,-88,-83,-77,-76,-82,-82,-81,-75,-76,-79,-68,-70,-71,-76,-70,-68,-66,-66,-68,-63,-64,-65,-64,-62,-59,-57,-57
-11,-13,-14,-15,16,1095,982,400,183,322,570,169,28,193,259,6,32,28,-43,-81,-83,-80,-77,-88,-85,-77,-76,-81,-80,-80,-73,-75,-76,-69,-68,-69,-78,-73,-67,-67,-66,-66,-64,-62,-66,-63,-64,-59,-59,-62
-17,-11,-17,-11,13,1084,966,389,171,344,576,177,38,191,264,13,27,21,-45,-80,-82,-83,-80,-89,-83,-77,-70,-78,-81,-78,-76,-71,-80,-70,-71,-71,-77,-73,-67,-68,-71,-67,-64,-64,-66,-67,-63,-61,-61,-61
-13,-12,-12,-14,13,1071,958,383,164,347,568,182,39,174,264,13,22,23,-38,-76,-83,-79,-80,-88,-83,-74,-70,-77,-82,-76,-74,-74,-78,-71,-68,-69,-72,-70,-67,-66,-69,-67,-63,-60,-62,-62,-60,-58,-58,-60
-14,-15,-13,-14,13,1050,932,361,143,349,567,189,39,135,239,7,3,13,-26,-67,-79,-76,-75,-85,-81,-73,-69,-77,-78,-75,-72,-75,-74,-64,-68,-68,-71,-69,-66,-63,-66,-63,-63,-62,-62,-62,-60,-56,-58,-57
-11,-14,-11,-16,11,1037,913,343,128,373,571,203,37,84,215,10,-4,22,37,-41,-71,-52,-55,-83,-80,-73,-65,-78,-78,-74,-70,-70,-74,-65,-63,-68,-72,-69,-63,-66,-63,-63,-62,-61,-66,-64,-59,-57,-56,-58
-15,-17,-14,-16,9,1028,908,345,112,368,557,201,30,83,210,12,0,19,44,-37,-71,-50,-63,-82,-85,-76,-74,-82,-82,-78,-75,-77,-78,-68,-70,-70,-73,-70,-67,-68,-68,-67,-65,-65,-64,-64,-61,-62,-61,-63
-18,-15,-17,-17,10,1066,947,372,151,315,549,164,42,157,207,-9,-9,8,-33,-81,-79,-80,-75,-84,-84,-74,-74,-79,-82,-75,-74,-73,-78,-67,-67,-69,-73,-73,-68,-67,-67,-67,-63,-63,-64,-65,-59,-59,-60,-58
-17,-18,-17,-18,16,1129,1011,446,227,223,533,139,-27,109,138,27,-39,-19,-36,-82,-82,-72,-60,-74,-82,-75,-74,-78,-80,-77,-74,-74,-74,-67,-68,-69,-72,-70,-65,-68,-65,-63,-63,-60,-62,-64,-62,-57,-58,-56
-17,-14,-11,-15,21,1152,1035,492,261,199,522,139,-30,52,32,-31,-7,-17,14,-51,-74,-71,-69,-75,-77,-71,-69,-78,-76,-75,-70,-72,-70,-68,-64,-64,-69,-67,-63,-62,-64,-61,-58,-59,-58,-61,-61,-56,-56,-57
-14,-15,-11,-14,16,1153,1043,495,264,205,534,144,-32,87,80,-2,-4,6,19,-57,-83,-74,-76,-82,-81,-73,-69,-78,-79,-74,-72,-74,-73,-61,-64,-70,-70,-70,-66,-66,-66,-62,-61,-58,-62,-61,-59,-58,-58,-57
-10,-14,-13,-12,18,1144,1026,470,249,218,547,143,-28,119,149,29,-23,2,-11,-74,-85,-71,-62,-80,-81,-77,-69,-77,-81,-77,-74,-74,-76,-66,-67,-68,-74,-70,-68,-69,-65,-65,-62,-62,-65,-62,-61,-58,-58,-59
-11,-14,-12,-13,16,1121,997,426,225,252,558,150,-10,45,142,11,-64,-42,-44,-71,-78,-66,-28,-64,-76,-71,-70,-77,-78,-74,-71,-70,-72,-69,-64,-68,-70,-69,-65,-64,-63,-64,-62,-62,-60,-58,-59,-59,-56,-57
-14,-14,-13,-12,16,1106,991,414,210,276,569,156,10,-1,97,-26,-51,-29,13,-31,-76,-64,-46,-64,-75,-71,-69,-76,-79,-74,-69,-66,-70,-65,-63,-68,-66,-65,-63,-63,-63,-63,-60,-58,-59,-60,-59,-57,-54,-57
-13,-14,-13,-13,17,1111,996,419,210,276,567,156,6,-1,99,-18,-50,-29,12,-32,-74,-60,-42,-64,-77,-73,-69,-75,-77,-75,-68,-64,-71,-65,-65,-68,-68,-65,-63,-64,-65,-65,-61,-61,-61,-62,-59,-56,-58,-58
-16,-16,-15,-18,10,1117,1001,425,215,262,563,155,-2,0,121,-8,-60,-43,-12,-46,-75,-63,-38,-69,-77,-78,-70,-77,-79,-77,-71,-70,-75,-70,-67,-70,-72,-70,-64,-69,-65,-66,-65,-62,-62,-65,-63,-60,-61,-58
-19,-19,-19,-20,13,1117,1002,438,219,257,561,151,-12,15,149,11,-51,-34,3,-40,-75,-61,-46,-73,-81,-80,-73,-79,-83,-77,-73,-72,-80,-68,-68,-70,-71,-73,-68,-68,-70,-66,-62,-63,-65,-63,-62,-60,-60,-62
-13,-16,-13,-15,16,1114,1001,436,215,261,553,148,-18,10,140,-5,-38,-18,26,-24,-74,-61,-54,-78,-81,-80,-74,-80,-79,-72,-72,-74,-75,-67,-62,-64,-71,-69,-64,-63,-67,-63,-61,-59,-65,-62,-59,-56,-54,-54
-11,-15,-13,-11,17,1117,1006,440,222,275,557,152,-13,23,144,-13,-11,13,51,-20,-76,-63,-69,-79,-82,-73,-71,-77,-80,-74,-71,-71,-77,-71,-64,-69,-71,-66,-64,-61,-64,-61,-61,-59,-61,-62,-58,-58,-58,-58
-13,-14,-13,-13,14,1114,1005,440,218,280,548,153,-19,51,163,-21,7,24,59,-27,-78,-76,-71,-82,-81,-73,-79,-77,-79,-79,-70,-74,-76,-69,-65,-73,-72,-67,-65,-65,-64,-64,-61,-61,-64,-64,-62,-59,-60,-59
-14,-13,-13,-14,14,1125,1021,457,226,265,530,149,-26,55,167,-14,6,16,61,-27,-79,-79,-74,-78,-81,-74,-75,-73,-78,-75,-71,-74,-76,-70,-66,-68,-72,-68,-64,-65,-67,-64,-63,-60,-61,-64,-61,-59,-57,-58
-17,-18,-18,-18,16,1127,1024,470,223,236,500,146,-45,53,171,9,-3,-4,65,-26,-79,-78,-80,-84,-90,-78,-77,-81,-82,-78,-75,-76,-77,-72,-73,-72,-77,-71,-70,-67,-69,-69,-68,-67,-64,-68,-63,-63,-63,-59
-18,-18,-15,-18,22,1140,1047,500,230,187,443,154,-46,53,177,54,3,-9,74,-11,-81,-81,-81,-88,-84,-80,-76,-83,-82,-80,-76,-76,-78,-71,-70,-71,-75,-72,-70,-68,-68,-69,-66,-65,-69,-69,-64,-61,-61,-62
-17,-16,-17,-18,20,1146,1052,512,235,161,420,155,-45,51,187,80,1,-14,74,-4,-77,-83,-80,-87,-86,-77,-78,-81,-84,-81,-73,-75,-80,-75,-68,-72,-74,-78,-67,-67,-68,-65,-66,-66,-67,-65,-60,-59,-60,-62
-13,-11,-12,-16,25,1139,1059,517,225,148,395,171,-42,75,195,93,20,0,86,3,-73,-82,-77,-85,-84,-78,-75,-79,-82,-78,-72,-77,-76,-74,-66,-71,-72,-70,-69,-67,-68,-65,-63,-63,-65,-62,-59,-60,-58,-59
-14,-12,-12,-16,22,1140,1066,526,216,110,341,182,-25,80,208,116,24,2,80,-5,-73,-81,-77,-84,-84,-76,-75,-79,-83,-79,-72,-74,-77,-74,-70,-67,-74,-72,-71,-69,-67,-65,-62,-59,-64,-65,-62,-59,-59,-58
-18,-15,-17,-16,25,1151,1085,543,206,62,314,175,-27,78,341,296,7,-52,10,-46,-86,-81,-71,-82,-88,-81,-79,-80,-86,-80,-79,-78,-81,-78,-72,-76,-75,-75,-71,-71,-69,-71,-68,-66,-65,-71,-66,-64,-61,-62
-15,-15,-13,-18,33,1069,1075,560,167,168,200,93,-42,9,405,361,35,-63,-20,-71,-87,-83,-80,-86,-86,-78,-71,-73,-76,-78,-72,-75,-77,-74,-67,-66,-75,-70,-70,-68,-67,-69,-68,-60,-65,-67,-62,-64,-60,-57
-14,-13,-14,-14,40,965,1020,563,178,257,179,54,-47,-48,232,347,91,-21,-11,-10,-38,-65,-47,-51,-77,-73,-71,-77,-80,-77,-76,-73,-76,-68,-66,-65,-70,-69,-68,-64,-65,-64,-62,-61,-61,-63,-62,-57,-57,-56
-11,-16,-15,-14,39,945,1010,550,166,239,163,55,-48,-46,256,346,85,-27,-7,-16,-51,-69,-52,-55,-77,-72,-71,-77,-78,-75,-73,-73,-70,-71,-62,-65,-71,-69,-67,-66,-62,-63,-58,-60,-62,-61,-57,-60,-56,-54
-17,-16,-18,-17,41,966,1023,558,163,225,163,54,-47,-30,350,380,88,-32,3,-19,-64,-74,-56,-65,-81,-78,-73,-78,-78,-79,-76,-74,-76,-72,-70,-66,-72,-72,-71,-66,-69,-68,-63,-60,-65,-64,-64,-61,-58,-62
-14,-12,-18,-14,36,1032,1054,565,175,197,245,72,-52,16,403,348,54,-58,-5,-57,-85,-82,-72,-82,-83,-78,-72,-74,-81,-75,-74,-75,-80,-70,-67,-71,-72,-71,-69,-66,-67,-66,-61,-61,-62,-65,-62,-57,-57,-57
-17,-15,-13,-16,35,1076,1074,562,172,153,287,93,-52,15,180,209,12,-18,28,-38,-73,-75,-69,-77,-84,-77,-74,-74,-78,-75,-72,-71,-74,-69,-68,-64,-69,-70,-68,-63,-64,-64,-64,-59,-61,-62,-61,-59,-57,-56
-10,-14,-13,-12,35,1090,1078,552,177,138,322,112,-52,16,148,191,11,1,42,-30,-74,-75,-62,-79,-83,-72,-73,-78,-81,-76,-72,-75,-71,-70,-63,-64,-69,-71,-65,-63,-64,-60,-59,-58,-62,-60,-63,-58,-52,-57
-13,-17,-16,-16,31,1090,1073,559,181,149,341,111,-52,7,143,183,11,-8,38,-31,-68,-77,-67,-80,-81,-77,-76,-79,-82,-77,-71,-77,-75,-73,-66,-67,-74,-70,-69,-64,-68,-67,-63,-62,-61,-65,-60,-57,-59,-57
-16,-17,-16,-18,36,1098,1081,562,189,146,333,109,-53,8,146,184,8,-3,44,-29,-72,-77,-68,-78,-82,-77,-76,-78,-84,-81,-76,-74,-74,-75,-67,-71,-73,-75,-69,-71,-69,-68,-65,-62,-64,-68,-65,-61,-59,-59
-17,-17,-15,-15,32,1108,1086,559,190,126,342,116,-51,35,185,209,8,-6,42,-27,-84,-81,-66,-80,-84,-77,-76,-78,-84,-78,-75,-78,-79,-75,-68,-71,-72,-73,-69,-68,-67,-67,-65,-63,-66,-65,-65,-63,-61,-62
-15,-14,-15,-15,34,1117,1092,560,190,111,331,125,-46,67,270,253,10,-18,33,-25,-81,-85,-72,-83,-86,-79,-71,-75,-84,-77,-75,-74,-78,-72,-63,-70,-73,-71,-69,-65,-66,-66,-63,-60,-62,-65,-63,-59,-60,-59
-12,-13,-14,-12,35,1127,1088,547,194,102,353,133,-47,87,347,275,9,-46,12,-38,-85,-81,-72,-87,-84,-81,-72,-75,-86,-77,-76,-75,-79,-77,-70,-71,-71,-74,-70,-66,-67,-69,-63,-59,-64,-63,-62,-61,-59,-58
-15,-16,-17,-16,28,1131,1088,545,197,101,362,140,-49,89,376,267,3,-61,13,-43,-88,-83,-76,-87,-91,-80,-76,-79,-87,-80,-80,-79,-81,-77,-72,-74,-78,-77,-75,-70,-71,-71,-67,-68,-69,-68,-69,-62,-60,-63
-15,-15,-12,-12,32,1146,1088,542,206,120,390,145,-44,86,352,230,6,-54,31,-24,-80,-81,-75,-83,-87,-79,-72,-79,-83,-81,-75,-78,-79,-77,-68,-69,-75,-76,-67,-68,-70,-66,-66,-64,-66,-66,-63,-59,-61,-59
-16,-14,-15,-14,27,1139,1084,531,200,121,391,146,-46,71,302,175,3,-46,45,-10,-76,-80,-80,-87,-85,-78,-74,-79,-83,-81,-72,-77,-79,-76,-67,-74,-72,-75,-67,-68,-68,-66,-60,-63,-64,-66,-65,-61,-63,-59
-13,-15,-16,-15,27,1145,1085,535,207,123,388,147,-46,74,275,156,10,-29,70,4,-72,-81,-81,-86,-87,-77,-75,-80,-84,-82,-72,-73,-76,-73,-68,-71,-74,-75,-69,-68,-63,-68,-63,-63,-66,-64,-63,-60,-61,-60
-11,-15,-14,-14,29,1145,1082,531,206,128,384,144,-46,75,232,112,13,-14,82,4,-70,-82,-79,-86,-84,-78,-75,-77,-82,-79,-71,-75,-79,-73,-66,-69,-70,-73,-66,-66,-66,-63,-64,-63,-60,-65,-61,-57,-58,-60
-13,-15,-12,-15,27,1149,1082,529,205,139,385,141,-47,85,208,90,15,0,90,6,-73,-83,-81,-87,-85,-78,-75,-77,-84,-77,-75,-76,-79,-76,-69,-70,-73,-70,-68,-67,-67,-69,-63,-60,-63,-63,-62,-58,-58,-62
-17,-14,-18,-18,28,1147,1080,523,207,148,389,138,-48,106,206,62,14,5,92,-11,-76,-83,-81,-89,-88,-79,-77,-80,-84,-80,-76,-79,-80,-74,-67,-71,-76,-73,-71,-70,-70,-69,-65,-67,-68,-67,-63,-60,-64,-65
-14,-11,-11,-12,26,1149,1076,520,206,150,397,142,-45,106,209,73,18,9,99,-5,-72,-82,-82,-86,-84,-78,-74,-79,-81,-78,-74,-74,-76,-73,-64,-67,-75,-70,-67,-64,-65,-67,-61,-61,-65,-64,-62,-61,-59,-61
-18,-16,-14,-15,27,1128,1077,558,209,111,372,134,-51,23,183,200,16,4,52,-25,-80,-81,-74,-86,-87,-78,-79,-79,-84,-81,-75,-78,-77,-75,-68,-72,-73,-73,-67,-69,-69,-69,-64,-66,-68,-69,-63,-61,-62,-60
-12,-15,-12,-13,35,1060,1049,587,224,253,345,92,-46,-11,411,371,79,-54,8,-10,-80,-83,-65,-81,-88,-81,-75,-77,-85,-83,-79,-80,-80,-78,-71,-75,-78,-79,-71,-70,-71,-71,-66,-66,-64,-67,-66,-63,-61,-62
-14,-14,-13,-13,32,1050,1046,590,230,272,340,86,-44,-16,385,366,83,-46,5,-2,-72,-81,-64,-81,-88,-84,-73,-80,-85,-85,-79,-82,-82,-79,-73,-72,-74,-78,-71,-73,-71,-70,-68,-71,-66,-68,-66,-63,-60,-64
-16,-13,-13,-17,36,1064,1052,584,226,247,367,100,-48,-3,405,335,64,-58,9,-21,-82,-82,-69,-84,-87,-80,-77,-77,-84,-83,-78,-78,-83,-77,-71,-72,-77,-79,-75,-70,-71,-71,-69,-66,-67,-67,-69,-64,-62,-62
-13,-13,-16,-13,36,1087,1063,581,228,244,418,126,-52,-4,355,283,47,-58,11,-33,-83,-81,-69,-86,-88,-80,-78,-78,-87,-82,-80,-76,-82,-75,-72,-73,-78,-74,-71,-72,-71,-70,-67,-68,-69,-68,-65,-64,-62,-59
-12,-14,-16,-11,31,1119,1073,568,225,205,462,149,-49,-14,149,146,18,-9,60,0,-62,-76,-71,-83,-86,-75,-76,-79,-83,-79,-76,-76,-79,-70,-69,-69,-77,-71,-69,-66,-67,-68,-66,-62,-64,-64,-63,-59,-57,-62
-12,-15,-13,-13,29,1131,1078,557,222,182,479,158,-48,54,206,186,21,12,42,-36,-84,-82,-71,-86,-90,-79,-76,-80,-84,-79,-77,-79,-80,-76,-70,-71,-77,-74,-68,-68,-65,-68,-67,-68,-65,-66,-64,-62,-61,-59
-14,-12,-11,-11,29,1137,1080,550,220,165,462,153,-48,57,222,192,17,7,38,-39,-86,-83,-75,-89,-88,-80,-77,-80,-85,-81,-75,-78,-80,-74,-71,-71,-77,-74,-70,-70,-70,-67,-66,-64,-65,-65,-65,-62,-63,-61
-14,-12,-13,-17,30,1133,1076,559,232,181,486,160,-49,49,196,170,20,11,49,-28,-83,-83,-71,-88,-89,-80,-77,-80,-86,-80,-78,-80,-80,-74,-71,-71,-77,-74,-71,-69,-70,-67,-69,-66,-65,-66,-64,-64,-62,-59
-15,-13,-12,-14,29,1144,1086,555,226,170,484,158,-49,85,275,222,13,1,26,-41,-88,-82,-73,-89,-88,-80,-74,-77,-85,-81,-79,-79,-82,-74,-74,-74,-79,-76,-70,-66,-69,-67,-67,-64,-68,-68,-66,-64,-62,-60
-13,-17,-17,-13,27,1148,1082,539,226,162,482,160,-49,107,360,240,-5,-34,1,-46,-87,-85,-63,-85,-88,-80,-74,-77,-90,-82,-75,-79,-81,-76,-70,-71,-78,-78,-73,-70,-75,-70,-68,-66,-69,-68,-64,-64,-64,-62
-12,-14,-11,-13,24,1146,1076,529,221,172,492,155,-47,99,368,213,-19,-56,-5,-40,-85,-80,-61,-78,-85,-82,-71,-79,-85,-81,-76,-77,-82,-74,-74,-72,-77,-75,-71,-70,-72,-68,-63,-67,-66,-68,-69,-66,-62,-62
-14,-13,-12,-14,25,1142,1072,519,216,188,497,156,-47,79,315,154,-16,-56,27,-8,-68,-75,-69,-81,-84,-78,-75,-80,-85,-81,-78,-80,-83,-72,-70,-70,-74,-73,-70,-68,-70,-70,-66,-66,-66,-66,-64,-63,-61,-62
-12,-15,-15,-11,25,1152,1069,515,220,211,515,161,-44,70,266,99,-12,-33,60,13,-66,-77,-73,-79,-89,-79,-73,-80,-86,-82,-78,-77,-79,-71,-70,-71,-78,-73,-69,-70,-70,-69,-68,-63,-68,-66,-62,-63,-61,-64
-14,-13,-14,-14,24,1150,1060,496,214,229,519,158,-44,78,219,53,6,-8,88,8,-69,-77,-78,-83,-85,-80,-76,-80,-87,-80,-76,-75,-77,-73,-72,-74,-76,-73,-71,-68,-70,-69,-65,-63,-62,-65,-64,-63,-61,-62
-17,-14,-14,-18,21,1147,1060,493,210,244,522,152,-45,111,229,42,21,8,89,-27,-81,-85,-82,-90,-90,-81,-77,-81,-86,-82,-76,-77,-82,-76,-73,-77,-75,-75,-72,-71,-72,-68,-68,-65,-67,-67,-67,-63,-64,-62
-13,-12,-12,-13,22,1141,1052,482,207,243,515,147,-45,118,233,39,23,9,79,-34,-82,-81,-81,-86,-87,-79,-76,-81,-82,-79,-75,-72,-77,-73,-69,-71,-72,-71,-69,-67,-68,-66,-68,-62,-66,-66,-60,-59,-62,-62
-13,-12,-14,-11,23,1141,1053,482,210,259,509,146,-41,159,279,67,27,6,57,-54,-85,-85,-79,-88,-84,-81,-74,-81,-83,-81,-78,-76,-79,-73,-71,-74,-77,-73,-70,-67,-70,-68,-66,-63,-67,-66,-63,-62,-62,-60
-12,-11,-13,-11,22,1143,1047,481,206,263,496,145,-36,183,310,91,26,1,33,-63,-86,-85,-80,-84,-88,-81,-71,-79,-84,-79,-77,-78,-80,-74,-70,-73,-77,-74,-70,-67,-69,-67,-67,-65,-65,-68,-63,-62,-61,-61
-16,-15,-13,-15,17,1132,1037,461,201,290,514,140,-30,213,342,109,9,-19,-10,-75,-89,-86,-79,-87,-92,-81,-78,-85,-88,-83,-80,-78,-83,-75,-75,-77,-80,-75,-71,-71,-72,-71,-68,-68,-70,-69,-67,-65,-65,-63
-12,-14,-16,-14,16,1123,1031,453,190,299,499,135,-27,215,344,123,-9,-23,-15,-67,-86,-82,-77,-86,-85,-79,-78,-81,-83,-81,-74,-79,-80,-74,-67,-69,-77,-73,-69,-68,-71,-69,-66,-63,-68,-66,-64,-61,-63,-60
-16,-16,-12,-16,18,1149,1063,503,216,211,486,143,-46,50,227,77,-21,-28,60,9,-71,-76,-74,-80,-87,-79,-79,-78,-83,-81,-78,-77,-80,-76,-72,-70,-77,-75,-73,-68,-69,-69,-67,-65,-68,-65,-65,-62,-59,-62
-13,-14,-12,-13,26,1150,1076,562,254,175,497,157,-48,-24,123,102,23,-3,62,-12,-66,-79,-76,-83,-84,-77,-73,-77,-82,-78,-73,-77,-76,-71,-68,-71,-71,-71,-66,-62,-68,-66,-64,-61,-64,-65,-62,-59,-58,-59
-15,-17,-14,-18,29,1124,1068,582,257,206,456,140,-55,-24,296,208,13,-67,13,-26,-83,-83,-79,-91,-89,-82,-79,-77,-88,-82,-79,-82,-82,-79,-74,-73,-77,-78,-72,-70,-73,-72,-67,-68,-70,-70,-65,-65,-65,-64
-13,-12,-11,-13,31,1133,1070,582,258,199,459,144,-51,-28,238,167,13,-48,41,-9,-71,-79,-75,-84,-85,-78,-74,-75,-81,-80,-76,-73,-78,-73,-69,-69,-70,-71,-69,-64,-67,-68,-64,-65,-65,-66,-63,-60,-63,-61
-12,-16,-15,-13,30,1144,1074,574,258,202,498,157,-51,-42,145,103,8,-22,60,-3,-63,-76,-81,-83,-84,-78,-74,-80,-83,-80,-76,-71,-76,-72,-68,-69,-72,-70,-68,-66,-65,-69,-63,-62,-62,-66,-63,-59,-61,-62
-12,-12,-15,-15,27,1154,1078,553,247,194,528,162,-49,40,164,115,17,19,58,-37,-85,-83,-75,-83,-89,-82,-71,-72,-83,-83,-75,-77,-79,-76,-71,-73,-75,-74,-69,-66,-69,-70,-66,-62,-65,-63,-63,-61,-59,-61
-11,-14,-11,-13,25,1154,1067,522,236,196,542,165,-48,120,326,175,-18,-18,-12,-56,-90,-81,-61,-86,-91,-83,-79,-81,-87,-82,-80,-78,-82,-79,-73,-74,-79,-74,-73,-70,-73,-70,-65,-65,-69,-70,-65,-65,-62,-63
-15,-14,-15,-16,20,1158,1068,527,239,200,535,161,-46,117,342,169,-26,-40,-10,-47,-85,-82,-50,-80,-87,-81,-72,-81,-88,-83,-79,-79,-82,-76,-75,-73,-78,-76,-73,-72,-71,-70,-68,-65,-66,-68,-66,-61,-62,-64
-13,-10,-14,-12,23,1159,1067,516,235,214,556,170,-44,121,340,161,-33,-40,-16,-52,-88,-82,-51,-81,-87,-81,-71,-81,-88,-83,-79,-77,-81,-77,-76,-76,-79,-76,-71,-69,-72,-71,-66,-69,-69,-68,-66,-64,-63,-63
-13,-14,-14,-14,26,1159,1068,519,238,215,541,160,-45,110,334,158,-34,-47,-8,-39,-81,-78,-51,-80,-87,-81,-71,-82,-89,-81,-81,-79,-83,-76,-71,-75,-78,-73,-71,-71,-72,-70,-68,-67,-69,-70,-65,-62,-62,-63
-13,-12,-14,-13,28,1159,1068,508,234,219,534,150,-40,80,300,116,-35,-50,20,-10,-67,-70,-58,-75,-86,-80,-76,-80,-84,-81,-76,-72,-80,-77,-72,-73,-75,-74,-70,-68,-68,-70,-67,-66,-66,-66,-66,-63,-63,-61
-11,-15,-13,-13,20,1150,1061,496,223,239,532,149,-45,53,218,43,-13,-13,71,12,-62,-77,-72,-80,-84,-79,-79,-78,-81,-80,-77,-76,-80,-76,-68,-72,-74,-72,-68,-66,-69,-69,-66,-64,-63,-65,-62,-59,-60,-59
-13,-13,-12,-11,19,1142,1051,480,220,263,536,144,-39,77,210,20,20,17,83,-16,-76,-82,-82,-81,-85,-81,-79,-78,-83,-77,-74,-77,-80,-72,-68,-72,-78,-71,-68,-65,-68,-65,-67,-65,-64,-66,-64,-63,-61,-59
-15,-13,-12,-15,17,1134,1043,474,217,257,520,139,-39,109,229,28,28,17,70,-38,-81,-83,-81,-86,-83,-81,-77,-82,-83,-79,-76,-78,-79,-75,-71,-70,-74,-70,-70,-69,-69,-69,-66,-64,-68,-67,-63,-59,-62,-60
-16,-12,-14,-13,18,1140,1046,467,214,273,523,141,-34,133,263,47,38,19,53,-56,-84,-86,-79,-87,-84,-80,-77,-81,-85,-80,-77,-80,-80,-76,-69,-72,-75,-75,-69,-70,-71,-71,-66,-65,-68,-66,-67,-62,-61,-62
-12,-14,-12,-16,20,1136,1039,468,207,277,519,142,-28,170,289,66,35,16,32,-67,-87,-86,-82,-86,-85,-80,-72,-83,-85,-79,-76,-79,-80,-75,-71,-71,-77,-76,-71,-67,-70,-68,-65,-64,-65,-67,-64,-61,-62,-62
-13,-17,-14,-13,19,1134,1036,458,200,291,519,140,-30,194,320,82,34,6,11,-75,-90,-85,-81,-88,-86,-81,-78,-84,-83,-80,-76,-75,-82,-74,-71,-71,-75,-71,-71,-69,-70,-70,-69,-68,-69,-64,-65,-61,-58,-60
-14,-13,-13,-13,19,1121,1024,440,197,307,529,140,-19,210,326,85,18,-5,-13,-75,-84,-84,-81,-86,-83,-81,-79,-83,-82,-80,-78,-78,-79,-75,-72,-71,-75,-71,-71,-70,-68,-70,-63,-66,-66,-66,-63,-60,-61,-60
-15,-14,-11,-14,18,1115,1010,440,190,332,532,146,-13,213,324,90,6,-6,-7,-66,-84,-81,-74,-84,-84,-78,-75,-81,-84,-81,-77,-78,-79,-76,-70,-71,-78,-74,-70,-70,-70,-68,-65,-65,-68,-65,-65,-62,-61,-63
-15,-19,-16,-18,14,1113,1009,428,178,337,520,145,-18,201,317,89,-2,-7,-4,-64,-82,-75,-65,-85,-86,-80,-79,-82,-86,-82,-77,-80,-80,-79,-74,-75,-79,-76,-71,-72,-74,-70,-66,-67,-68,-67,-67,-63,-63,-65
-18,-19,-17,-15,18,1134,1037,465,207,249,509,129,-37,37,174,5,-8,-3,60,-19,-77,-78,-77,-81,-82,-78,-78,-77,-83,-78,-75,-78,-78,-76,-71,-72,-76,-73,-71,-69,-71,-67,-66,-62,-67,-65,-64,-62,-62,-61
-18,-14,-18,-18,22,1160,1069,540,246,159,502,150,-52,39,152,99,21,21,50,-47,-86,-83,-80,-87,-89,-79,-78,-78,-84,-81,-77,-76,-81,-75,-74,-73,-79,-74,-74,-68,-73,-68,-66,-66,-68,-68,-67,-63,-64,-63
-12,-12,-12,-11,28,1161,1077,564,264,180,495,146,-50,-48,97,77,16,-6,60,-19,-65,-81,-77,-83,-84,-76,-73,-80,-81,-78,-76,-73,-77,-73,-68,-69,-74,-71,-69,-65,-66,-64,-64,-64,-63,-66,-62,-59,-60,-56
-21,-15,-15,-18,26,1161,1076,555,257,168,494,146,-51,-4,102,75,23,19,65,-32,-81,-80,-78,-86,-85,-80,-75,-77,-81,-81,-76,-75,-78,-75,-71,-70,-77,-76,-69,-68,-69,-67,-64,-64,-67,-65,-65,-60,-62,-61
-19,-18,-15,-15,21,1163,1075,542,257,175,516,148,-50,67,181,105,16,28,39,-50,-86,-82,-79,-88,-89,-82,-74,-78,-84,-83,-76,-79,-79,-80,-71,-74,-77,-75,-71,-69,-70,-68,-67,-66,-68,-67,-65,-65,-61,-64
-15,-12,-9,-16,24,1156,1062,513,243,218,548,158,-40,122,314,141,-31,-25,-18,-52,-85,-80,-52,-82,-86,-80,-73,-78,-86,-82,-75,-78,-83,-76,-71,-72,-77,-74,-73,-69,-71,-72,-66,-64,-67,-68,-65,-63,-61,-62
-12,-11,-14,-15,19,1152,1059,494,232,233,546,153,-35,70,260,85,-44,-43,16,-13,-66,-69,-58,-80,-84,-79,-76,-83,-83,-80,-72,-73,-78,-78,-71,-70,-74,-70,-70,-67,-71,-69,-65,-62,-66,-64,-62,-62,-60,-59
-15,-16,-14,-18,19,1152,1060,494,232,230,535,145,-40,63,258,82,-45,-43,17,-13,-70,-74,-58,-81,-87,-81,-76,-83,-87,-81,-77,-79,-82,-79,-74,-75,-77,-79,-74,-71,-70,-70,-68,-65,-70,-69,-64,-66,-64,-62
-14,-11,-15,-15,22,1149,1056,493,229,219,527,144,-42,74,276,98,-40,-48,7,-20,-73,-72,-58,-78,-86,-79,-73,-81,-86,-80,-77,-74,-80,-70,-69,-70,-76,-72,-70,-69,-67,-66,-65,-63,-64,-66,-65,-57,-61,-61
-13,-17,-14,-15,19,1154,1062,501,233,221,527,140,-37,61,260,83,-41,-36,22,-7,-69,-67,-58,-81,-88,-82,-76,-80,-86,-81,-76,-75,-82,-77,-70,-77,-77,-75,-70,-71,-71,-70,-68,-67,-68,-69,-65,-63,-65,-64
-13,-13,-12,-11,21,1151,1054,494,231,225,509,139,-39,48,221,61,-22,-24,55,7,-63,-69,-67,-75,-84,-77,-77,-77,-82,-78,-75,-75,-79,-71,-70,-70,-75,-71,-67,-66,-68,-65,-64,-60,-63,-64,-60,-58,-60,-60
-13,-13,-12,-15,22,1153,1058,500,227,217,493,140,-43,47,207,54,-11,-15,69,10,-66,-73,-70,-76,-83,-75,-76,-79,-82,-78,-78,-77,-79,-71,-67,-71,-76,-70,-70,-68,-69,-67,-63,-63,-65,-64,-60,-62,-59,-61
-14,-14,-12,-14,23,1151,1059,500,228,213,486,144,-45,56,193,43,7,-2,76,3,-71,-75,-76,-80,-85,-78,-75,-79,-83,-75,-73,-75,-76,-69,-70,-69,-71,-70,-66,-66,-67,-64,-63,-63,-65,-62,-61,-60,-61,-59
-11,-13,-10,-13,18,1143,1055,487,218,226,480,132,-47,80,197,24,23,10,80,-27,-79,-82,-80,-84,-83,-77,-76,-82,-83,-77,-73,-75,-77,-69,-68,-71,-72,-72,-66,-67,-68,-68,-64,-63,-63,-63,-60,-58,-57,-57
-15,-17,-14,-14,16,1131,1041,478,212,231,462,120,-47,114,230,40,26,10,53,-54,-83,-84,-84,-90,-87,-81,-77,-81,-81,-78,-77,-79,-76,-76,-72,-73,-76,-75,-69,-71,-72,-67,-67,-65,-64,-67,-66,-60,-60,-62
-12,-13,-14,-11,22,1144,1050,480,214,250,491,133,-40,130,252,51,30,13,53,-54,-84,-84,-79,-87,-84,-80,-73,-79,-86,-80,-75,-74,-77,-73,-70,-70,-74,-71,-68,-69,-68,-66,-63,-66,-63,-64,-62,-62,-61,-59
-13,-12,-13,-12,20,1133,1039,465,209,277,505,140,-34,178,304,82,33,6,24,-67,-88,-84,-81,-85,-86,-81,-74,-80,-83,-77,-74,-77,-81,-74,-70,-71,-73,-72,-70,-69,-69,-67,-64,-66,-65,-64,-62,-62,-59,-60
-11,-19,-14,-15,23,1140,1044,475,209,261,490,138,-38,177,302,86,23,-5,27,-62,-86,-84,-79,-85,-85,-79,-76,-79,-84,-80,-73,-77,-79,-71,-69,-71,-74,-71,-71,-69,-67,-66,-64,-62,-64,-64,-64,-61,-58,-62
-15,-14,-13,-12,21,1129,1036,470,204,251,469,130,-39,177,302,88,20,-8,18,-66,-85,-82,-81,-91,-86,-79,-76,-81,-82,-80,-77,-79,-81,-73,-67,-70,-75,-74,-69,-70,-69,-66,-65,-64,-65,-68,-63,-62,-62,-60
-13,-14,-14,-13,26,1156,1078,542,241,124,434,155,-47,99,325,235,-14,-35,13,-32,-83,-82,-56,-78,-86,-83,-73,-79,-85,-80,-76,-78,-79,-75,-72,-72,-75,-74,-74,-68,-69,-69,-63,-66,-67,-65,-65,-64,-62,-63
-12,-13,-12,-13,32,1128,1079,589,244,177,389,127,-50,-10,288,225,26,-45,39,-8,-70,-82,-78,-84,-84,-79,-75,-71,-82,-80,-75,-77,-76,-73,-70,-72,-72,-71,-66,-65,-69,-68,-64,-63,-68,-64,-64,-60,-58,-61
-13,-14,-14,-16,27,1111,1063,587,244,194,382,115,-50,-6,346,263,30,-64,22,-21,-79,-81,-72,-84,-85,-79,-76,-77,-83,-83,-77,-80,-77,-74,-70,-71,-77,-77,-70,-67,-68,-66,-63,-63,-64,-69,-64,-61,-61,-61
-15,-13,-15,-13,33,1112,1071,590,246,189,386,121,-49,-2,319,244,28,-49,38,-11,-77,-81,-75,-84,-84,-78,-73,-73,-83,-83,-78,-79,-79,-74,-68,-69,-75,-77,-71,-66,-69,-69,-66,-63,-69,-67,-63,-60,-58,-62
-12,-14,-11,-14,33,1123,1074,585,240,171,403,129,-50,-9,236,198,22,-30,54,1,-65,-80,-75,-86,-86,-78,-73,-71,-82,-79,-74,-73,-76,-73,-68,-66,-71,-72,-67,-66,-67,-64,-65,-63,-62,-63,-64,-58,-57,-59
-17,-19,-15,-18,25,1143,1083,569,232,152,441,154,-50,9,146,156,24,10,59,-20,-76,-81,-76,-84,-87,-79,-77,-81,-82,-83,-77,-78,-81,-76,-74,-72,-77,-75,-69,-67,-71,-67,-66,-63,-68,-68,-65,-64,-63,-62
-17,-16,-17,-14,25,1145,1084,562,228,141,452,157,-48,73,254,220,15,-2,27,-44,-85,-86,-78,-88,-90,-84,-77,-78,-86,-83,-80,-79,-82,-76,-74,-75,-80,-78,-72,-70,-74,-72,-70,-67,-68,-71,-69,-63,-63,-62
-13,-14,-15,-17,27,1144,1076,553,220,134,441,151,-48,67,246,213,12,-1,29,-43,-86,-88,-77,-90,-89,-80,-79,-79,-86,-83,-79,-79,-83,-76,-74,-74,-77,-77,-75,-69,-73,-71,-67,-67,-69,-70,-67,-65,-65,-63
-15,-14,-14,-12,30,1146,1084,566,229,133,434,152,-50,59,227,210,20,10,43,-35,-82,-81,-72,-85,-85,-81,-75,-75,-84,-78,-76,-77,-81,-75,-66,-71,-74,-71,-70,-68,-70,-70,-64,-65,-64,-67,-65,-60,-59,-59
-14,-13,-12,-11,30,1143,1087,557,226,122,420,154,-47,78,277,236,7,-8,32,-32,-85,-84,-72,-85,-86,-77,-74,-78,-84,-80,-76,-76,-81,-75,-69,-70,-77,-74,-71,-66,-68,-66,-66,-60,-64,-66,-64,-61,-61,-60
-11,-12,-16,-14,27,1142,1085,555,219,96,382,144,-49,80,305,248,1,-27,19,-40,-83,-84,-68,-85,-85,-80,-70,-79,-84,-78,-75,-77,-79,-75,-68,-70,-76,-74,-67,-68,-68,-67,-64,-61,-65,-63,-60,-61,-58,-59
-13,-10,-11,-11,26,1155,1091,554,227,103,391,150,-44,87,355,255,-7,-54,14,-32,-82,-81,-64,-78,-85,-78,-71,-77,-82,-78,-74,-75,-77,-73,-67,-72,-76,-72,-70,-67,-67,-67,-64,-63,-65,-64,-63,-61,-60,-61
-14,-16,-15,-12,28,1154,1086,551,226,106,388,151,-45,81,346,239,-8,-56,24,-24,-82,-78,-70,-80,-87,-78,-69,-76,-84,-77,-77,-77,-80,-76,-69,-74,-72,-74,-67,-69,-67,-67,-65,-63,-64,-63,-62,-62,-61,-57
-12,-14,-15,-14,26,1157,1090,547,222,121,403,153,-46,71,294,181,0,-43,51,-2,-75,-83,-75,-85,-88,-80,-72,-78,-84,-82,-77,-78,-79,-75,-68,-74,-72,-73,-68,-68,-68,-68,-67,-62,-65,-65,-63,-59,-62,-61
-15,-15,-16,-15,22,1146,1076,530,214,119,401,151,-45,62,275,159,1,-45,49,-5,-76,-81,-80,-91,-88,-79,-77,-82,-84,-82,-79,-78,-79,-78,-69,-74,-77,-75,-69,-71,-70,-68,-66,-66,-70,-65,-68,-65,-60,-63
-14,-15,-12,-14,24,1154,1085,537,219,131,402,154,-45,69,253,136,9,-25,73,7,-70,-80,-80,-85,-87,-77,-76,-79,-84,-79,-75,-75,-77,-74,-68,-70,-76,-74,-65,-67,-69,-66,-65,-61,-64,-64,-62,-60,-58,-60
-16,-17,-17,-18,22,1150,1078,530,212,135,393,147,-47,69,209,96,13,-12,82,7,-73,-83,-80,-90,-89,-83,-79,-82,-83,-79,-75,-76,-79,-76,-70,-72,-77,-75,-71,-73,-70,-69,-68,-67,-67,-67,-66,-66,-64,-61
-18,-18,-17,-16,20,1154,1076,521,213,158,410,143,-49,89,202,64,17,2,92,-5,-76,-84,-83,-87,-88,-80,-81,-82,-87,-79,-76,-81,-80,-75,-72,-76,-75,-76,-70,-70,-68,-71,-67,-66,-65,-66,-64,-62,-63,-62
-13,-12,-15,-16,23,1150,1069,517,217,180,411,147,-46,133,237,72,20,9,89,-19,-77,-81,-79,-85,-85,-81,-74,-78,-83,-76,-75,-75,-79,-70,-67,-70,-74,-70,-67,-67,-69,-68,-64,-62,-66,-65,-64,-62,-58,-61
-14,-15,-14,-14,26,1160,1089,548,224,103,387,153,-44,83,355,263,-9,-56,14,-32,-84,-82,-67,-81,-86,-79,-69,-74,-84,-80,-77,-76,-79,-76,-69,-71,-73,-74,-69,-70,-67,-68,-66,-65,-65,-67,-64,-62,-60,-61
-11,-13,-12,-12,30,1122,1083,590,235,175,357,119,-51,0,303,247,25,-36,36,-15,-74,-80,-77,-86,-85,-78,-76,-70,-81,-81,-74,-76,-78,-71,-70,-70,-74,-72,-68,-64,-67,-69,-63,-62,-65,-62,-64,-62,-59,-59
-17,-14,-14,-14,34,1071,1060,590,231,235,317,85,-47,-5,406,357,64,-60,14,-11,-78,-81,-66,-81,-88,-82,-75,-80,-83,-82,-78,-80,-82,-78,-70,-72,-75,-77,-71,-71,-70,-70,-67,-64,-65,-69,-65,-63,-63,-62
-12,-13,-12,-15,33,1081,1060,595,236,232,333,94,-48,0,408,343,59,-59,19,-13,-80,-79,-64,-82,-86,-80,-73,-74,-84,-83,-78,-77,-80,-78,-69,-70,-76,-78,-70,-69,-71,-66,-69,-66,-67,-68,-64,-64,-62,-64
-13,-12,-14,-12,31,1087,1062,594,232,217,336,96,-49,3,393,313,48,-61,23,-22,-82,-81,-68,-82,-85,-81,-71,-72,-82,-83,-77,-75,-76,-76,-72,-72,-77,-75,-70,-68,-70,-69,-66,-67,-67,-66,-65,-61,-62,-62
-10,-13,-13,-12,35,1108,1076,585,232,186,377,120,-50,-1,282,232,25,-34,47,-11,-72,-80,-77,-86,-85,-79,-77,-71,-81,-82,-75,-76,-79,-77,-70,-69,-74,-71,-67,-67,-70,-68,-65,-64,-64,-63,-62,-61,-62,-58
-12,-14,-13,-14,30,1128,1081,563,219,151,408,137,-49,8,148,169,16,7,60,-11,-67,-80,-71,-83,-88,-77,-74,-80,-81,-80,-71,-74,-78,-72,-68,-69,-71,-71,-64,-65,-69,-67,-60,-63,-61,-64,-58,-59,-58,-58
-16,-13,-14,-10,29,1138,1087,571,225,155,425,146,-51,31,176,190,22,13,61,-21,-77,-82,-71,-84,-86,-78,-77,-79,-85,-80,-76,-75,-78,-72,-71,-71,-73,-71,-66,-67,-66,-66,-62,-64,-63,-66,-63,-60,-61,-61
-16,-13,-12,-13,28,1140,1090,569,229,158,440,148,-50,32,183,193,25,17,65,-22,-77,-82,-73,-84,-87,-78,-77,-81,-83,-80,-76,-76,-78,-70,-70,-70,-71,-73,-69,-68,-66,-67,-66,-64,-66,-65,-64,-60,-55,-59
-13,-14,-13,-16,29,1148,1090,566,229,142,433,153,-49,43,201,199,23,18,57,-28,-81,-82,-71,-86,-85,-79,-77,-80,-83,-78,-75,-76,-79,-74,-71,-72,-77,-74,-68,-68,-68,-69,-64,-62,-66,-65,-64,-58,-62,-58
-13,-12,-11,-14,26,1142,1083,560,227,128,422,146,-50,75,271,235,15,-2,32,-36,-84,-85,-79,-86,-89,-81,-73,-78,-84,-79,-76,-76,-79,-74,-68,-69,-72,-77,-69,-68,-68,-68,-64,-63,-64,-66,-63,-62,-60,-58
-11,-13,-12,-13,27,1157,1085,554,230,130,426,146,-50,96,347,253,-2,-37,16,-37,-85,-82,-67,-83,-85,-82,-71,-76,-84,-80,-76,-77,-80,-72,-70,-75,-75,-75,-71,-68,-69,-66,-65,-67,-66,-67,-65,-62,-64,-63
-11,-15,-14,-12,25,1157,1086,544,232,139,441,146,-48,95,362,237,-12,-52,14,-26,-81,-80,-57,-79,-89,-79,-69,-75,-86,-81,-77,-78,-83,-74,-71,-73,-78,-77,-69,-69,-70,-69,-68,-67,-65,-68,-63,-61,-64,-61
-12,-11,-12,-12,26,1156,1083,532,224,158,453,147,-45,76,328,190,-10,-48,38,-2,-71,-76,-64,-78,-87,-79,-70,-78,-83,-82,-79,-76,-80,-72,-71,-72,-77,-77,-75,-69,-69,-68,-66,-63,-67,-67,-64,-63,-60,-62
-14,-12,-11,-14,23,1154,1080,515,225,175,463,148,-46,63,270,130,-6,-35,64,14,-65,-78,-70,-82,-84,-78,-71,-80,-83,-80,-78,-77,-78,-71,-71,-71,-77,-74,-70,-69,-70,-69,-63,-62,-65,-66,-64,-59,-59,-60
-14,-14,-12,-12,25,1150,1067,514,219,178,457,140,-47,59,223,86,1,-14,81,13,-66,-77,-78,-81,-84,-78,-73,-81,-83,-77,-71,-78,-78,-71,-69,-70,-72,-72,-68,-66,-68,-65,-64,-63,-65,-62,-60,-60,-58,-59
-18,-15,-17,-12,21,1150,1069,507,220,189,458,140,-50,64,201,60,11,-6,90,3,-71,-81,-79,-83,-89,-81,-77,-82,-88,-80,-73,-76,-79,-76,-70,-74,-77,-76,-69,-71,-70,-69,-66,-68,-67,-68,-67,-62,-63,-64
-11,-13,-13,-13,21,1145,1064,506,221,207,468,143,-47,89,210,51,25,11,94,-6,-76,-81,-80,-83,-84,-77,-76,-80,-83,-77,-72,-72,-76,-69,-71,-73,-73,-72,-67,-66,-69,-64,-66,-65,-63,-64,-64,-61,-59,-59
-12,-12,-10,-16,23,1143,1057,496,215,235,478,137,-44,134,255,61,32,15,75,-44,-83,-81,-81,-86,-83,-80,-72,-80,-84,-76,-73,-74,-76,-69,-69,-71,-75,-75,-68,-67,-68,-67,-61,-62,-63,-63,-63,-61,-57,-61
-17,-16,-18,-18,16,1146,1054,492,211,230,453,125,-46,150,268,72,28,8,61,-53,-85,-87,-82,-89,-89,-81,-72,-82,-85,-80,-78,-79,-82,-74,-74,-74,-78,-75,-71,-73,-70,-70,-67,-68,-70,-67,-65,-63,-62,-63
-15,-17,-16,-13,21,1157,1078,525,226,143,428,138,-50,72,317,190,-27,-53,24,-14,-75,-79,-61,-80,-85,-79,-72,-80,-87,-80,-78,-79,-84,-74,-73,-72,-79,-75,-69,-72,-69,-70,-66,-67,-69,-67,-65,-63,-67,-62
-16,-20,-14,-18,29,1135,1076,578,246,163,406,125,-53,-25,229,179,16,-36,47,-3,-67,-82,-78,-85,-86,-80,-78,-79,-83,-81,-77,-76,-80,-74,-70,-72,-77,-75,-72,-67,-69,-71,-67,-67,-65,-67,-64,-63,-62,-63
-13,-12,-14,-14,34,1103,1060,589,255,224,385,111,-52,-5,385,302,46,-64,8,-19,-81,-81,-65,-83,-87,-80,-75,-77,-80,-83,-77,-81,-82,-77,-73,-73,-78,-77,-72,-70,-70,-70,-70,-69,-69,-69,-65,-65,-64,-61
-19,-17,-16,-15,34,1101,1061,585,246,207,364,103,-50,-1,370,286,31,-67,14,-18,-81,-81,-70,-84,-89,-82,-77,-79,-84,-83,-82,-79,-82,-78,-76,-74,-78,-78,-77,-73,-73,-72,-68,-67,-70,-71,-68,-66,-64,-65
-17,-14,-16,-14,30,1120,1071,591,253,202,390,115,-54,-4,333,247,24,-61,25,-16,-81,-82,-75,-90,-87,-80,-79,-78,-87,-83,-81,-78,-81,-77,-77,-77,-78,-78,-75,-73,-69,-71,-69,-63,-68,-66,-68,-67,-63,-66
-17,-15,-13,-13,30,1130,1077,579,249,177,418,133,-53,-25,211,166,18,-31,51,-10,-67,-82,-79,-88,-86,-82,-79,-77,-87,-81,-78,-76,-79,-74,-69,-69,-73,-73,-70,-69,-69,-71,-67,-68,-65,-69,-65,-63,-61,-61
-12,-15,-13,-13,28,1146,1082,567,248,145,434,140,-51,15,152,144,21,25,68,-22,-76,-81,-73,-84,-88,-77,-72,-76,-81,-80,-76,-75,-78,-71,-70,-68,-71,-72,-68,-68,-67,-68,-64,-62,-66,-65,-63,-61,-60,-60
-14,-13,-12,-13,28,1147,1082,562,241,140,443,143,-50,44,190,170,19,25,56,-31,-82,-82,-77,-88,-85,-80,-76,-80,-81,-78,-75,-73,-78,-72,-71,-68,-73,-73,-67,-67,-69,-68,-65,-63,-64,-66,-61,-60,-59,-61
-17,-19,-15,-15,25,1141,1075,558,237,142,440,140,-52,31,177,158,21,19,59,-29,-83,-82,-80,-90,-90,-79,-77,-79,-83,-81,-77,-81,-80,-76,-73,-72,-77,-77,-73,-70,-74,-69,-66,-65,-67,-68,-64,-63,-61,-59
-16,-15,-12,-16,29,1151,1082,562,241,139,440,140,-52,52,208,178,18,25,54,-32,-82,-85,-79,-89,-85,-80,-75,-78,-82,-81,-78,-73,-77,-71,-68,-71,-73,-74,-66,-65,-66,-69,-64,-62,-63,-64,-63,-61,-60,-58
-13,-17,-16,-16,23,1153,1086,556,241,129,427,137,-53,78,274,209,5,7,27,-35,-88,-82,-76,-88,-91,-84,-79,-78,-88,-81,-77,-78,-78,-74,-71,-73,-78,-79,-75,-70,-70,-71,-69,-69,-69,-71,-64,-63,-66,-63
-18,-19,-16,-18,23,1149,1073,540,234,123,427,130,-50,96,344,218,-20,-40,1,-40,-86,-84,-62,-82,-90,-81,-75,-79,-85,-80,-81,-78,-83,-77,-72,-78,-80,-76,-73,-71,-70,-73,-70,-66,-68,-71,-66,-64,-62,-63
-13,-12,-11,-14,27,1154,1077,534,236,147,450,140,-47,95,350,203,-21,-52,9,-21,-82,-81,-55,-78,-85,-80,-69,-77,-86,-80,-77,-73,-80,-74,-71,-71,-76,-75,-69,-70,-71,-70,-66,-66,-67,-66,-64,-64,-59,-63
-14,-13,-15,-12,25,1154,1076,527,231,159,451,137,-47,76,312,160,-23,-48,29,-2,-70,-74,-61,-77,-86,-77,-71,-79,-84,-81,-78,-74,-80,-74,-70,-70,-76,-72,-71,-68,-67,-66,-64,-63,-67,-66,-67,-60,-62,-59
-16,-17,-18,-16,21,1153,1069,516,227,166,453,133,-48,61,274,125,-16,-41,47,7,-68,-76,-70,-79,-89,-80,-76,-77,-86,-82,-80,-79,-81,-74,-72,-77,-79,-75,-72,-72,-70,-70,-66,-67,-67,-70,-67,-63,-61,-60
-15,-12,-13,-12,23,1147,1061,505,224,181,461,134,-47,55,239,92,-14,-26,62,15,-63,-75,-72,-80,-85,-78,-78,-80,-83,-76,-75,-77,-79,-71,-69,-71,-73,-70,-68,-68,-68,-67,-65,-64,-65,-64,-65,-61,-60,-60
-13,-15,-13,-10,24,1151,1067,512,225,189,456,135,-46,56,219,75,5,-9,83,15,-66,-76,-74,-79,-87,-79,-75,-78,-82,-78,-76,-78,-77,-71,-70,-67,-74,-69,-69,-68,-67,-67,-64,-62,-64,-63,-62,-59,-60,-60
-11,-14,-10,-12,21,1149,1064,504,226,202,460,133,-45,62,202,44,15,9,88,3,-69,-79,-77,-81,-84,-78,-73,-80,-81,-78,-75,-74,-78,-75,-68,-70,-75,-69,-66,-65,-69,-68,-62,-65,-64,-66,-62,-58,-59,-62
-11,-13,-13,-13,25,1143,1057,493,217,207,451,126,-48,90,208,38,26,17,81,-30,-79,-82,-81,-83,-83,-79,-72,-81,-82,-75,-77,-74,-78,-72,-71,-71,-74,-70,-67,-68,-70,-67,-66,-63,-63,-66,-63,-61,-57,-60
-13,-14,-14,-12,24,1147,1056,499,224,208,446,124,-45,89,212,38,31,19,83,-24,-79,-81,-81,-84,-86,-78,-74,-82,-84,-79,-76,-74,-80,-72,-66,-69,-73,-70,-69,-66,-69,-65,-63,-63,-62,-63,-63,-61,-60,-61
-10,-13,-12,-15,25,1158,1078,545,239,125,434,140,-51,86,268,207,10,7,30,-33,-85,-81,-69,-86,-87,-82,-76,-76,-86,-80,-74,-74,-81,-74,-71,-72,-75,-74,-71,-66,-69,-69,-64,-64,-65,-66,-68,-63,-61,-61
-13,-15,-16,-19,29,1131,1072,585,255,183,406,124,-53,-18,293,218,21,-57,30,-16,-77,-82,-80,-88,-87,-80,-79,-77,-84,-80,-81,-78,-81,-77,-76,-71,-78,-76,-73,-70,-75,-70,-70,-69,-68,-70,-69,-63,-63,-64
-17,-18,-14,-13,27,1111,1066,590,256,194,381,114,-53,-8,341,250,23,-66,14,-21,-79,-82,-72,-87,-86,-83,-77,-75,-85,-80,-80,-81,-79,-77,-78,-74,-80,-80,-75,-71,-74,-71,-70,-69,-69,-71,-67,-64,-63,-61
-17,-18,-18,-16,28,1125,1071,587,255,185,392,120,-54,-10,297,218,17,-56,32,-13,-74,-82,-78,-86,-89,-80,-77,-76,-83,-82,-78,-76,-79,-77,-75,-74,-79,-76,-71,-71,-69,-69,-67,-67,-69,-66,-67,-63,-64,-61
-17,-19,-18,-16,24,1134,1076,583,252,170,414,128,-55,-28,213,163,17,-32,59,0,-67,-84,-82,-89,-88,-79,-80,-80,-88,-82,-79,-78,-78,-79,-72,-73,-77,-74,-70,-68,-71,-70,-69,-65,-69,-70,-67,-63,-63,-61
-16,-17,-14,-16,27,1147,1080,561,246,139,436,138,-50,17,156,140,22,25,63,-27,-80,-82,-78,-87,-89,-79,-76,-81,-82,-81,-79,-76,-81,-73,-71,-71,-75,-71,-70,-70,-67,-68,-67,-64,-64,-66,-65,-61,-62,-64
-14,-16,-12,-14,28,1147,1074,551,238,125,434,138,-49,71,250,195,9,17,34,-40,-87,-84,-74,-89,-88,-80,-77,-75,-81,-78,-73,-76,-77,-75,-71,-71,-75,-71,-71,-67,-66,-69,-65,-64,-65,-63,-64,-60,-60,-61
-14,-13,-13,-13,26,1154,1081,559,243,133,436,140,-50,65,241,190,17,20,47,-34,-83,-83,-75,-87,-87,-82,-76,-77,-83,-80,-76,-78,-79,-74,-70,-72,-76,-73,-71,-68,-69,-66,-65,-64,-64,-64,-63,-61,-62,-60
-15,-15,-15,-18,24,1153,1081,556,243,128,431,135,-54,74,256,190,8,13,31,-40,-85,-83,-78,-90,-89,-80,-77,-79,-85,-81,-79,-81,-81,-78,-71,-76,-79,-78,-73,-71,-75,-72,-68,-67,-68,-70,-69,-64,-63,-65
-16,-15,-17,-12,25,1155,1081,543,237,120,418,124,-52,92,315,216,-17,-21,10,-40,-87,-84,-68,-88,-89,-83,-76,-80,-85,-81,-78,-79,-79,-77,-70,-76,-80,-77,-73,-70,-73,-71,-71,-66,-69,-69,-67,-64,-62,-60
-10,-13,-16,-14,27,1159,1082,540,241,129,413,121,-49,97,341,209,-24,-46,3,-24,-79,-79,-56,-78,-87,-80,-70,-81,-85,-78,-80,-75,-78,-74,-68,-70,-76,-72,-71,-67,-69,-68,-64,-65,-63,-68,-63,-60,-61,-61
-17,-16,-19,-17,22,1160,1082,534,240,147,422,121,-51,76,311,166,-29,-47,23,-2,-71,-78,-64,-79,-90,-81,-75,-79,-89,-82,-77,-77,-80,-75,-76,-73,-78,-80,-72,-75,-73,-72,-67,-67,-69,-68,-64,-64,-64,-65
-16,-13,-14,-17,21,1148,1066,511,225,155,418,115,-49,43,240,96,-21,-34,52,6,-67,-74,-77,-84,-87,-79,-79,-78,-82,-77,-79,-77,-80,-74,-70,-73,-77,-73,-69,-69,-71,-69,-69,-64,-67,-65,-67,-64,-63,-62
-14,-12,-14,-12,24,1151,1066,512,227,180,439,121,-48,46,209,69,-6,-12,72,14,-63,-76,-73,-80,-85,-79,-75,-78,-81,-77,-71,-76,-79,-71,-66,-66,-75,-72,-68,-64,-67,-68,-64,-61,-65,-64,-61,-60,-61,-59
-13,-11,-13,-14,22,1144,1060,504,226,191,442,121,-48,53,188,47,15,7,87,8,-70,-79,-74,-79,-84,-77,-74,-80,-82,-79,-72,-73,-77,-73,-68,-68,-73,-72,-69,-66,-66,-66,-64,-61,-61,-64,-60,-59,-57,-58
-19,-17,-13,-15,21,1147,1057,492,223,208,454,113,-52,68,195,28,20,15,87,-15,-76,-82,-80,-86,-88,-81,-77,-80,-83,-80,-77,-76,-78,-77,-70,-72,-75,-75,-71,-67,-70,-67,-66,-63,-68,-69,-63,-63,-61,-61
-12,-17,-16,-19,17,1143,1055,494,219,213,455,121,-48,85,213,37,26,17,87,-27,-78,-83,-82,-84,-87,-80,-76,-81,-83,-80,-78,-73,-78,-74,-69,-72,-75,-71,-72,-70,-70,-71,-65,-65,-66,-68,-64,-62,-63,-63
-13,-14,-12,-13,21,1140,1048,484,210,217,448,117,-48,102,231,45,32,17,70,-41,-80,-83,-83,-86,-82,-80,-75,-82,-84,-77,-77,-74,-78,-74,-69,-73,-75,-72,-70,-66,-68,-67,-65,-62,-64,-66,-63,-60,-60,-58
-14,-16,-12,-12,21,1133,1047,484,211,238,450,113,-44,151,281,76,35,13,39,-58,-82,-82,-78,-83,-84,-78,-71,-81,-81,-80,-75,-76,-78,-71,-66,-70,-71,-71,-68,-64,-70,-68,-64,-62,-64,-62,-63,-60,-60,-61
-10,-13,-15,-17,20,1140,1042,480,212,237,439,109,-44,160,299,89,27,5,24,-64,-83,-81,-81,-86,-82,-76,-73,-78,-84,-78,-75,-73,-79,-72,-66,-70,-69,-73,-70,-67,-68,-64,-64,-65,-64,-66,-65,-60,-60,-59
-12,-14,-12,-16,22,1158,1073,528,237,134,425,130,-54,98,329,217,-25,-38,10,-26,-81,-76,-48,-78,-84,-78,-74,-80,-87,-80,-77,-75,-81,-78,-69,-70,-78,-74,-71,-67,-70,-69,-65,-64,-65,-69,-62,-61,-59,-60
-14,-17,-14,-16,26,1149,1081,579,258,146,400,121,-53,-40,206,156,18,-32,48,-3,-64,-79,-80,-86,-86,-79,-79,-76,-84,-79,-78,-74,-76,-77,-70,-76,-76,-77,-69,-69,-69,-70,-66,-65,-65,-67,-63,-61,-58,-60
-13,-13,-14,-13,34,1126,1074,596,268,189,382,115,-50,-6,332,245,20,-64,24,-12,-78,-81,-70,-84,-84,-80,-76,-69,-80,-82,-78,-78,-82,-77,-71,-70,-76,-74,-71,-69,-69,-67,-65,-65,-64,-66,-65,-65,-62,-61
-10,-14,-12,-12,30,1132,1076,593,262,170,390,120,-51,-13,269,196,19,-45,41,-3,-68,-81,-79,-85,-84,-79,-77,-71,-80,-79,-76,-75,-77,-74,-69,-70,-76,-71,-70,-69,-69,-67,-65,-61,-63,-64,-63,-60,-59,-59
-18,-14,-14,-17,27,1128,1072,577,254,156,398,123,-55,-28,214,158,16,-36,48,-8,-70,-83,-82,-90,-88,-79,-76,-78,-83,-80,-77,-76,-77,-76,-76,-72,-77,-73,-72,-70,-70,-68,-64,-65,-64,-68,-65,-64,-63,-60
-12,-11,-13,-14,32,1152,1082,573,257,144,432,135,-50,-16,126,118,27,24,76,-18,-75,-78,-77,-82,-85,-77,-73,-77,-82,-78,-73,-74,-80,-69,-66,-69,-69,-70,-67,-65,-66,-67,-63,-61,-62,-64,-62,-61,-59,-58
-17,-12,-11,-11,24,1155,1080,557,248,133,438,135,-49,77,259,196,14,22,40,-35,-83,-80,-74,-86,-86,-82,-78,-76,-83,-78,-79,-77,-79,-76,-71,-69,-74,-75,-68,-71,-67,-70,-66,-64,-64,-64,-64,-62,-58,-60
-12,-13,-14,-14,25,1155,1077,555,247,135,442,137,-51,82,263,201,11,18,37,-39,-83,-81,-70,-87,-86,-79,-74,-75,-85,-80,-79,-79,-80,-76,-72,-70,-76,-73,-73,-67,-70,-68,-65,-65,-63,-65,-62,-64,-59,-61
-12,-14,-14,-17,26,1154,1077,546,242,128,432,134,-49,78,260,192,6,12,28,-36,-85,-82,-75,-88,-88,-81,-75,-80,-85,-79,-77,-76,-82,-76,-69,-71,-73,-73,-68,-67,-69,-68,-62,-63,-64,-67,-63,-60,-62,-59
-14,-16,-15,-13,27,1160,1084,550,246,126,425,133,-52,92,293,206,-2,4,25,-35,-82,-83,-67,-86,-86,-82,-76,-78,-85,-80,-80,-78,-81,-75,-74,-69,-73,-74,-70,-69,-71,-71,-65,-63,-66,-69,-64,-61,-60,-60
-14,-11,-15,-13,25,1156,1077,536,242,135,435,130,-48,102,347,212,-24,-40,5,-28,-81,-81,-55,-82,-89,-80,-72,-80,-85,-78,-78,-77,-82,-74,-70,-74,-77,-75,-71,-71,-69,-69,-65,-65,-65,-65,-62,-60,-62,-60
-17,-17,-15,-14,19,1156,1070,521,237,159,442,124,-52,75,312,165,-29,-53,18,-8,-75,-77,-58,-82,-87,-81,-73,-80,-86,-80,-79,-76,-82,-77,-74,-74,-77,-76,-75,-70,-73,-71,-69,-66,-70,-69,-64,-66,-65,-61
-17,-17,-13,-15,19,1147,1063,512,229,156,434,118,-48,60,278,135,-32,-48,30,2,-67,-77,-71,-80,-88,-81,-73,-82,-88,-81,-78,-76,-79,-75,-74,-74,-76,-73,-71,-69,-71,-69,-68,-67,-68,-69,-67,-65,-64,-63
-18,-19,-15,-17,18,1154,1069,511,232,173,445,120,-48,50,243,98,-19,-32,49,13,-68,-72,-70,-82,-84,-80,-77,-78,-82,-79,-77,-77,-78,-73,-70,-72,-76,-75,-71,-69,-71,-69,-68,-66,-68,-66,-65,-62,-63,-65
-14,-15,-17,-17,22,1148,1062,502,226,198,461,118,-47,47,201,48,-2,-5,77,11,-69,-77,-79,-81,-83,-79,-75,-76,-81,-78,-77,-77,-78,-74,-70,-72,-77,-73,-71,-71,-69,-69,-67,-64,-69,-67,-63,-62,-60,-61
-13,-13,-14,-12,20,1147,1058,498,229,208,464,126,-46,56,195,36,16,12,89,0,-71,-77,-75,-78,-84,-77,-76,-76,-78,-76,-71,-75,-76,-72,-69,-69,-71,-69,-67,-63,-67,-67,-63,-63,-63,-64,-62,-60,-58,-58
-11,-14,-16,-12,22,1145,1054,490,223,222,463,124,-45,77,207,30,26,20,86,-18,-75,-80,-76,-81,-83,-79,-75,-76,-82,-79,-74,-75,-76,-72,-68,-71,-72,-68,-69,-65,-67,-65,-62,-64,-65,-64,-63,-58,-61,-57
-14,-14,-13,-17,22,1140,1056,486,220,229,453,116,-45,98,228,39,35,23,77,-32,-77,-81,-79,-83,-83,-77,-75,-78,-83,-75,-75,-71,-79,-73,-68,-71,-71,-71,-69,-63,-69,-67,-64,-64,-64,-66,-63,-59,-59,-59
-18,-19,-17,-19,19,1139,1048,477,214,232,453,115,-47,125,254,55,31,18,53,-53,-84,-86,-81,-86,-87,-83,-76,-80,-86,-77,-78,-78,-79,-76,-71,-75,-75,-73,-72,-68,-70,-72,-66,-70,-66,-67,-62,-62,-60,-62
-12,-12,-12,-11,20,1128,1037,464,207,246,451,109,-39,169,308,95,24,-4,8,-67,-82,-81,-79,-85,-83,-77,-75,-79,-82,-78,-72,-75,-78,-70,-69,-71,-70,-68,-70,-67,-66,-68,-63,-62,-64,-62,-62,-59,-59,-59
-13,-18,-19,-12,16,1126,1039,472,207,222,429,99,-51,130,261,63,25,3,26,-61,-82,-87,-79,-89,-84,-78,-77,-81,-85,-78,-78,-75,-81,-72,-69,-72,-76,-74,-71,-70,-71,-68,-66,-65,-63,-67,-64,-62,-60,-60
-14,-14,-11,-13,25,1158,1079,540,248,120,411,129,-52,95,290,203,-7,-9,13,-32,-82,-78,-58,-83,-87,-78,-74,-77,-84,-80,-76,-77,-78,-79,-68,-70,-72,-72,-68,-69,-69,-67,-68,-64,-61,-65,-64,-62,-61,-60
-13,-13,-11,-14,30,1148,1079,584,270,157,392,120,-52,-30,229,168,16,-44,35,-10,-68,-80,-78,-84,-82,-76,-73,-69,-81,-79,-73,-72,-74,-74,-68,-71,-74,-70,-69,-64,-66,-67,-62,-62,-63,-66,-59,-58,-60,-60
-15,-16,-17,-15,27,1141,1076,586,269,161,378,109,-55,-22,272,190,6,-57,25,-17,-71,-82,-78,-82,-86,-81,-78,-69,-81,-80,-78,-77,-79,-77,-72,-73,-77,-77,-70,-71,-71,-69,-69,-66,-65,-68,-67,-62,-64,-61
-15,-14,-14,-12,27,1139,1074,583,265,152,387,116,-56,-31,215,151,13,-40,41,-12,-68,-79,-79,-83,-82,-76,-71,-70,-80,-79,-73,-74,-75,-74,-67,-68,-74,-69,-70,-65,-66,-64,-64,-65,-61,-63,-62,-58,-60,-58
-14,-15,-11,-13,26,1141,1074,573,264,151,405,119,-54,-45,152,122,13,-20,55,-5,-64,-81,-78,-84,-83,-76,-74,-76,-80,-77,-74,-74,-75,-71,-66,-68,-72,-69,-66,-63,-65,-64,-60,-60,-62,-61,-61,-60,-58,-59
-13,-14,-15,-16,27,1157,1079,560,261,137,445,132,-53,28,158,126,23,33,63,-37,-82,-83,-80,-86,-83,-77,-75,-75,-81,-81,-78,-77,-78,-73,-69,-71,-72,-70,-68,-65,-69,-66,-64,-63,-62,-65,-65,-61,-60,-59
-15,-14,-12,-14,23,1157,1072,534,247,157,477,140,-49,112,307,186,-5,2,8,-49,-86,-81,-63,-84,-87,-84,-74,-75,-87,-83,-78,-80,-79,-77,-71,-74,-77,-75,-70,-69,-72,-68,-69,-66,-69,-65,-66,-63,-63,-64
-13,-13,-10,-14,25,1159,1066,532,242,162,483,141,-48,116,306,183,-8,-1,6,-47,-85,-81,-60,-84,-89,-83,-76,-76,-83,-79,-77,-76,-81,-75,-68,-69,-77,-77,-73,-71,-71,-71,-66,-66,-68,-67,-65,-63,-61,-63
-13,-14,-16,-16,24,1146,1066,527,241,150,473,140,-50,107,295,181,-9,-3,2,-49,-86,-80,-64,-85,-87,-81,-75,-80,-88,-82,-79,-82,-82,-78,-72,-70,-76,-76,-73,-69,-68,-70,-64,-63,-69,-67,-65,-62,-61,-62
-14,-15,-15,-12,23,1160,1073,536,247,152,463,137,-51,109,315,200,-15,-10,5,-41,-86,-83,-58,-83,-88,-81,-75,-81,-90,-81,-79,-80,-81,-78,-71,-72,-78,-75,-74,-71,-68,-69,-67,-67,-67,-65,-64,-63,-62,-62
-16,-16,-15,-20,23,1155,1072,532,241,153,462,136,-52,97,341,200,-27,-46,2,-34,-84,-82,-56,-80,-90,-81,-76,-81,-89,-82,-81,-78,-82,-78,-76,-77,-79,-80,-76,-72,-73,-74,-67,-69,-68,-73,-67,-66,-64,-63
-12,-12,-10,-13,23,1155,1072,524,239,161,459,135,-47,84,315,164,-26,-48,21,-8,-71,-76,-56,-77,-85,-79,-72,-77,-86,-79,-77,-71,-78,-75,-71,-73,-76,-75,-70,-70,-69,-70,-67,-65,-63,-64,-61,-62,-59,-58
-12,-11,-15,-15,22,1145,1059,507,231,184,463,129,-45,51,250,99,-19,-36,45,6,-64,-71,-68,-82,-84,-77,-74,-76,-83,-78,-76,-76,-78,-75,-68,-69,-75,-73,-70,-66,-68,-66,-66,-62,-66,-65,-62,-59,-59,-58
-14,-14,-14,-15,22,1152,1060,508,233,195,469,135,-45,48,210,65,2,-9,78,16,-64,-75,-73,-79,-84,-79,-76,-76,-81,-78,-72,-74,-79,-75,-69,-69,-76,-73,-68,-66,-70,-66,-65,-63,-65,-65,-64,-62,-62,-61
-16,-11,-13,-16,22,1146,1058,500,227,206,469,128,-46,54,196,40,12,4,82,3,-70,-77,-78,-81,-85,-77,-76,-77,-82,-80,-74,-75,-77,-75,-68,-70,-75,-72,-68,-67,-71,-69,-66,-63,-62,-66,-66,-60,-60,-57
-12,-13,-11,-13,22,1144,1056,497,228,209,466,132,-46,69,197,38,25,15,89,-8,-75,-80,-77,-82,-86,-77,-75,-77,-82,-79,-72,-75,-78,-72,-70,-70,-72,-70,-69,-65,-69,-69,-66,-64,-65,-65,-62,-60,-59,-61
-16,-18,-17,-14,20,1144,1049,489,225,219,460,125,-46,84,209,31,27,22,85,-19,-78,-82,-80,-84,-86,-78,-73,-78,-82,-78,-76,-72,-78,-71,-68,-69,-74,-71,-69,-66,-69,-69,-67,-63,-66,-66,-62,-61,-58,-59
-12,-15,-13,-14,23,1140,1049,489,222,219,456,124,-46,96,222,39,32,24,78,-29,-80,-82,-78,-85,-85,-78,-72,-79,-84,-78,-74,-75,-78,-71,-70,-69,-72,-71,-67,-65,-66,-68,-68,-64,-66,-63,-62,-59,-60,-59
-15,-13,-12,-13,19,1136,1044,480,212,237,463,128,-41,150,280,77,34,15,48,-54,-84,-84,-80,-88,-87,-81,-74,-81,-86,-80,-75,-75,-79,-71,-70,-72,-79,-74,-70,-68,-70,-68,-66,-65,-65,-65,-63,-62,-59,-61
-13,-13,-12,-13,20,1128,1037,476,209,234,440,120,-45,165,302,95,27,-4,23,-63,-86,-83,-81,-85,-85,-78,-73,-79,-82,-79,-72,-76,-79,-71,-69,-70,-75,-72,-68,-64,-69,-66,-62,-62,-61,-64,-61,-58,-59,-61
-15,-17,-16,-15,15,1137,1047,488,214,207,415,110,-50,127,254,65,23,8,56,-51,-82,-85,-80,-87,-84,-81,-76,-80,-85,-78,-76,-76,-79,-75,-75,-71,-76,-72,-70,-69,-67,-70,-63,-67,-68,-66,-63,-61,-62,-63
-13,-13,-10,-13,26,1157,1084,562,246,94,385,133,-49,59,239,202,13,13,46,-27,-82,-82,-74,-88,-85,-78,-77,-78,-82,-80,-75,-72,-78,-72,-71,-70,-74,-75,-70,-66,-68,-68,-61,-63,-62,-62,-64,-60,-61,-63
-14,-12,-12,-12,32,1126,1074,594,256,182,347,113,-48,0,342,258,27,-60,29,-11,-77,-80,-74,-85,-87,-81,-74,-72,-81,-78,-77,-75,-79,-77,-70,-72,-75,-75,-70,-70,-70,-68,-66,-65,-63,-69,-66,-63,-59,-61
-16,-14,-13,-14,28,1108,1068,589,250,186,344,106,-51,2,355,266,26,-62,24,-14,-76,-77,-73,-86,-83,-78,-77,-73,-80,-82,-76,-78,-80,-73,-70,-70,-76,-76,-71,-68,-69,-69,-65,-65,-66,-65,-64,-63,-61,-62
-14,-15,-14,-14,31,1111,1074,591,244,177,340,106,-54,5,328,248,24,-52,38,-9,-75,-82,-72,-84,-84,-78,-74,-71,-84,-80,-75,-75,-79,-75,-70,-70,-74,-74,-70,-67,-70,-67,-63,-63,-64,-66,-61,-64,-59,-61
-15,-13,-18,-18,29,1122,1078,587,243,167,358,114,-55,-9,263,213,19,-36,45,-6,-72,-81,-81,-85,-89,-79,-76,-74,-83,-83,-77,-78,-78,-75,-73,-74,-75,-76,-70,-70,-68,-70,-67,-67,-68,-69,-66,-63,-62,-60
-13,-14,-16,-16,30,1134,1083,579,238,134,386,130,-50,-8,142,154,25,18,75,-3,-67,-77,-72,-82,-85,-76,-70,-79,-80,-80,-74,-77,-75,-71,-69,-70,-71,-72,-65,-68,-65,-62,-58,-59,-63,-63,-61,-59,-58,-59
-15,-15,-13,-11,25,1140,1079,560,230,102,382,131,-48,46,217,205,10,11,53,-28,-81,-81,-77,-85,-84,-77,-74,-78,-82,-80,-73,-77,-79,-71,-68,-72,-71,-71,-67,-64,-64,-64,-62,-62,-61,-66,-62,-61,-60,-58
-11,-14,-13,-13,27,1148,1088,568,240,113,396,138,-49,51,223,205,15,21,57,-27,-83,-82,-74,-87,-85,-80,-73,-76,-83,-79,-75,-75,-77,-70,-69,-71,-72,-74,-71,-69,-64,-65,-64,-64,-63,-63,-62,-61,-62,-63
-13,-15,-15,-15,30,1143,1088,574,232,110,364,134,-48,24,178,187,15,21,68,-19,-77,-81,-73,-85,-84,-78,-74,-74,-83,-78,-72,-74,-76,-72,-67,-68,-71,-71,-65,-70,-63,-66,-62,-61,-62,-64,-63,-59,-57,-63
-13,-15,-13,-13,30,1132,1085,563,226,91,335,126,-45,34,192,193,8,10,59,-23,-79,-81,-78,-86,-84,-77,-75,-75,-83,-79,-70,-76,-75,-73,-67,-70,-69,-67,-64,-67,-67,-66,-62,-63,-65,-62,-58,-58,-57,-59
-15,-19,-17,-13,30,1133,1090,572,211,88,308,132,-42,37,197,220,-1,-5,51,-19,-82,-83,-74,-84,-84,-78,-77,-77,-85,-80,-76,-78,-77,-75,-69,-70,-72,-75,-69,-68,-68,-70,-68,-65,-65,-67,-66,-64,-59,-63
-14,-15,-13,-14,31,1140,1094,567,203,76,297,138,-37,73,282,272,-6,-35,33,-23,-82,-84,-79,-87,-84,-76,-71,-73,-81,-77,-74,-76,-79,-76,-65,-71,-72,-73,-67,-66,-68,-68,-66,-63,-66,-63,-63,-59,-56,-59
-13,-17,-14,-17,32,1132,1095,561,192,76,270,143,-35,64,258,270,7,-24,42,-17,-80,-82,-76,-84,-82,-78,-73,-74,-82,-78,-73,-74,-75,-72,-67,-69,-71,-69,-67,-66,-65,-67,-65,-64,-62,-64,-63,-59,-59,-56
-12,-12,-17,-16,30,1123,1096,554,168,58,241,161,-21,80,299,301,3,-42,17,-36,-82,-78,-75,-82,-82,-75,-73,-74,-81,-76,-77,-75,-78,-69,-67,-68,-72,-71,-66,-67,-63,-65,-63,-62,-63,-62,-65,-59,-58,-56
-15,-16,-17,-17,29,1128,1102,554,168,57,242,172,-19,85,316,299,2,-48,14,-40,-84,-84,-76,-77,-87,-79,-78,-76,-84,-80,-79,-76,-78,-74,-70,-71,-77,-76,-71,-71,-70,-67,-66,-66,-69,-67,-68,-63,-60,-62
-12,-15,-13,-14,31,1130,1101,548,168,55,242,187,-9,96,326,308,7,-53,4,-50,-84,-78,-70,-73,-83,-76,-73,-76,-83,-77,-74,-74,-77,-75,-68,-67,-69,-71,-66,-67,-67,-67,-65,-60,-61,-65,-61,-61,-61,-56
-15,-14,-13,-14,30,1138,1104,551,164,53,253,194,-7,100,353,290,3,-55,-6,-57,-83,-79,-69,-72,-87,-78,-74,-78,-83,-82,-76,-75,-79,-71,-68,-68,-74,-71,-68,-69,-66,-67,-62,-65,-66,-64,-67,-59,-60,-59
-17,-20,-19,-16,29,1135,1096,544,163,43,245,187,-12,95,357,284,5,-57,-10,-61,-89,-79,-72,-82,-84,-79,-78,-85,-83,-82,-77,-77,-80,-74,-72,-70,-76,-75,-68,-66,-72,-68,-67,-65,-66,-68,-66,-63,-61,-65
-11,-12,-11,-15,29,1142,1097,539,167,45,259,200,-9,96,335,234,17,-37,12,-41,-80,-79,-73,-80,-82,-75,-72,-81,-81,-79,-73,-73,-80,-73,-67,-69,-71,-71,-67,-66,-64,-65,-61,-63,-64,-63,-61,-58,-61,-60
-14,-13,-13,-14,29,1143,1100,547,176,52,266,204,0,90,315,213,20,-32,15,-35,-78,-81,-74,-80,-83,-75,-71,-81,-79,-82,-71,-77,-78,-69,-68,-69,-70,-73,-68,-62,-66,-64,-64,-61,-62,-63,-64,-59,-59,-57
-10,-14,-13,-11,35,1122,1101,556,152,86,228,158,-20,25,188,255,7,-18,37,-30,-81,-80,-77,-83,-81,-77,-70,-73,-77,-74,-71,-69,-74,-69,-66,-64,-69,-68,-66,-64,-64,-65,-62,-59,-61,-62,-58,-56,-56,-56
-13,-15,-12,-12,42,1029,1062,557,152,213,170,97,-35,-12,391,386,60,-55,0,-41,-80,-79,-69,-80,-85,-78,-69,-76,-74,-79,-70,-74,-77,-73,-70,-66,-73,-72,-70,-67,-65,-65,-62,-62,-62,-66,-63,-61,-59,-57
-13,-15,-13,-14,40,976,1034,543,153,225,157,79,-40,-40,295,360,79,-32,-6,-28,-59,-68,-55,-61,-80,-72,-73,-76,-78,-76,-71,-71,-76,-66,-64,-62,-69,-69,-68,-64,-64,-59,-59,-60,-61,-61,-59,-58,-54,-57
-14,-11,-15,-14,38,991,1047,552,155,217,152,78,-41,-25,353,383,79,-35,5,-27,-64,-73,-57,-66,-83,-78,-70,-74,-76,-80,-71,-75,-77,-69,-69,-65,-70,-68,-67,-66,-65,-68,-62,-63,-62,-64,-60,-60,-58,-56
-13,-19,-14,-15,37,1011,1059,553,148,195,143,76,-42,-7,412,394,67,-51,2,-45,-83,-81,-70,-82,-84,-77,-72,-77,-77,-80,-75,-78,-79,-76,-71,-70,-71,-72,-71,-68,-68,-69,-65,-63,-63,-68,-67,-63,-62,-61
-17,-16,-14,-16,36,1045,1072,551,144,156,162,81,-44,24,376,331,24,-59,-21,-74,-86,-81,-79,-82,-84,-76,-75,-75,-78,-77,-73,-74,-78,-71,-67,-68,-69,-71,-69,-69,-66,-66,-64,-62,-64,-64,-62,-60,-61,-58
-12,-13,-14,-16,37,1070,1089,552,138,126,168,95,-39,24,232,249,-3,-32,3,-55,-75,-74,-70,-76,-81,-68,-66,-71,-76,-75,-72,-67,-70,-67,-63,-63,-65,-66,-63,-60,-60,-59,-59,-57,-58,-61,-55,-57,-54,-53
-14,-16,-14,-15,37,1073,1077,546,136,116,181,88,-43,12,183,225,-5,-25,7,-54,-74,-73,-76,-81,-75,-66,-68,-69,-74,-69,-64,-69,-69,-68,-62,-63,-64,-62,-62,-61,-61,-60,-58,-56,-59,-58,-57,-55,-54,-53
-12,-13,-12,-16,39,1078,1090,554,147,129,194,101,-41,27,217,239,-6,-27,9,-53,-75,-74,-71,-76,-77,-70,-69,-69,-79,-74,-70,-68,-69,-65,-63,-62,-64,-64,-64,-61,-59,-59,-55,-55,-57,-59,-57,-56,-55,-55
-11,-18,-13,-15,40,1098,1099,559,152,122,216,104,-41,14,163,219,2,-10,35,-37,-74,-72,-67,-72,-79,-70,-67,-67,-75,-71,-67,-68,-68,-70,-62,-62,-66,-67,-63,-61,-62,-63,-61,-55,-59,-59,-58,-54,-55,-53
-13,-12,-12,-11,33,1114,1097,554,161,96,243,117,-40,44,210,251,11,-5,53,-20,-77,-81,-70,-82,-82,-75,-72,-77,-80,-75,-74,-75,-76,-69,-64,-64,-69,-67,-67,-64,-67,-65,-62,-63,-62,-63,-63,-56,-58,-56
-18,-19,-15,-14,30,1126,1102,557,173,79,265,126,-45,81,312,289,8,-33,32,-30,-82,-83,-79,-89,-87,-78,-73,-76,-84,-78,-77,-78,-80,-77,-71,-73,-76,-75,-72,-71,-70,-68,-65,-67,-65,-66,-64,-61,-63,-60
-14,-15,-17,-15,29,1140,1107,555,177,82,289,137,-40,97,373,306,12,-48,24,-39,-90,-84,-79,-88,-89,-81,-77,-78,-85,-78,-78,-77,-81,-77,-71,-75,-76,-76,-71,-70,-71,-73,-67,-65,-70,-70,-67,-64,-64,-63
-9,-13,-13,-11,32,1149,1103,548,188,87,315,147,-42,91,385,277,12,-55,20,-38,-82,-82,-72,-86,-86,-79,-74,-79,-83,-80,-77,-77,-79,-75,-70,-74,-71,-71,-70,-68,-70,-68,-64,-63,-65,-65,-65,-60,-62,-60
-18,-16,-18,-19,25,1152,1097,540,193,94,336,149,-42,80,349,234,12,-52,29,-27,-81,-83,-78,-88,-89,-81,-77,-81,-85,-83,-77,-78,-80,-77,-71,-72,-76,-76,-69,-68,-70,-67,-67,-67,-68,-69,-65,-66,-61,-64
-14,-13,-14,-14,27,1158,1098,544,199,113,355,156,-39,82,293,173,18,-28,59,-2,-73,-82,-81,-88,-88,-77,-77,-78,-85,-81,-73,-78,-79,-76,-69,-72,-74,-73,-69,-66,-70,-69,-65,-61,-66,-62,-63,-61,-60,-59
-16,-17,-18,-16,22,1155,1091,536,198,111,354,148,-40,81,253,138,18,-18,74,5,-71,-83,-82,-89,-88,-81,-78,-80,-87,-80,-75,-78,-80,-74,-71,-73,-76,-76,-71,-69,-72,-69,-68,-67,-67,-70,-68,-65,-62,-60
-14,-17,-17,-16,20,1156,1088,522,200,144,387,146,-48,98,221,91,18,3,96,4,-74,-84,-81,-87,-89,-82,-76,-81,-84,-79,-78,-74,-78,-74,-74,-72,-78,-71,-68,-70,-69,-72,-67,-66,-67,-67,-67,-64,-62,-62
-15,-13,-12,-13,20,1149,1078,517,200,159,385,148,-45,129,235,83,17,1,91,-16,-78,-82,-81,-86,-86,-81,-75,-82,-83,-77,-76,-72,-80,-71,-70,-71,-75,-70,-69,-66,-68,-66,-61,-61,-66,-65,-64,-60,-59,-62
-15,-14,-14,-14,24,1149,1081,513,206,184,386,143,-46,161,280,106,12,1,75,-32,-79,-84,-80,-89,-86,-79,-68,-76,-83,-77,-75,-76,-78,-74,-67,-72,-74,-73,-68,-67,-68,-67,-63,-63,-69,-65,-62,-59,-59,-59
-17,-16,-17,-17,22,1155,1085,535,208,117,371,151,-45,65,283,177,10,-32,57,2,-76,-82,-78,-88,-90,-81,-76,-80,-86,-82,-77,-79,-78,-77,-74,-72,-77,-75,-72,-73,-73,-70,-68,-64,-66,-69,-66,-63,-62,-65
-13,-14,-15,-12,28,1131,1096,577,217,138,334,119,-49,-4,220,207,16,-15,50,-13,-68,-78,-77,-83,-84,-76,-76,-70,-80,-80,-73,-71,-77,-69,-67,-72,-75,-70,-65,-65,-68,-65,-64,-61,-64,-63,-60,-61,-58,-60
-13,-14,-12,-14,34,1094,1074,589,224,213,316,92,-50,2,398,326,47,-62,15,-26,-81,-78,-69,-85,-86,-80,-75,-77,-82,-81,-78,-76,-80,-74,-71,-72,-77,-74,-70,-70,-69,-69,-64,-64,-67,-66,-67,-63,-64,-59
-14,-13,-17,-14,34,1109,1081,588,225,196,332,100,-51,5,374,297,33,-62,23,-23,-79,-81,-70,-85,-84,-82,-75,-70,-84,-82,-78,-77,-83,-73,-73,-71,-78,-73,-70,-67,-71,-70,-66,-64,-65,-68,-66,-62,-61,-63
-14,-14,-13,-14,35,1117,1084,580,225,183,363,114,-52,-4,312,246,24,-46,35,-18,-76,-81,-72,-87,-84,-77,-75,-70,-83,-80,-76,-77,-79,-74,-70,-70,-77,-70,-70,-70,-67,-68,-63,-63,-65,-66,-63,-61,-60,-61
-19,-18,-17,-17,31,1128,1086,578,224,167,398,130,-54,-13,185,177,16,-19,55,-6,-67,-79,-77,-87,-87,-78,-78,-76,-84,-79,-77,-78,-82,-74,-72,-72,-77,-74,-70,-67,-70,-70,-67,-66,-66,-67,-67,-60,-63,-64
-12,-15,-13,-12,32,1144,1088,560,216,156,445,152,-47,55,225,217,25,10,57,-30,-84,-83,-70,-86,-88,-81,-78,-80,-86,-81,-80,-78,-79,-76,-71,-73,-79,-75,-72,-69,-70,-68,-66,-64,-64,-68,-64,-62,-59,-63
-19,-13,-17,-17,24,1148,1086,556,211,154,458,155,-54,80,281,245,19,-9,32,-45,-88,-88,-78,-90,-91,-83,-78,-82,-90,-84,-81,-79,-83,-78,-76,-76,-82,-78,-76,-72,-75,-72,-71,-68,-70,-69,-68,-65,-66,-62
-17,-16,-18,-17,25,1150,1082,546,216,155,463,160,-50,85,294,247,16,-7,28,-43,-90,-84,-77,-91,-93,-84,-77,-80,-89,-82,-79,-79,-83,-77,-77,-76,-81,-78,-77,-74,-72,-74,-68,-66,-70,-70,-68,-65,-60,-65
-14,-14,-13,-13,27,1144,1077,546,214,149,452,153,-50,85,292,244,12,-10,28,-44,-86,-83,-76,-88,-88,-83,-78,-79,-84,-78,-78,-79,-82,-74,-74,-72,-80,-74,-71,-71,-72,-69,-66,-63,-68,-67,-63,-61,-61,-61
-15,-19,-16,-18,25,1156,1090,549,216,155,464,161,-49,93,358,265,3,-41,5,-50,-91,-87,-75,-88,-92,-84,-79,-79,-88,-83,-79,-80,-85,-80,-74,-76,-82,-81,-75,-76,-75,-72,-70,-70,-71,-71,-71,-68,-63,-65
-14,-14,-11,-12,24,1157,1089,539,217,156,458,157,-49,92,373,244,-5,-61,15,-34,-83,-82,-66,-82,-89,-83,-73,-80,-86,-81,-79,-80,-83,-74,-71,-71,-76,-79,-71,-70,-69,-68,-69,-66,-67,-68,-66,-65,-62,-62
-13,-14,-16,-13,24,1157,1085,529,218,165,454,149,-49,74,320,183,-2,-48,40,0,-73,-80,-69,-80,-88,-80,-72,-80,-84,-81,-78,-79,-80,-71,-71,-72,-78,-77,-72,-69,-71,-69,-69,-64,-67,-66,-65,-60,-63,-61
-16,-14,-18,-15,24,1152,1075,514,210,195,467,148,-49,73,233,92,14,-13,85,16,-69,-81,-81,-88,-88,-80,-77,-80,-84,-81,-78,-76,-80,-74,-73,-73,-78,-71,-71,-67,-68,-68,-63,-63,-66,-68,-62,-64,-62,-61
-15,-13,-12,-14,24,1151,1071,514,212,212,478,148,-49,89,223,67,27,10,101,7,-71,-83,-81,-83,-87,-80,-78,-82,-85,-78,-73,-76,-80,-72,-72,-71,-76,-75,-69,-70,-68,-66,-66,-67,-66,-66,-66,-64,-61,-61
-15,-16,-18,-18,20,1152,1068,507,208,225,475,146,-48,121,238,61,29,15,92,-19,-82,-86,-84,-89,-90,-83,-78,-85,-90,-81,-79,-78,-84,-78,-75,-78,-77,-76,-75,-71,-74,-74,-67,-72,-71,-68,-68,-65,-65,-65
-15,-14,-14,-18,16,1142,1051,483,200,235,472,138,-49,141,265,75,28,11,77,-38,-84,-86,-84,-89,-89,-82,-78,-83,-89,-79,-78,-79,-80,-73,-72,-77,-78,-75,-68,-73,-72,-70,-68,-67,-68,-69,-66,-64,-64,-64
-12,-13,-13,-17,21,1148,1059,490,206,253,489,144,-45,174,299,91,27,5,64,-51,-85,-85,-84,-91,-87,-83,-78,-83,-86,-82,-77,-78,-82,-76,-74,-73,-79,-79,-75,-71,-71,-70,-68,-64,-68,-68,-66,-62,-63,-62
-13,-12,-12,-14,23,1146,1054,481,206,269,497,147,-40,198,346,124,21,-10,25,-64,-89,-84,-81,-89,-89,-82,-76,-79,-84,-81,-79,-80,-82,-73,-74,-73,-80,-76,-73,-73,-71,-71,-66,-66,-66,-68,-65,-62,-63,-63
-18,-17,-18,-18,17,1138,1045,477,201,274,481,135,-39,208,356,139,2,-27,4,-70,-91,-87,-82,-88,-89,-82,-79,-81,-85,-81,-79,-82,-81,-78,-75,-75,-77,-76,-74,-75,-75,-74,-70,-69,-69,-71,-69,-66,-66,-69
-15,-15,-12,-14,18,1136,1048,485,204,237,462,137,-48,161,289,89,26,3,60,-53,-86,-83,-83,-88,-87,-80,-74,-80,-86,-76,-72,-80,-80,-72,-73,-75,-75,-75,-68,-67,-69,-68,-65,-64,-68,-69,-63,-64,-60,-63
-19,-16,-15,-17,25,1165,1087,546,229,133,449,155,-53,84,292,240,7,-5,38,-33,-87,-84,-71,-91,-90,-85,-79,-82,-88,-83,-81,-80,-85,-79,-76,-77,-79,-78,-75,-72,-72,-73,-69,-69,-70,-72,-68,-64,-64,-67
-11,-13,-14,-13,29,1146,1083,580,245,173,426,136,-52,-25,240,187,20,-40,48,-7,-68,-81,-79,-84,-85,-77,-76,-75,-83,-79,-80,-77,-76,-75,-72,-69,-75,-72,-70,-65,-67,-67,-66,-63,-67,-66,-62,-61,-61,-60
-13,-14,-11,-15,29,1146,1085,589,248,180,416,133,-50,-22,243,184,20,-41,44,-1,-67,-81,-80,-86,-85,-79,-78,-72,-83,-80,-77,-76,-80,-77,-71,-70,-72,-75,-72,-69,-69,-67,-64,-64,-66,-66,-65,-61,-62,-60
-16,-13,-14,-12,27,1142,1084,576,242,160,421,135,-53,-28,173,150,16,-14,63,-5,-65,-82,-82,-86,-87,-77,-78,-81,-84,-78,-78,-74,-78,-72,-68,-70,-78,-73,-70,-63,-70,-65,-62,-59,-62,-63,-63,-60,-62,-59
-12,-14,-13,-13,29,1153,1092,573,243,166,446,146,-50,-20,142,139,23,4,73,2,-65,-79,-75,-82,-86,-76,-76,-80,-83,-79,-77,-75,-76,-71,-70,-70,-72,-74,-68,-67,-68,-68,-64,-65,-64,-66,-63,-62,-59,-60
-12,-13,-14,-14,24,1167,1088,560,240,158,474,160,-51,86,281,221,13,9,39,-42,-87,-83,-75,-89,-92,-80,-77,-77,-88,-82,-78,-76,-83,-77,-74,-74,-78,-77,-73,-70,-71,-71,-67,-69,-69,-68,-66,-64,-63,-63
-15,-13,-12,-13,24,1158,1077,535,227,167,480,155,-49,105,352,234,-12,-44,4,-43,-90,-84,-63,-86,-91,-83,-78,-82,-90,-82,-80,-77,-83,-77,-75,-76,-82,-76,-77,-75,-75,-70,-66,-67,-69,-69,-68,-64,-63,-65
-15,-17,-15,-13,24,1165,1079,535,229,182,508,163,-47,107,359,231,-12,-44,4,-45,-88,-83,-58,-83,-90,-81,-75,-82,-88,-81,-76,-79,-81,-78,-72,-73,-78,-78,-73,-72,-74,-75,-67,-68,-69,-69,-67,-64,-63,-64
-15,-18,-11,-16,25,1163,1083,535,227,178,499,162,-48,106,362,236,-14,-43,5,-39,-85,-85,-61,-83,-90,-83,-73,-82,-91,-81,-79,-76,-82,-77,-73,-75,-79,-78,-72,-70,-74,-72,-68,-68,-69,-71,-68,-62,-62,-61
-15,-16,-15,-17,17,1160,1076,530,231,173,485,158,-49,96,353,217,-22,-53,5,-31,-84,-83,-62,-80,-90,-85,-75,-81,-88,-83,-79,-79,-81,-80,-77,-76,-80,-77,-75,-72,-75,-74,-70,-70,-69,-72,-68,-65,-66,-66
-13,-14,-10,-13,21,1151,1072,521,219,168,465,151,-50,75,313,177,-17,-51,29,-3,-73,-77,-68,-82,-87,-78,-73,-79,-85,-80,-75,-78,-81,-73,-73,-70,-77,-76,-72,-69,-69,-71,-66,-65,-66,-68,-66,-61,-58,-65
-13,-14,-14,-11,25,1161,1073,519,224,183,470,152,-47,63,274,133,-6,-36,59,12,-66,-78,-72,-83,-87,-80,-73,-77,-83,-79,-79,-77,-82,-72,-72,-70,-76,-75,-70,-70,-68,-69,-68,-64,-65,-68,-63,-63,-61,-62
-10,-15,-17,-14,20,1157,1072,513,219,203,468,152,-46,74,221,79,16,-4,91,17,-70,-81,-82,-84,-88,-79,-78,-81,-85,-81,-72,-76,-81,-73,-72,-70,-76,-70,-70,-68,-70,-66,-66,-62,-66,-67,-63,-62,-62,-59
-14,-13,-15,-17,18,1153,1064,506,217,209,465,139,-49,90,216,55,24,16,98,-3,-77,-84,-84,-90,-89,-80,-79,-83,-88,-82,-79,-77,-81,-78,-75,-75,-76,-76,-74,-71,-74,-72,-68,-68,-67,-68,-65,-60,-67,-63
-15,-16,-18,-18,20,1145,1061,496,206,213,458,137,-51,118,235,63,28,11,89,-27,-82,-87,-83,-92,-88,-82,-79,-85,-87,-82,-78,-77,-79,-76,-74,-76,-78,-75,-70,-72,-69,-72,-67,-65,-68,-67,-66,-63,-63,-63
-14,-11,-14,-12,19,1147,1058,496,211,229,458,137,-46,153,277,86,31,13,77,-39,-82,-83,-80,-85,-85,-78,-71,-78,-85,-78,-74,-72,-76,-74,-68,-70,-76,-75,-68,-71,-68,-66,-66,-61,-65,-64,-62,-58,-61,-56
-15,-13,-12,-16,17,1146,1060,499,212,229,451,134,-48,154,288,87,27,9,71,-43,-83,-87,-80,-88,-89,-81,-74,-78,-83,-79,-76,-78,-80,-74,-70,-75,-73,-74,-71,-69,-67,-69,-66,-64,-65,-69,-63,-60,-60,-62
-11,-14,-14,-15,18,1144,1052,486,207,246,459,135,-43,188,337,124,16,-8,27,-61,-87,-85,-81,-86,-86,-79,-74,-80,-81,-80,-78,-79,-81,-74,-70,-70,-76,-73,-70,-68,-68,-67,-66,-62,-65,-68,-66,-63,-62,-61
-12,-13,-13,-15,18,1137,1047,477,199,258,448,126,-43,200,352,146,-1,-26,6,-65,-91,-84,-82,-87,-86,-79,-77,-81,-82,-81,-76,-79,-81,-74,-70,-69,-76,-77,-68,-69,-70,-66,-65,-62,-65,-66,-64,-62,-61,-61
-14,-16,-11,-16,22,1159,1070,513,220,179,434,136,-46,55,235,110,1,-19,72,17,-69,-77,-75,-82,-86,-79,-72,-77,-83,-77,-75,-78,-76,-73,-69,-69,-74,-76,-67,-66,-65,-69,-66,-66,-64,-66,-63,-61,-62,-62
-15,-14,-16,-16,26,1159,1090,567,246,125,410,136,-50,-4,147,150,27,22,75,-15,-70,-82,-78,-81,-87,-78,-75,-80,-82,-80,-71,-76,-77,-71,-68,-69,-73,-70,-67,-68,-61,-63,-65,-61,-63,-61,-62,-61,-60,-58
-15,-14,-12,-16,28,1151,1092,588,248,169,413,136,-50,-22,243,190,21,-38,50,0,-66,-80,-80,-87,-84,-78,-76,-75,-86,-82,-74,-77,-78,-75,-70,-70,-77,-73,-69,-67,-70,-69,-66,-66,-66,-65,-62,-60,-63,-62
-13,-17,-15,-17,29,1151,1091,578,244,158,407,128,-52,-26,186,161,17,-17,61,-1,-65,-82,-80,-87,-88,-78,-77,-79,-84,-79,-79,-77,-80,-76,-72,-71,-76,-76,-70,-70,-71,-69,-68,-65,-66,-69,-68,-63,-65,-63
-13,-12,-15,-11,28,1149,1088,573,242,150,423,138,-50,-22,148,147,24,1,76,0,-63,-77,-73,-83,-86,-79,-77,-80,-83,-76,-76,-72,-75,-73,-69,-69,-71,-73,-68,-65,-66,-67,-64,-61,-65,-65,-63,-59,-58,-57
-18,-17,-19,-14,25,1159,1091,558,237,139,446,147,-52,45,209,189,18,21,60,-31,-85,-84,-78,-89,-91,-81,-77,-80,-85,-81,-78,-83,-84,-78,-74,-74,-78,-77,-73,-74,-74,-72,-68,-69,-70,-68,-67,-68,-66,-64
-10,-15,-13,-15,26,1164,1085,544,233,162,477,157,-47,102,350,244,-3,-33,11,-43,-86,-83,-61,-83,-89,-83,-74,-81,-88,-80,-79,-77,-81,-79,-74,-73,-79,-76,-74,-69,-74,-70,-66,-65,-65,-69,-67,-63,-63,-63
-13,-14,-14,-13,22,1157,1077,530,226,159,474,152,-49,99,353,231,-20,-50,6,-40,-84,-83,-64,-84,-88,-81,-74,-81,-85,-80,-76,-75,-80,-74,-72,-72,-78,-76,-71,-70,-73,-68,-65,-65,-69,-70,-65,-62,-64,-61
-19,-19,-17,-18,21,1157,1076,531,225,158,471,149,-51,99,350,232,-19,-46,5,-41,-91,-87,-66,-85,-91,-83,-74,-82,-90,-83,-82,-79,-82,-79,-73,-76,-79,-79,-73,-77,-73,-73,-70,-69,-73,-72,-66,-64,-63,-66
-19,-19,-16,-20,21,1162,1083,531,227,162,468,146,-51,98,353,226,-22,-52,9,-28,-86,-85,-62,-82,-91,-81,-77,-83,-89,-83,-82,-78,-84,-80,-75,-77,-81,-80,-76,-72,-74,-75,-69,-70,-69,-69,-69,-69,-67,-65
-12,-14,-11,-14,21,1162,1080,524,228,184,478,149,-47,80,316,181,-20,-48,33,4,-73,-74,-67,-80,-86,-81,-73,-79,-84,-80,-78,-75,-80,-77,-74,-72,-77,-78,-70,-66,-67,-69,-66,-62,-66,-68,-67,-64,-61,-61
-17,-13,-16,-12,17,1160,1072,516,223,197,477,139,-44,58,247,103,-4,-23,66,24,-64,-77,-76,-83,-87,-80,-75,-78,-82,-80,-77,-78,-78,-76,-71,-74,-76,-73,-70,-69,-67,-69,-66,-64,-68,-66,-65,-61,-62,-59
-11,-13,-15,-13,23,1162,1066,508,224,222,475,137,-47,66,212,60,19,14,94,16,-68,-81,-79,-82,-86,-80,-78,-77,-82,-79,-76,-75,-78,-73,-69,-71,-71,-73,-67,-65,-67,-68,-67,-63,-65,-64,-62,-61,-61,-61
-12,-13,-16,-18,19,1154,1059,491,217,240,488,134,-44,100,236,50,35,27,93,-19,-78,-84,-78,-85,-85,-80,-77,-79,-86,-80,-78,-74,-80,-75,-71,-76,-78,-74,-69,-68,-71,-65,-66,-65,-66,-66,-65,-61,-61,-61
-12,-13,-10,-11,18,1145,1053,485,214,253,489,135,-46,131,266,66,40,25,83,-38,-82,-85,-77,-89,-88,-81,-75,-83,-85,-78,-72,-76,-81,-75,-71,-77,-74,-75,-69,-68,-67,-70,-66,-63,-66,-66,-64,-66,-63,-60
-16,-19,-16,-15,14,1143,1053,484,208,246,468,129,-50,138,278,75,33,17,66,-42,-89,-85,-82,-91,-88,-81,-75,-84,-85,-82,-78,-77,-82,-75,-70,-76,-77,-76,-71,-71,-72,-70,-69,-67,-68,-69,-68,-64,-63,-64
-10,-13,-14,-13,17,1142,1048,482,211,262,475,130,-42,172,320,102,35,11,46,-57,-84,-82,-78,-89,-88,-81,-72,-81,-83,-79,-79,-72,-80,-74,-71,-70,-75,-72,-70,-69,-70,-67,-65,-64,-65,-67,-65,-61,-62,-61
-12,-17,-14,-17,17,1135,1045,472,205,265,460,121,-41,190,342,126,17,-9,16,-68,-89,-84,-80,-86,-87,-82,-76,-83,-84,-81,-79,-78,-83,-77,-74,-76,-77,-77,-71,-70,-70,-70,-68,-68,-67,-68,-65,-63,-64,-63
-13,-15,-11,-14,21,1139,1046,482,209,244,449,122,-45,161,299,91,29,10,54,-52,-83,-83,-78,-86,-86,-81,-69,-81,-83,-77,-74,-71,-80,-76,-69,-70,-73,-73,-69,-70,-71,-70,-65,-64,-65,-64,-63,-63,-61,-61
-19,-17,-16,-18,21,1160,1079,530,230,144,450,138,-50,98,331,235,-20,-36,10,-29,-88,-82,-55,-82,-91,-83,-76,-82,-89,-82,-81,-80,-82,-80,-72,-76,-80,-76,-73,-69,-72,-71,-72,-67,-69,-68,-67,-63,-66,-65
-10,-14,-14,-15,27,1162,1092,580,253,143,418,136,-52,-39,168,145,21,-16,63,-5,-62,-78,-78,-83,-85,-76,-76,-75,-83,-80,-73,-73,-77,-75,-69,-69,-70,-72,-69,-63,-67,-67,-62,-63,-65,-67,-61,-62,-59,-58
-16,-19,-17,-19,25,1153,1087,576,249,148,406,125,-55,-36,192,147,17,-33,48,-11,-66,-81,-80,-88,-85,-78,-77,-77,-85,-79,-77,-76,-77,-77,-72,-73,-76,-76,-70,-69,-70,-68,-64,-64,-67,-67,-63,-61,-61,-62
-13,-13,-13,-13,34,1161,1090,575,255,154,448,143,-52,-31,136,121,25,-1,71,-4,-62,-79,-73,-81,-85,-74,-76,-79,-82,-78,-74,-72,-76,-71,-68,-69,-71,-69,-68,-64,-68,-66,-65,-62,-65,-64,-61,-59,-59,-59
-11,-14,-10,-12,25,1167,1091,565,252,163,480,152,-49,13,150,130,26,22,71,-26,-78,-81,-75,-82,-84,-78,-72,-78,-82,-80,-73,-75,-77,-75,-69,-71,-72,-70,-69,-68,-69,-69,-62,-62,-65,-63,-65,-60,-58,-59
-14,-10,-11,-12,24,1166,1076,530,240,189,522,159,-46,116,325,208,-11,-14,8,-48,-89,-82,-61,-83,-88,-81,-75,-72,-85,-83,-76,-80,-79,-76,-71,-74,-78,-75,-71,-70,-71,-70,-67,-65,-66,-69,-64,-62,-63,-64
-15,-13,-13,-11,19,1156,1065,513,229,202,517,155,-43,103,335,188,-32,-53,-4,-36,-81,-78,-54,-82,-86,-82,-71,-82,-89,-82,-79,-74,-82,-75,-65,-74,-77,-77,-67,-69,-70,-71,-68,-64,-69,-67,-65,-64,-62,-59
-13,-14,-15,-12,26,1161,1070,522,232,191,516,160,-45,118,344,205,-22,-33,0,-41,-85,-76,-53,-82,-89,-81,-74,-78,-88,-82,-79,-78,-83,-79,-71,-72,-77,-78,-71,-67,-69,-69,-69,-63,-66,-70,-64,-62,-61,-62
-11,-14,-14,-13,23,1164,1071,522,234,201,521,159,-45,114,343,198,-29,-41,2,-41,-87,-80,-51,-82,-84,-82,-74,-79,-84,-81,-78,-79,-80,-80,-70,-75,-77,-75,-73,-71,-71,-70,-66,-63,-66,-70,-64,-63,-63,-62
-13,-14,-10,-13,22,1159,1070,516,232,204,513,153,-40,92,330,180,-32,-51,14,-19,-78,-74,-52,-80,-87,-81,-72,-80,-85,-79,-79,-78,-80,-78,-70,-72,-75,-77,-71,-68,-69,-66,-67,-64,-65,-64,-66,-63,-62,-63
-16,-13,-11,-13,21,1148,1060,503,221,214,503,141,-45,57,259,104,-25,-36,42,8,-68,-77,-70,-83,-85,-77,-74,-82,-84,-80,-77,-74,-78,-75,-71,-71,-74,-71,-70,-67,-70,-69,-66,-64,-65,-66,-63,-62,-59,-61
-14,-14,-15,-13,23,1156,1060,497,223,229,499,144,-44,55,215,59,5,1,81,17,-67,-80,-75,-82,-86,-78,-76,-73,-83,-78,-72,-77,-77,-75,-68,-70,-76,-70,-68,-66,-70,-67,-66,-65,-65,-66,-64,-62,-61,-58
-18,-18,-17,-17,15,1145,1051,483,212,242,502,135,-47,61,209,37,16,16,89,0,-74,-84,-83,-82,-89,-82,-83,-80,-86,-82,-78,-81,-82,-77,-76,-75,-77,-76,-74,-70,-75,-74,-67,-68,-68,-67,-67,-65,-63,-65
-16,-15,-12,-13,21,1144,1046,482,212,256,501,135,-44,115,255,59,40,28,88,-26,-79,-83,-77,-86,-87,-83,-73,-80,-83,-81,-78,-78,-79,-74,-70,-73,-75,-72,-67,-68,-70,-68,-66,-64,-66,-66,-64,-60,-60,-61
-17,-17,-17,-18,14,1134,1042,475,206,251,480,125,-45,120,264,61,32,20,67,-48,-84,-87,-80,-91,-88,-82,-79,-82,-85,-78,-78,-81,-83,-78,-72,-76,-77,-76,-72,-72,-72,-71,-66,-64,-67,-67,-65,-62,-65,-62
-13,-14,-13,-13,19,1138,1041,475,208,267,488,133,-44,150,301,87,40,23,56,-50,-84,-82,-75,-87,-86,-80,-70,-79,-83,-78,-77,-75,-81,-74,-69,-73,-74,-73,-70,-69,-70,-69,-65,-64,-64,-66,-62,-63,-61,-59
-11,-13,-13,-11,17,1133,1035,469,204,285,493,133,-34,191,338,114,33,8,22,-66,-88,-85,-79,-91,-87,-79,-75,-80,-83,-79,-78,-79,-82,-79,-68,-73,-78,-76,-72,-67,-70,-68,-66,-65,-66,-67,-64,-60,-61,-62
-14,-13,-16,-11,13,1122,1027,459,195,284,478,126,-35,198,351,127,17,-11,3,-69,-88,-82,-81,-87,-88,-78,-73,-82,-83,-79,-76,-79,-79,-75,-67,-72,-75,-72,-70,-70,-70,-66,-63,-65,-68,-66,-65,-62,-59,-58
-16,-17,-16,-19,21,1149,1058,492,220,218,463,126,-46,41,196,52,6,5,79,9,-73,-79,-79,-81,-88,-80,-78,-79,-83,-80,-74,-76,-79,-78,-72,-72,-77,-74,-70,-67,-70,-68,-64,-64,-67,-67,-64,-64,-63,-62
-10,-13,-12,-12,22,1169,1088,557,251,142,464,147,-50,23,167,137,33,25,68,-29,-79,-78,-78,-86,-85,-79,-74,-76,-82,-81,-77,-75,-76,-75,-66,-70,-73,-70,-70,-67,-68,-66,-66,-62,-64,-66,-63,-61,-58,-60
-10,-15,-12,-14,31,1157,1089,585,262,172,440,136,-53,-36,229,167,21,-43,42,-4,-65,-80,-78,-83,-83,-78,-76,-69,-82,-79,-73,-73,-78,-74,-67,-70,-72,-73,-70,-67,-66,-70,-64,-61,-64,-66,-61,-58,-58,-60
-16,-13,-14,-14,27,1156,1085,576,259,159,432,131,-54,-48,171,128,14,-31,46,-8,-65,-77,-78,-87,-84,-77,-74,-71,-82,-78,-75,-71,-76,-71,-68,-70,-71,-69,-70,-68,-66,-66,-63,-62,-64,-64,-61,-60,-59,-59
-13,-12,-11,-16,26,1164,1086,568,263,169,474,150,-51,-42,127,102,23,-4,66,0,-63,-78,-80,-83,-84,-74,-73,-77,-83,-77,-72,-72,-78,-73,-68,-71,-73,-69,-68,-65,-66,-66,-62,-62,-63,-62,-63,-59,-58,-61
-13,-13,-15,-16,27,1167,1080,554,258,192,528,166,-48,46,173,119,21,24,62,-41,-83,-82,-76,-84,-88,-81,-69,-75,-82,-80,-75,-77,-80,-78,-75,-71,-73,-73,-67,-68,-70,-69,-67,-64,-64,-66,-65,-59,-60,-62
-13,-13,-16,-11,23,1164,1072,527,243,215,551,170,-45,127,324,184,-18,-16,-2,-58,-88,-80,-55,-83,-91,-82,-79,-72,-86,-81,-79,-80,-83,-81,-69,-74,-79,-78,-74,-69,-74,-71,-66,-68,-67,-70,-68,-64,-63,-64
-18,-14,-14,-17,17,1157,1064,514,238,217,560,168,-46,117,324,169,-31,-34,-15,-57,-91,-80,-53,-86,-92,-84,-76,-78,-89,-84,-81,-82,-85,-79,-74,-75,-80,-78,-74,-74,-76,-73,-69,-67,-70,-71,-70,-65,-67,-68
-13,-15,-14,-13,22,1159,1065,509,236,225,563,168,-42,118,317,155,-31,-37,-21,-56,-90,-81,-50,-82,-90,-80,-77,-75,-87,-81,-78,-82,-81,-78,-67,-73,-78,-78,-71,-70,-72,-65,-65,-68,-67,-68,-65,-65,-64,-64
-17,-18,-14,-18,19,1159,1061,511,234,228,557,158,-43,102,314,153,-35,-47,-12,-45,-89,-81,-52,-82,-91,-80,-79,-80,-90,-83,-76,-81,-83,-78,-72,-72,-79,-79,-71,-71,-76,-70,-68,-70,-70,-70,-67,-65,-65,-64
-15,-11,-12,-13,20,1154,1061,507,234,227,528,152,-39,79,289,124,-36,-47,14,-11,-69,-68,-53,-81,-85,-78,-72,-81,-85,-78,-76,-73,-80,-74,-71,-70,-74,-73,-68,-70,-72,-69,-67,-64,-67,-64,-64,-62,-62,-59
-14,-13,-10,-13,21,1154,1054,494,230,238,526,144,-37,51,232,70,-23,-24,52,12,-62,-68,-69,-80,-85,-80,-79,-81,-83,-78,-74,-73,-79,-76,-70,-72,-73,-73,-71,-68,-69,-70,-64,-64,-64,-65,-62,-60,-61,-61
-13,-15,-14,-16,17,1142,1048,479,215,246,517,134,-41,42,196,28,2,5,71,-1,-75,-78,-79,-83,-86,-80,-77,-81,-83,-81,-75,-78,-78,-74,-69,-73,-76,-75,-69,-70,-71,-71,-68,-66,-67,-67,-67,-60,-60,-62
-13,-13,-14,-13,16,1143,1045,481,220,264,522,139,-39,70,216,25,24,28,86,-10,-78,-81,-77,-80,-84,-80,-77,-78,-83,-79,-73,-78,-81,-75,-71,-76,-74,-75,-68,-66,-67,-67,-68,-64,-64,-66,-63,-62,-61,-62
-14,-15,-13,-13,18,1140,1038,473,215,261,512,134,-39,83,225,27,34,32,81,-25,-81,-83,-76,-84,-85,-80,-77,-77,-82,-78,-72,-79,-80,-73,-69,-71,-75,-76,-67,-66,-67,-66,-66,-66,-62,-65,-64,-61,-60,-59
-15,-11,-9,-15,18,1138,1038,466,211,277,518,140,-37,126,264,47,45,30,64,-46,-83,-84,-74,-85,-86,-81,-78,-78,-83,-79,-73,-78,-79,-74,-68,-73,-74,-71,-68,-70,-69,-68,-65,-62,-66,-68,-63,-59,-61,-63
-18,-21,-18,-15,12,1130,1025,455,206,279,518,134,-38,142,281,60,41,25,38,-61,-86,-86,-79,-90,-86,-82,-77,-80,-87,-79,-77,-77,-80,-78,-74,-75,-79,-76,-71,-71,-73,-70,-67,-65,-66,-69,-63,-63,-66,-62
-11,-15,-12,-15,17,1130,1021,451,205,314,551,153,-25,184,315,74,46,21,23,-69,-91,-85,-80,-91,-86,-77,-76,-82,-85,-80,-81,-79,-80,-77,-72,-75,-78,-74,-70,-71,-73,-68,-66,-66,-66,-69,-65,-65,-62,-62
-14,-13,-11,-13,15,1109,1006,436,192,319,544,154,-21,203,332,93,28,11,-5,-75,-86,-83,-80,-92,-86,-79,-78,-84,-83,-81,-78,-78,-82,-76,-69,-71,-78,-74,-70,-70,-71,-67,-67,-64,-68,-67,-62,-63,-62,-63
-16,-14,-12,-13,15,1134,1030,461,206,279,531,149,-36,87,226,26,29,32,75,-32,-82,-83,-75,-81,-85,-78,-79,-77,-84,-80,-74,-78,-80,-75,-66,-73,-73,-71,-69,-66,-68,-68,-66,-66,-64,-67,-64,-60,-58,-60
-12,-13,-14,-12,22,1166,1068,532,253,182,523,158,-47,76,201,128,26,26,45,-46,-85,-81,-75,-88,-89,-80,-75,-75,-83,-81,-77,-77,-78,-77,-74,-73,-75,-74,-70,-68,-71,-70,-66,-66,-65,-69,-65,-64,-62,-60
-8,-13,-12,-15,26,1167,1081,571,271,213,529,164,-47,-57,168,100,4,-52,18,-16,-64,-79,-80,-83,-84,-78,-75,-76,-83,-76,-76,-74,-76,-75,-69,-70,-71,-73,-67,-66,-66,-68,-64,-63,-63,-66,-62,-62,-58,-59
-17,-18,-14,-18,25,1169,1075,569,272,209,521,157,-49,-56,168,98,-3,-58,16,-21,-68,-80,-80,-86,-87,-81,-78,-79,-88,-80,-76,-77,-78,-75,-69,-71,-75,-74,-68,-70,-71,-69,-67,-63,-67,-68,-62,-62,-62,-61
-13,-13,-15,-13,25,1161,1070,566,266,204,520,160,-49,-60,122,76,-1,-41,35,-13,-62,-78,-79,-83,-83,-75,-74,-78,-82,-78,-73,-72,-77,-72,-68,-69,-73,-71,-66,-63,-67,-63,-63,-64,-62,-63,-60,-58,-58,-59
-12,-13,-14,-15,25,1168,1073,558,265,219,562,178,-47,-14,99,55,11,-7,59,-20,-64,-78,-82,-83,-84,-79,-71,-75,-81,-80,-75,-74,-75,-74,-71,-71,-74,-73,-69,-65,-69,-66,-63,-62,-60,-64,-63,-60,-57,-59
-12,-13,-12,-13,22,1167,1072,535,254,229,600,193,-41,110,253,135,4,16,26,-59,-91,-80,-68,-86,-90,-83,-78,-71,-83,-82,-77,-80,-82,-81,-75,-76,-77,-78,-70,-70,-72,-70,-69,-66,-67,-69,-69,-63,-63,-65
-17,-17,-13,-15,18,1157,1060,515,233,240,603,190,-42,124,293,141,-28,-28,-24,-70,-93,-81,-57,-82,-94,-88,-79,-76,-87,-85,-78,-81,-85,-81,-71,-77,-81,-78,-78,-72,-76,-75,-73,-69,-74,-74,-67,-65,-65,-65
-13,-13,-15,-11,21,1164,1061,516,245,247,614,197,-39,134,304,147,-22,-19,-18,-66,-89,-79,-51,-81,-87,-83,-75,-69,-86,-85,-76,-80,-85,-79,-69,-74,-78,-77,-74,-70,-73,-71,-68,-67,-68,-69,-66,-64,-63,-63
-14,-15,-12,-11,18,1158,1058,513,242,251,618,192,-38,136,302,134,-25,-22,-23,-68,-90,-78,-47,-77,-86,-80,-77,-73,-84,-82,-77,-81,-82,-78,-70,-71,-80,-75,-72,-70,-74,-73,-65,-67,-68,-70,-65,-63,-62,-66
-16,-19,-17,-18,17,1155,1050,494,233,270,624,189,-32,101,283,97,-52,-58,-34,-59,-88,-81,-49,-81,-93,-81,-75,-80,-87,-83,-80,-79,-85,-79,-73,-76,-80,-79,-74,-71,-75,-75,-72,-68,-69,-71,-67,-63,-64,-66
-18,-18,-18,-18,15,1153,1046,485,223,270,607,180,-35,65,243,61,-55,-60,-10,-34,-79,-75,-61,-84,-88,-81,-79,-83,-88,-83,-79,-81,-83,-76,-70,-73,-77,-78,-73,-69,-72,-75,-71,-69,-68,-73,-68,-65,-63,-68
-12,-13,-13,-15,19,1153,1041,482,228,284,606,182,-26,50,209,24,-41,-36,37,-5,-66,-67,-65,-81,-86,-79,-74,-80,-83,-80,-77,-79,-81,-76,-71,-71,-75,-73,-70,-68,-72,-68,-64,-64,-66,-65,-63,-59,-61,-59
-15,-18,-16,-15,17,1146,1041,472,217,297,605,180,-29,52,192,3,-19,-8,62,-7,-76,-78,-76,-83,-90,-81,-81,-82,-87,-81,-77,-79,-81,-79,-71,-76,-79,-77,-75,-69,-70,-70,-67,-70,-69,-69,-65,-64,-64,-65
-16,-13,-12,-13,17,1143,1034,467,218,300,595,175,-28,68,206,6,2,12,74,-9,-78,-77,-78,-83,-86,-80,-76,-80,-83,-80,-75,-78,-78,-75,-67,-69,-75,-75,-68,-67,-72,-67,-65,-68,-66,-66,-64,-62,-62,-59
-12,-15,-14,-14,17,1129,1023,452,208,302,579,169,-28,104,239,20,26,27,69,-38,-83,-83,-79,-87,-85,-80,-76,-77,-84,-79,-75,-76,-79,-76,-73,-75,-78,-73,-68,-70,-71,-66,-66,-63,-69,-65,-63,-61,-60,-62
-13,-13,-12,-11,18,1131,1027,454,205,316,584,168,-24,141,277,43,40,33,56,-52,-87,-84,-79,-90,-89,-82,-76,-81,-84,-81,-78,-79,-81,-73,-73,-75,-78,-75,-70,-70,-70,-70,-68,-64,-68,-68,-65,-63,-62,-65
-12,-14,-12,-12,12,1124,1018,444,201,324,586,168,-20,170,296,54,40,31,37,-66,-89,-85,-78,-93,-88,-83,-78,-81,-85,-79,-77,-82,-82,-76,-71,-75,-79,-72,-70,-72,-71,-72,-65,-66,-64,-67,-64,-62,-63,-64
-14,-12,-11,-12,14,1111,1005,427,189,338,589,177,-14,204,321,66,30,13,2,-78,-91,-85,-81,-95,-86,-82,-80,-85,-85,-80,-79,-79,-84,-76,-75,-76,-75,-75,-72,-72,-74,-71,-66,-66,-69,-66,-66,-60,-61,-58
-17,-21,-17,-19,14,1110,1006,431,188,346,583,174,-12,221,336,79,22,7,-9,-80,-92,-86,-81,-95,-92,-82,-80,-87,-91,-82,-81,-81,-83,-78,-74,-76,-81,-78,-76,-74,-77,-72,-73,-67,-72,-74,-68,-66,-64,-66
-12,-13,-11,-13,17,1141,1039,469,213,283,586,172,-31,41,196,28,-35,-30,43,-4,-67,-66,-65,-79,-85,-78,-76,-81,-83,-77,-73,-75,-80,-77,-68,-74,-76,-72,-68,-69,-69,-69,-63,-62,-64,-66,-63,-59,-61,-59
